厂别,备件类型,设备类型,膜层,制程,寿命规格,站点,机台号-腔室,参数名称
Array,Target,PVD,MO（M1/M2/M3）,Mo DEPO,41000KWH,1K200,3AFS01-SPU-PM5,%TRGTLIFE%_G_MAX
Array,Target,PVD,MO（M1/M2/M3）,Mo DEPO,41000KWH,1K200,3AFS01-SPU-PM6,%TRGTLIFE%_G_MAX
Array,Target,PVD,MO（M1/M2/M3）,Mo DEPO,41000KWH,1K200,3AFS02-SPU-PM4,%TRGTLIFE%_G_MAX
Array,Target,PVD,MO（M1/M2/M3）,Mo DEPO,41000KWH,1K200,3AFS09-SPU-PM3,%TRGTLIFE%_G_MAX
Array,Target,PVD,MO（M1/M2/M3）,Mo DEPO,41000KWH,1K200,3AFS09-SPU-PM4,%TRGTLIFE%_G_MAX
Array,Target,PVD,MO（M1/M2/M3）,Mo DEPO,41000KWH,1K200,3AFS10-SPU-PM3,%TRGTLIFE%_G_MAX
Array,Target,PVD,MO（M1/M2/M3）,Mo DEPO,41000KWH,1K200,3AFS10-SPU-PM4,%TRGTLIFE%_G_MAX
Array,Target,PVD,MO（M1/M2/M3）,Mo DEPO,41000KWH,1K200,3AFS12-SPU-PM4,%TRGTLIFE%_G_MAX
Array,Target,PVD,MO（M1/M2/M3）,Mo DEPO,41000KWH,1K200,3AFS12-SPU-PM5,%TRGTLIFE%_G_MAX
Array,Target,PVD,MO（M1/M2/M3）,Mo DEPO,41000KWH,12200.0,3AFS01-SPU-PM5,%TRGTLIFE%_G_MAX
Array,Target,PVD,MO（M1/M2/M3）,Mo DEPO,41000KWH,12200.0,3AFS01-SPU-PM6,%TRGTLIFE%_G_MAX
Array,Target,PVD,MO（M1/M2/M3）,Mo DEPO,41000KWH,12200.0,3AFS02-SPU-PM4,%TRGTLIFE%_G_MAX
Array,Target,PVD,MO（M1/M2/M3）,Mo DEPO,41000KWH,12200.0,3AFS09-SPU-PM3,%TRGTLIFE%_G_MAX
Array,Target,PVD,MO（M1/M2/M3）,Mo DEPO,41000KWH,12200.0,3AFS09-SPU-PM4,%TRGTLIFE%_G_MAX
Array,Target,PVD,MO（M1/M2/M3）,Mo DEPO,41000KWH,12200.0,3AFS10-SPU-PM3,%TRGTLIFE%_G_MAX
Array,Target,PVD,MO（M1/M2/M3）,Mo DEPO,41000KWH,12200.0,3AFS10-SPU-PM4,%TRGTLIFE%_G_MAX
Array,Target,PVD,MO（M1/M2/M3）,Mo DEPO,41000KWH,12200.0,3AFS12-SPU-PM4,%TRGTLIFE%_G_MAX
Array,Target,PVD,MO（M1/M2/M3）,Mo DEPO,41000KWH,12200.0,3AFS12-SPU-PM5,%TRGTLIFE%_G_MAX
Array,Target,PVD,MO（M1/M2/M3）,Mo DEPO,41000KWH,13200.0,3AFS01-SPU-PM5,%TRGTLIFE%_G_MAX
Array,Target,PVD,MO（M1/M2/M3）,Mo DEPO,41000KWH,13200.0,3AFS01-SPU-PM6,%TRGTLIFE%_G_MAX
Array,Target,PVD,MO（M1/M2/M3）,Mo DEPO,41000KWH,13200.0,3AFS02-SPU-PM4,%TRGTLIFE%_G_MAX
Array,Target,PVD,MO（M1/M2/M3）,Mo DEPO,41000KWH,13200.0,3AFS09-SPU-PM3,%TRGTLIFE%_G_MAX
Array,Target,PVD,MO（M1/M2/M3）,Mo DEPO,41000KWH,13200.0,3AFS09-SPU-PM4,%TRGTLIFE%_G_MAX
Array,Target,PVD,MO（M1/M2/M3）,Mo DEPO,41000KWH,13200.0,3AFS10-SPU-PM3,%TRGTLIFE%_G_MAX
Array,Target,PVD,MO（M1/M2/M3）,Mo DEPO,41000KWH,13200.0,3AFS10-SPU-PM4,%TRGTLIFE%_G_MAX
Array,Target,PVD,MO（M1/M2/M3）,Mo DEPO,41000KWH,13200.0,3AFS12-SPU-PM4,%TRGTLIFE%_G_MAX
Array,Target,PVD,MO（M1/M2/M3）,Mo DEPO,41000KWH,13200.0,3AFS12-SPU-PM5,%TRGTLIFE%_G_MAX
Array,Mask,PVD,MO（M1/M2/M3）,Mo DEPO,21000KWH,1K200,3AFS01-SPU-PM5,%MASKLIFE%_G_MAX
Array,Mask,PVD,MO（M1/M2/M3）,Mo DEPO,21000KWH,1K200,3AFS01-SPU-PM6,%MASKLIFE%_G_MAX
Array,Mask,PVD,MO（M1/M2/M3）,Mo DEPO,21000KWH,1K200,3AFS02-SPU-PM4,%MASKLIFE%_G_MAX
Array,Mask,PVD,MO（M1/M2/M3）,Mo DEPO,21000KWH,1K200,3AFS09-SPU-PM3,%MASKLIFE%_G_MAX
Array,Mask,PVD,MO（M1/M2/M3）,Mo DEPO,21000KWH,1K200,3AFS09-SPU-PM4,%MASKLIFE%_G_MAX
Array,Mask,PVD,MO（M1/M2/M3）,Mo DEPO,21000KWH,1K200,3AFS10-SPU-PM3,%MASKLIFE%_G_MAX
Array,Mask,PVD,MO（M1/M2/M3）,Mo DEPO,21000KWH,1K200,3AFS10-SPU-PM4,%MASKLIFE%_G_MAX
Array,Mask,PVD,MO（M1/M2/M3）,Mo DEPO,21000KWH,1K200,3AFS12-SPU-PM4,%MASKLIFE%_G_MAX
Array,Mask,PVD,MO（M1/M2/M3）,Mo DEPO,21000KWH,1K200,3AFS12-SPU-PM5,%MASKLIFE%_G_MAX
Array,Mask,PVD,MO（M1/M2/M3）,Mo DEPO,21000KWH,12200.0,3AFS01-SPU-PM5,%MASKLIFE%_G_MAX
Array,Mask,PVD,MO（M1/M2/M3）,Mo DEPO,21000KWH,12200.0,3AFS01-SPU-PM6,%MASKLIFE%_G_MAX
Array,Mask,PVD,MO（M1/M2/M3）,Mo DEPO,21000KWH,12200.0,3AFS02-SPU-PM4,%MASKLIFE%_G_MAX
Array,Mask,PVD,MO（M1/M2/M3）,Mo DEPO,21000KWH,12200.0,3AFS09-SPU-PM3,%MASKLIFE%_G_MAX
Array,Mask,PVD,MO（M1/M2/M3）,Mo DEPO,21000KWH,12200.0,3AFS09-SPU-PM4,%MASKLIFE%_G_MAX
Array,Mask,PVD,MO（M1/M2/M3）,Mo DEPO,21000KWH,12200.0,3AFS10-SPU-PM3,%MASKLIFE%_G_MAX
Array,Mask,PVD,MO（M1/M2/M3）,Mo DEPO,21000KWH,12200.0,3AFS10-SPU-PM4,%MASKLIFE%_G_MAX
Array,Mask,PVD,MO（M1/M2/M3）,Mo DEPO,21000KWH,12200.0,3AFS12-SPU-PM4,%MASKLIFE%_G_MAX
Array,Mask,PVD,MO（M1/M2/M3）,Mo DEPO,21000KWH,12200.0,3AFS12-SPU-PM5,%MASKLIFE%_G_MAX
Array,Mask,PVD,MO（M1/M2/M3）,Mo DEPO,21000KWH,13200.0,3AFS01-SPU-PM5,%MASKLIFE%_G_MAX
Array,Mask,PVD,MO（M1/M2/M3）,Mo DEPO,21000KWH,13200.0,3AFS01-SPU-PM6,%MASKLIFE%_G_MAX
Array,Mask,PVD,MO（M1/M2/M3）,Mo DEPO,21000KWH,13200.0,3AFS02-SPU-PM4,%MASKLIFE%_G_MAX
Array,Mask,PVD,MO（M1/M2/M3）,Mo DEPO,21000KWH,13200.0,3AFS09-SPU-PM3,%MASKLIFE%_G_MAX
Array,Mask,PVD,MO（M1/M2/M3）,Mo DEPO,21000KWH,13200.0,3AFS09-SPU-PM4,%MASKLIFE%_G_MAX
Array,Mask,PVD,MO（M1/M2/M3）,Mo DEPO,21000KWH,13200.0,3AFS10-SPU-PM3,%MASKLIFE%_G_MAX
Array,Mask,PVD,MO（M1/M2/M3）,Mo DEPO,21000KWH,13200.0,3AFS10-SPU-PM4,%MASKLIFE%_G_MAX
Array,Mask,PVD,MO（M1/M2/M3）,Mo DEPO,21000KWH,13200.0,3AFS12-SPU-PM4,%MASKLIFE%_G_MAX
Array,Mask,PVD,MO（M1/M2/M3）,Mo DEPO,21000KWH,13200.0,3AFS12-SPU-PM5,%MASKLIFE%_G_MAX
Array,Target,PVD,TI（SD1),M2 DEPO,43000KWH,15200.0,3AFS03-SPU-PM3,%TRGTLIFE%_G_MAX
Array,Target,PVD,TI（SD1),M2 DEPO,43000KWH,15200.0,3AFS03-SPU-PM6,%TRGTLIFE%_G_MAX
Array,Target,PVD,TI（SD1),M2 DEPO,43000KWH,15200.0,3AFS04-SPU-PM3,%TRGTLIFE%_G_MAX
Array,Target,PVD,TI（SD1),M2 DEPO,43000KWH,15200.0,3AFS04-SPU-PM6,%TRGTLIFE%_G_MAX
Array,Target,PVD,TI（SD1),M2 DEPO,43000KWH,15200.0,3AFS05-SPU-PM3,%TRGTLIFE%_G_MAX
Array,Target,PVD,TI（SD1),M2 DEPO,43000KWH,15200.0,3AFS05-SPU-PM6,%TRGTLIFE%_G_MAX
Array,Target,PVD,TI（SD1),M2 DEPO,43000KWH,15200.0,3AFS11-SPU-PM3,%TRGTLIFE%_G_MAX
Array,Target,PVD,TI（SD1),M2 DEPO,43000KWH,15200.0,3AFS11-SPU-PM6,%TRGTLIFE%_G_MAX
Array,Target,PVD,TI（SD1),M2 DEPO,43000KWH,18200.0,3AFS03-SPU-PM3,%TRGTLIFE%_G_MAX
Array,Target,PVD,TI（SD1),M2 DEPO,43000KWH,18200.0,3AFS03-SPU-PM6,%TRGTLIFE%_G_MAX
Array,Target,PVD,TI（SD1),M2 DEPO,43000KWH,18200.0,3AFS04-SPU-PM3,%TRGTLIFE%_G_MAX
Array,Target,PVD,TI（SD1),M2 DEPO,43000KWH,18200.0,3AFS04-SPU-PM6,%TRGTLIFE%_G_MAX
Array,Target,PVD,TI（SD1),M2 DEPO,43000KWH,18200.0,3AFS05-SPU-PM3,%TRGTLIFE%_G_MAX
Array,Target,PVD,TI（SD1),M2 DEPO,43000KWH,18200.0,3AFS05-SPU-PM6,%TRGTLIFE%_G_MAX
Array,Target,PVD,TI（SD1),M2 DEPO,43000KWH,18200.0,3AFS11-SPU-PM3,%TRGTLIFE%_G_MAX
Array,Target,PVD,TI（SD1),M2 DEPO,43000KWH,18200.0,3AFS11-SPU-PM6,%TRGTLIFE%_G_MAX
Array,Target,PVD,TI（SD1),M2 DEPO,43000KWH,1T200,3AFS03-SPU-PM3,%TRGTLIFE%_G_MAX
Array,Target,PVD,TI（SD1),M2 DEPO,43000KWH,1T200,3AFS03-SPU-PM6,%TRGTLIFE%_G_MAX
Array,Target,PVD,TI（SD1),M2 DEPO,43000KWH,1T200,3AFS04-SPU-PM3,%TRGTLIFE%_G_MAX
Array,Target,PVD,TI（SD1),M2 DEPO,43000KWH,1T200,3AFS04-SPU-PM6,%TRGTLIFE%_G_MAX
Array,Target,PVD,TI（SD1),M2 DEPO,43000KWH,1T200,3AFS05-SPU-PM3,%TRGTLIFE%_G_MAX
Array,Target,PVD,TI（SD1),M2 DEPO,43000KWH,1T200,3AFS05-SPU-PM6,%TRGTLIFE%_G_MAX
Array,Target,PVD,TI（SD1),M2 DEPO,43000KWH,1T200,3AFS11-SPU-PM3,%TRGTLIFE%_G_MAX
Array,Target,PVD,TI（SD1),M2 DEPO,43000KWH,1T200,3AFS11-SPU-PM6,%TRGTLIFE%_G_MAX
Array,Mask,PVD,TI(SD1),M2 DEPO,22000KWH,15200.0,3AFS03-SPU-PM3,%MASKLIFE%_G_MAX
Array,Mask,PVD,TI(SD1),M2 DEPO,22000KWH,15200.0,3AFS03-SPU-PM6,%MASKLIFE%_G_MAX
Array,Mask,PVD,TI(SD1),M2 DEPO,22000KWH,15200.0,3AFS04-SPU-PM3,%MASKLIFE%_G_MAX
Array,Mask,PVD,TI(SD1),M2 DEPO,22000KWH,15200.0,3AFS04-SPU-PM6,%MASKLIFE%_G_MAX
Array,Mask,PVD,TI(SD1),M2 DEPO,22000KWH,15200.0,3AFS05-SPU-PM3,%MASKLIFE%_G_MAX
Array,Mask,PVD,TI(SD1),M2 DEPO,22000KWH,15200.0,3AFS05-SPU-PM6,%MASKLIFE%_G_MAX
Array,Mask,PVD,TI(SD1),M2 DEPO,22000KWH,15200.0,3AFS11-SPU-PM3,%MASKLIFE%_G_MAX
Array,Mask,PVD,TI(SD1),M2 DEPO,22000KWH,15200.0,3AFS11-SPU-PM6,%MASKLIFE%_G_MAX
Array,Mask,PVD,TI(SD1),M2 DEPO,22000KWH,18200.0,3AFS03-SPU-PM3,%MASKLIFE%_G_MAX
Array,Mask,PVD,TI(SD1),M2 DEPO,22000KWH,18200.0,3AFS03-SPU-PM6,%MASKLIFE%_G_MAX
Array,Mask,PVD,TI(SD1),M2 DEPO,22000KWH,18200.0,3AFS04-SPU-PM3,%MASKLIFE%_G_MAX
Array,Mask,PVD,TI(SD1),M2 DEPO,22000KWH,18200.0,3AFS04-SPU-PM6,%MASKLIFE%_G_MAX
Array,Mask,PVD,TI(SD1),M2 DEPO,22000KWH,18200.0,3AFS05-SPU-PM3,%MASKLIFE%_G_MAX
Array,Mask,PVD,TI(SD1),M2 DEPO,22000KWH,18200.0,3AFS05-SPU-PM6,%MASKLIFE%_G_MAX
Array,Mask,PVD,TI(SD1),M2 DEPO,22000KWH,18200.0,3AFS11-SPU-PM3,%MASKLIFE%_G_MAX
Array,Mask,PVD,TI(SD1),M2 DEPO,22000KWH,18200.0,3AFS11-SPU-PM6,%MASKLIFE%_G_MAX
Array,Mask,PVD,TI(SD1),M2 DEPO,22000KWH,1T200,3AFS03-SPU-PM3,%MASKLIFE%_G_MAX
Array,Mask,PVD,TI(SD1),M2 DEPO,22000KWH,1T200,3AFS03-SPU-PM6,%MASKLIFE%_G_MAX
Array,Mask,PVD,TI(SD1),M2 DEPO,22000KWH,1T200,3AFS04-SPU-PM3,%MASKLIFE%_G_MAX
Array,Mask,PVD,TI(SD1),M2 DEPO,22000KWH,1T200,3AFS04-SPU-PM6,%MASKLIFE%_G_MAX
Array,Mask,PVD,TI(SD1),M2 DEPO,22000KWH,1T200,3AFS05-SPU-PM3,%MASKLIFE%_G_MAX
Array,Mask,PVD,TI(SD1),M2 DEPO,22000KWH,1T200,3AFS05-SPU-PM6,%MASKLIFE%_G_MAX
Array,Mask,PVD,TI(SD1),M2 DEPO,22000KWH,1T200,3AFS11-SPU-PM3,%MASKLIFE%_G_MAX
Array,Mask,PVD,TI(SD1),M2 DEPO,22000KWH,1T200,3AFS11-SPU-PM6,%MASKLIFE%_G_MAX
Array,Target,PVD,AI(SD1),M2 DEPO,41000KWH,15200.0,3AFS03-SPU-PM4,%TRGTLIFE%_G_MAX
Array,Target,PVD,AI(SD1),M2 DEPO,41000KWH,15200.0,3AFS03-SPU-PM5,%TRGTLIFE%_G_MAX
Array,Target,PVD,AI(SD1),M2 DEPO,41000KWH,15200.0,3AFS04-SPU-PM4,%TRGTLIFE%_G_MAX
Array,Target,PVD,AI(SD1),M2 DEPO,41000KWH,15200.0,3AFS04-SPU-PM5,%TRGTLIFE%_G_MAX
Array,Target,PVD,AI(SD1),M2 DEPO,41000KWH,15200.0,3AFS05-SPU-PM4,%TRGTLIFE%_G_MAX
Array,Target,PVD,AI(SD1),M2 DEPO,41000KWH,15200.0,3AFS05-SPU-PM5,%TRGTLIFE%_G_MAX
Array,Target,PVD,AI(SD1),M2 DEPO,41000KWH,15200.0,3AFS11-SPU-PM4,%TRGTLIFE%_G_MAX
Array,Target,PVD,AI(SD1),M2 DEPO,41000KWH,15200.0,3AFS11-SPU-PM5,%TRGTLIFE%_G_MAX
Array,Target,PVD,AI(SD1),M2 DEPO,41000KWH,18200.0,3AFS03-SPU-PM4,%TRGTLIFE%_G_MAX
Array,Target,PVD,AI(SD1),M2 DEPO,41000KWH,18200.0,3AFS03-SPU-PM5,%TRGTLIFE%_G_MAX
Array,Target,PVD,AI(SD1),M2 DEPO,41000KWH,18200.0,3AFS04-SPU-PM4,%TRGTLIFE%_G_MAX
Array,Target,PVD,AI(SD1),M2 DEPO,41000KWH,18200.0,3AFS04-SPU-PM5,%TRGTLIFE%_G_MAX
Array,Target,PVD,AI(SD1),M2 DEPO,41000KWH,18200.0,3AFS05-SPU-PM4,%TRGTLIFE%_G_MAX
Array,Target,PVD,AI(SD1),M2 DEPO,41000KWH,18200.0,3AFS05-SPU-PM5,%TRGTLIFE%_G_MAX
Array,Target,PVD,AI(SD1),M2 DEPO,41000KWH,18200.0,3AFS11-SPU-PM4,%TRGTLIFE%_G_MAX
Array,Target,PVD,AI(SD1),M2 DEPO,41000KWH,18200.0,3AFS11-SPU-PM5,%TRGTLIFE%_G_MAX
Array,Target,PVD,AI(SD1),M2 DEPO,41000KWH,1T200,3AFS03-SPU-PM4,%TRGTLIFE%_G_MAX
Array,Target,PVD,AI(SD1),M2 DEPO,41000KWH,1T200,3AFS03-SPU-PM5,%TRGTLIFE%_G_MAX
Array,Target,PVD,AI(SD1),M2 DEPO,41000KWH,1T200,3AFS04-SPU-PM4,%TRGTLIFE%_G_MAX
Array,Target,PVD,AI(SD1),M2 DEPO,41000KWH,1T200,3AFS04-SPU-PM5,%TRGTLIFE%_G_MAX
Array,Target,PVD,AI(SD1),M2 DEPO,41000KWH,1T200,3AFS05-SPU-PM4,%TRGTLIFE%_G_MAX
Array,Target,PVD,AI(SD1),M2 DEPO,41000KWH,1T200,3AFS05-SPU-PM5,%TRGTLIFE%_G_MAX
Array,Target,PVD,AI(SD1),M2 DEPO,41000KWH,1T200,3AFS11-SPU-PM4,%TRGTLIFE%_G_MAX
Array,Target,PVD,AI(SD1),M2 DEPO,41000KWH,1T200,3AFS11-SPU-PM5,%TRGTLIFE%_G_MAX
Array,Mask,PVD,AI(SD1),M2 DEPO,41000KWH,15200.0,3AFS03-SPU-PM4,%MASKLIFE%_G_MAX
Array,Mask,PVD,AI(SD1),M2 DEPO,41000KWH,15200.0,3AFS03-SPU-PM5,%MASKLIFE%_G_MAX
Array,Mask,PVD,AI(SD1),M2 DEPO,41000KWH,15200.0,3AFS04-SPU-PM4,%MASKLIFE%_G_MAX
Array,Mask,PVD,AI(SD1),M2 DEPO,41000KWH,15200.0,3AFS04-SPU-PM5,%MASKLIFE%_G_MAX
Array,Mask,PVD,AI(SD1),M2 DEPO,41000KWH,15200.0,3AFS05-SPU-PM4,%MASKLIFE%_G_MAX
Array,Mask,PVD,AI(SD1),M2 DEPO,41000KWH,15200.0,3AFS05-SPU-PM5,%MASKLIFE%_G_MAX
Array,Mask,PVD,AI(SD1),M2 DEPO,41000KWH,15200.0,3AFS11-SPU-PM4,%MASKLIFE%_G_MAX
Array,Mask,PVD,AI(SD1),M2 DEPO,41000KWH,15200.0,3AFS11-SPU-PM5,%MASKLIFE%_G_MAX
Array,Mask,PVD,AI(SD1),M2 DEPO,41000KWH,18200.0,3AFS03-SPU-PM4,%MASKLIFE%_G_MAX
Array,Mask,PVD,AI(SD1),M2 DEPO,41000KWH,18200.0,3AFS03-SPU-PM5,%MASKLIFE%_G_MAX
Array,Mask,PVD,AI(SD1),M2 DEPO,41000KWH,18200.0,3AFS04-SPU-PM4,%MASKLIFE%_G_MAX
Array,Mask,PVD,AI(SD1),M2 DEPO,41000KWH,18200.0,3AFS04-SPU-PM5,%MASKLIFE%_G_MAX
Array,Mask,PVD,AI(SD1),M2 DEPO,41000KWH,18200.0,3AFS05-SPU-PM4,%MASKLIFE%_G_MAX
Array,Mask,PVD,AI(SD1),M2 DEPO,41000KWH,18200.0,3AFS05-SPU-PM5,%MASKLIFE%_G_MAX
Array,Mask,PVD,AI(SD1),M2 DEPO,41000KWH,18200.0,3AFS11-SPU-PM4,%MASKLIFE%_G_MAX
Array,Mask,PVD,AI(SD1),M2 DEPO,41000KWH,18200.0,3AFS11-SPU-PM5,%MASKLIFE%_G_MAX
Array,Mask,PVD,AI(SD1),M2 DEPO,41000KWH,1T200,3AFS03-SPU-PM4,%MASKLIFE%_G_MAX
Array,Mask,PVD,AI(SD1),M2 DEPO,41000KWH,1T200,3AFS03-SPU-PM5,%MASKLIFE%_G_MAX
Array,Mask,PVD,AI(SD1),M2 DEPO,41000KWH,1T200,3AFS04-SPU-PM4,%MASKLIFE%_G_MAX
Array,Mask,PVD,AI(SD1),M2 DEPO,41000KWH,1T200,3AFS04-SPU-PM5,%MASKLIFE%_G_MAX
Array,Mask,PVD,AI(SD1),M2 DEPO,41000KWH,1T200,3AFS05-SPU-PM4,%MASKLIFE%_G_MAX
Array,Mask,PVD,AI(SD1),M2 DEPO,41000KWH,1T200,3AFS05-SPU-PM5,%MASKLIFE%_G_MAX
Array,Mask,PVD,AI(SD1),M2 DEPO,41000KWH,1T200,3AFS11-SPU-PM4,%MASKLIFE%_G_MAX
Array,Mask,PVD,AI(SD1),M2 DEPO,41000KWH,1T200,3AFS11-SPU-PM5,%MASKLIFE%_G_MAX
Array,Target,PVD,TI（SD2),M3 DEPO,43000KWH,15200.0,3AFS03-SPU-PM3,%TRGTLIFE%_G_MAX
Array,Target,PVD,TI（SD2),M3 DEPO,43000KWH,15200.0,3AFS03-SPU-PM6,%TRGTLIFE%_G_MAX
Array,Target,PVD,TI（SD2),M3 DEPO,43000KWH,15200.0,3AFS04-SPU-PM3,%TRGTLIFE%_G_MAX
Array,Target,PVD,TI（SD2),M3 DEPO,43000KWH,15200.0,3AFS04-SPU-PM6,%TRGTLIFE%_G_MAX
Array,Target,PVD,TI（SD2),M3 DEPO,43000KWH,15200.0,3AFS05-SPU-PM3,%TRGTLIFE%_G_MAX
Array,Target,PVD,TI（SD2),M3 DEPO,43000KWH,15200.0,3AFS05-SPU-PM6,%TRGTLIFE%_G_MAX
Array,Target,PVD,TI（SD2),M3 DEPO,43000KWH,15200.0,3AFS11-SPU-PM3,%TRGTLIFE%_G_MAX
Array,Target,PVD,TI（SD2),M3 DEPO,43000KWH,15200.0,3AFS11-SPU-PM6,%TRGTLIFE%_G_MAX
Array,Target,PVD,TI（SD2),M3 DEPO,43000KWH,18200.0,3AFS03-SPU-PM3,%TRGTLIFE%_G_MAX
Array,Target,PVD,TI（SD2),M3 DEPO,43000KWH,18200.0,3AFS03-SPU-PM6,%TRGTLIFE%_G_MAX
Array,Target,PVD,TI（SD2),M3 DEPO,43000KWH,18200.0,3AFS04-SPU-PM3,%TRGTLIFE%_G_MAX
Array,Target,PVD,TI（SD2),M3 DEPO,43000KWH,18200.0,3AFS04-SPU-PM6,%TRGTLIFE%_G_MAX
Array,Target,PVD,TI（SD2),M3 DEPO,43000KWH,18200.0,3AFS05-SPU-PM3,%TRGTLIFE%_G_MAX
Array,Target,PVD,TI（SD2),M3 DEPO,43000KWH,18200.0,3AFS05-SPU-PM6,%TRGTLIFE%_G_MAX
Array,Target,PVD,TI（SD2),M3 DEPO,43000KWH,18200.0,3AFS11-SPU-PM3,%TRGTLIFE%_G_MAX
Array,Target,PVD,TI（SD2),M3 DEPO,43000KWH,18200.0,3AFS11-SPU-PM6,%TRGTLIFE%_G_MAX
Array,Target,PVD,TI（SD2),M3 DEPO,43000KWH,1T200,3AFS03-SPU-PM3,%TRGTLIFE%_G_MAX
Array,Target,PVD,TI（SD2),M3 DEPO,43000KWH,1T200,3AFS03-SPU-PM6,%TRGTLIFE%_G_MAX
Array,Target,PVD,TI（SD2),M3 DEPO,43000KWH,1T200,3AFS04-SPU-PM3,%TRGTLIFE%_G_MAX
Array,Target,PVD,TI（SD2),M3 DEPO,43000KWH,1T200,3AFS04-SPU-PM6,%TRGTLIFE%_G_MAX
Array,Target,PVD,TI（SD2),M3 DEPO,43000KWH,1T200,3AFS05-SPU-PM3,%TRGTLIFE%_G_MAX
Array,Target,PVD,TI（SD2),M3 DEPO,43000KWH,1T200,3AFS05-SPU-PM6,%TRGTLIFE%_G_MAX
Array,Target,PVD,TI（SD2),M3 DEPO,43000KWH,1T200,3AFS11-SPU-PM3,%TRGTLIFE%_G_MAX
Array,Target,PVD,TI（SD2),M3 DEPO,43000KWH,1T200,3AFS11-SPU-PM6,%TRGTLIFE%_G_MAX
Array,Mask,PVD,TI(SD2),M3 DEPO,22000KWH,15200.0,3AFS03-SPU-PM3,%MASKLIFE%_G_MAX
Array,Mask,PVD,TI(SD2),M3 DEPO,22000KWH,15200.0,3AFS03-SPU-PM6,%MASKLIFE%_G_MAX
Array,Mask,PVD,TI(SD2),M3 DEPO,22000KWH,15200.0,3AFS04-SPU-PM3,%MASKLIFE%_G_MAX
Array,Mask,PVD,TI(SD2),M3 DEPO,22000KWH,15200.0,3AFS04-SPU-PM6,%MASKLIFE%_G_MAX
Array,Mask,PVD,TI(SD2),M3 DEPO,22000KWH,15200.0,3AFS05-SPU-PM3,%MASKLIFE%_G_MAX
Array,Mask,PVD,TI(SD2),M3 DEPO,22000KWH,15200.0,3AFS05-SPU-PM6,%MASKLIFE%_G_MAX
Array,Mask,PVD,TI(SD2),M3 DEPO,22000KWH,15200.0,3AFS11-SPU-PM3,%MASKLIFE%_G_MAX
Array,Mask,PVD,TI(SD2),M3 DEPO,22000KWH,15200.0,3AFS11-SPU-PM6,%MASKLIFE%_G_MAX
Array,Mask,PVD,TI(SD2),M3 DEPO,22000KWH,18200.0,3AFS03-SPU-PM3,%MASKLIFE%_G_MAX
Array,Mask,PVD,TI(SD2),M3 DEPO,22000KWH,18200.0,3AFS03-SPU-PM6,%MASKLIFE%_G_MAX
Array,Mask,PVD,TI(SD2),M3 DEPO,22000KWH,18200.0,3AFS04-SPU-PM3,%MASKLIFE%_G_MAX
Array,Mask,PVD,TI(SD2),M3 DEPO,22000KWH,18200.0,3AFS04-SPU-PM6,%MASKLIFE%_G_MAX
Array,Mask,PVD,TI(SD2),M3 DEPO,22000KWH,18200.0,3AFS05-SPU-PM3,%MASKLIFE%_G_MAX
Array,Mask,PVD,TI(SD2),M3 DEPO,22000KWH,18200.0,3AFS05-SPU-PM6,%MASKLIFE%_G_MAX
Array,Mask,PVD,TI(SD2),M3 DEPO,22000KWH,18200.0,3AFS11-SPU-PM3,%MASKLIFE%_G_MAX
Array,Mask,PVD,TI(SD2),M3 DEPO,22000KWH,18200.0,3AFS11-SPU-PM6,%MASKLIFE%_G_MAX
Array,Mask,PVD,TI(SD2),M3 DEPO,22000KWH,1T200,3AFS03-SPU-PM3,%MASKLIFE%_G_MAX
Array,Mask,PVD,TI(SD2),M3 DEPO,22000KWH,1T200,3AFS03-SPU-PM6,%MASKLIFE%_G_MAX
Array,Mask,PVD,TI(SD2),M3 DEPO,22000KWH,1T200,3AFS04-SPU-PM3,%MASKLIFE%_G_MAX
Array,Mask,PVD,TI(SD2),M3 DEPO,22000KWH,1T200,3AFS04-SPU-PM6,%MASKLIFE%_G_MAX
Array,Mask,PVD,TI(SD2),M3 DEPO,22000KWH,1T200,3AFS05-SPU-PM3,%MASKLIFE%_G_MAX
Array,Mask,PVD,TI(SD2),M3 DEPO,22000KWH,1T200,3AFS05-SPU-PM6,%MASKLIFE%_G_MAX
Array,Mask,PVD,TI(SD2),M3 DEPO,22000KWH,1T200,3AFS11-SPU-PM3,%MASKLIFE%_G_MAX
Array,Mask,PVD,TI(SD2),M3 DEPO,22000KWH,1T200,3AFS11-SPU-PM6,%MASKLIFE%_G_MAX
Array,Target,PVD,AI(SD2),M3 DEPO,41000KWH,15200.0,3AFS03-SPU-PM4,%TRGTLIFE%_G_MAX
Array,Target,PVD,AI(SD2),M3 DEPO,41000KWH,15200.0,3AFS03-SPU-PM5,%TRGTLIFE%_G_MAX
Array,Target,PVD,AI(SD2),M3 DEPO,41000KWH,15200.0,3AFS04-SPU-PM4,%TRGTLIFE%_G_MAX
Array,Target,PVD,AI(SD2),M3 DEPO,41000KWH,15200.0,3AFS04-SPU-PM5,%TRGTLIFE%_G_MAX
Array,Target,PVD,AI(SD2),M3 DEPO,41000KWH,15200.0,3AFS05-SPU-PM4,%TRGTLIFE%_G_MAX
Array,Target,PVD,AI(SD2),M3 DEPO,41000KWH,15200.0,3AFS05-SPU-PM5,%TRGTLIFE%_G_MAX
Array,Target,PVD,AI(SD2),M3 DEPO,41000KWH,15200.0,3AFS11-SPU-PM4,%TRGTLIFE%_G_MAX
Array,Target,PVD,AI(SD2),M3 DEPO,41000KWH,15200.0,3AFS11-SPU-PM5,%TRGTLIFE%_G_MAX
Array,Target,PVD,AI(SD2),M3 DEPO,41000KWH,18200.0,3AFS03-SPU-PM4,%TRGTLIFE%_G_MAX
Array,Target,PVD,AI(SD2),M3 DEPO,41000KWH,18200.0,3AFS03-SPU-PM5,%TRGTLIFE%_G_MAX
Array,Target,PVD,AI(SD2),M3 DEPO,41000KWH,18200.0,3AFS04-SPU-PM4,%TRGTLIFE%_G_MAX
Array,Target,PVD,AI(SD2),M3 DEPO,41000KWH,18200.0,3AFS04-SPU-PM5,%TRGTLIFE%_G_MAX
Array,Target,PVD,AI(SD2),M3 DEPO,41000KWH,18200.0,3AFS05-SPU-PM4,%TRGTLIFE%_G_MAX
Array,Target,PVD,AI(SD2),M3 DEPO,41000KWH,18200.0,3AFS05-SPU-PM5,%TRGTLIFE%_G_MAX
Array,Target,PVD,AI(SD2),M3 DEPO,41000KWH,18200.0,3AFS11-SPU-PM4,%TRGTLIFE%_G_MAX
Array,Target,PVD,AI(SD2),M3 DEPO,41000KWH,18200.0,3AFS11-SPU-PM5,%TRGTLIFE%_G_MAX
Array,Target,PVD,AI(SD2),M3 DEPO,41000KWH,1T200,3AFS03-SPU-PM4,%TRGTLIFE%_G_MAX
Array,Target,PVD,AI(SD2),M3 DEPO,41000KWH,1T200,3AFS03-SPU-PM5,%TRGTLIFE%_G_MAX
Array,Target,PVD,AI(SD2),M3 DEPO,41000KWH,1T200,3AFS04-SPU-PM4,%TRGTLIFE%_G_MAX
Array,Target,PVD,AI(SD2),M3 DEPO,41000KWH,1T200,3AFS04-SPU-PM5,%TRGTLIFE%_G_MAX
Array,Target,PVD,AI(SD2),M3 DEPO,41000KWH,1T200,3AFS05-SPU-PM4,%TRGTLIFE%_G_MAX
Array,Target,PVD,AI(SD2),M3 DEPO,41000KWH,1T200,3AFS05-SPU-PM5,%TRGTLIFE%_G_MAX
Array,Target,PVD,AI(SD2),M3 DEPO,41000KWH,1T200,3AFS11-SPU-PM4,%TRGTLIFE%_G_MAX
Array,Target,PVD,AI(SD2),M3 DEPO,41000KWH,1T200,3AFS11-SPU-PM5,%TRGTLIFE%_G_MAX
Array,Mask,PVD,AI(SD2),M3 DEPO,41000KWH,15200.0,3AFS03-SPU-PM4,%MASKLIFE%_G_MAX
Array,Mask,PVD,AI(SD2),M3 DEPO,41000KWH,15200.0,3AFS03-SPU-PM5,%MASKLIFE%_G_MAX
Array,Mask,PVD,AI(SD2),M3 DEPO,41000KWH,15200.0,3AFS04-SPU-PM4,%MASKLIFE%_G_MAX
Array,Mask,PVD,AI(SD2),M3 DEPO,41000KWH,15200.0,3AFS04-SPU-PM5,%MASKLIFE%_G_MAX
Array,Mask,PVD,AI(SD2),M3 DEPO,41000KWH,15200.0,3AFS05-SPU-PM4,%MASKLIFE%_G_MAX
Array,Mask,PVD,AI(SD2),M3 DEPO,41000KWH,15200.0,3AFS05-SPU-PM5,%MASKLIFE%_G_MAX
Array,Mask,PVD,AI(SD2),M3 DEPO,41000KWH,15200.0,3AFS11-SPU-PM4,%MASKLIFE%_G_MAX
Array,Mask,PVD,AI(SD2),M3 DEPO,41000KWH,15200.0,3AFS11-SPU-PM5,%MASKLIFE%_G_MAX
Array,Mask,PVD,AI(SD2),M3 DEPO,41000KWH,18200.0,3AFS03-SPU-PM4,%MASKLIFE%_G_MAX
Array,Mask,PVD,AI(SD2),M3 DEPO,41000KWH,18200.0,3AFS03-SPU-PM5,%MASKLIFE%_G_MAX
Array,Mask,PVD,AI(SD2),M3 DEPO,41000KWH,18200.0,3AFS04-SPU-PM4,%MASKLIFE%_G_MAX
Array,Mask,PVD,AI(SD2),M3 DEPO,41000KWH,18200.0,3AFS04-SPU-PM5,%MASKLIFE%_G_MAX
Array,Mask,PVD,AI(SD2),M3 DEPO,41000KWH,18200.0,3AFS05-SPU-PM4,%MASKLIFE%_G_MAX
Array,Mask,PVD,AI(SD2),M3 DEPO,41000KWH,18200.0,3AFS05-SPU-PM5,%MASKLIFE%_G_MAX
Array,Mask,PVD,AI(SD2),M3 DEPO,41000KWH,18200.0,3AFS11-SPU-PM4,%MASKLIFE%_G_MAX
Array,Mask,PVD,AI(SD2),M3 DEPO,41000KWH,18200.0,3AFS11-SPU-PM5,%MASKLIFE%_G_MAX
Array,Mask,PVD,AI(SD2),M3 DEPO,41000KWH,1T200,3AFS03-SPU-PM4,%MASKLIFE%_G_MAX
Array,Mask,PVD,AI(SD2),M3 DEPO,41000KWH,1T200,3AFS03-SPU-PM5,%MASKLIFE%_G_MAX
Array,Mask,PVD,AI(SD2),M3 DEPO,41000KWH,1T200,3AFS04-SPU-PM4,%MASKLIFE%_G_MAX
Array,Mask,PVD,AI(SD2),M3 DEPO,41000KWH,1T200,3AFS04-SPU-PM5,%MASKLIFE%_G_MAX
Array,Mask,PVD,AI(SD2),M3 DEPO,41000KWH,1T200,3AFS05-SPU-PM4,%MASKLIFE%_G_MAX
Array,Mask,PVD,AI(SD2),M3 DEPO,41000KWH,1T200,3AFS05-SPU-PM5,%MASKLIFE%_G_MAX
Array,Mask,PVD,AI(SD2),M3 DEPO,41000KWH,1T200,3AFS11-SPU-PM4,%MASKLIFE%_G_MAX
Array,Mask,PVD,AI(SD2),M3 DEPO,41000KWH,1T200,3AFS11-SPU-PM5,%MASKLIFE%_G_MAX
Array,Target,PVD,阳极_ITO,RE DEPO,16000KWH,1A200,3AFS06-SPU-PM4,%TRGTLIFE%_G_MAX
Array,Target,PVD,阳极_ITO,RE DEPO,16000KWH,1A200,3AFS06-SPU-PM6,%TRGTLIFE%_G_MAX
Array,Target,PVD,阳极_ITO,RE DEPO,16000KWH,1A200,3AFS07-SPU-PM4,%TRGTLIFE%_G_MAX
Array,Target,PVD,阳极_ITO,RE DEPO,16000KWH,1A200,3AFS07-SPU-PM6,%TRGTLIFE%_G_MAX
Array,Mask,PVD,阳极_ITO,RE DEPO,8000KWH,1A200,3AFS06-SPU-PM4,%PRE_SPRT_KWH%
Array,Mask,PVD,阳极_ITO,RE DEPO,8000KWH,1A200,3AFS06-SPU-PM6,%PRE_SPRT_KWH%
Array,Mask,PVD,阳极_ITO,RE DEPO,8000KWH,1A200,3AFS07-SPU-PM4,%PRE_SPRT_KWH%
Array,Mask,PVD,阳极_ITO,RE DEPO,8000KWH,1A200,3AFS07-SPU-PM6,%PRE_SPRT_KWH%
Array,Target,PVD,阳极_AG,RE DEPO,13500KWH,1A200,3AFS06-SPU-PM5,%TRGTLIFE%_G_MAX
Array,Target,PVD,阳极_AG,RE DEPO,13500KWH,1A200,3AFS07-SPU-PM5,%TRGTLIFE%_G_MAX
Array,Mask,PVD,阳极_AG,RE DEPO,13500KWH,1A200,3AFS06-SPU-PM5,%PRE_SPRT_KWH%
Array,Mask,PVD,阳极_AG,RE DEPO,13500KWH,1A200,3AFS07-SPU-PM5,%PRE_SPRT_KWH%
Array,Target,PVD,IGZO,RE DEPO,16000KWH,1F200,3AFS08-SPU-PM1,%TRGTLIFE%_G_MAX
Array,Target,PVD,IGZO,RE DEPO,16000KWH,1F200,3AFS08-SPU-PM3,%TRGTLIFE%_G_MAX
Array,Mask,PVD,IGZO,RE DEPO,2000KWH,1F200,3AFS08-SPU-PM1,%PRE_SPRT_KWH%
Array,Mask,PVD,IGZO,RE DEPO,2000KWH,1F200,3AFS08-SPU-PM3,%PRE_SPRT_KWH%
Array,Shower Plate,DET,M1/MC/M0/M2,M1/MC/M0/M2 DET,22500sheet,1K500,3AED06-PC1,
Array,Shower Plate,DET,M1/MC/M0/M2,M1/MC/M0/M2 DET,22500sheet,1K500,3AED06-PC2,
Array,Shower Plate,DET,M1/MC/M0/M2,M1/MC/M0/M2 DET,22500sheet,1K500,3AED06-PC3,
Array,Shower Plate,DET,M1/MC/M0/M2,M1/MC/M0/M2 DET,22500sheet,1K500,3AED06-PC4,
Array,Shower Plate,DET,M1/MC/M0/M2,M1/MC/M0/M2 DET,22500sheet,1K500,3AED06-PC5,
Array,Shower Plate,DET,M1/MC/M0/M2,M1/MC/M0/M2 DET,22500sheet,1K500,3AED07-PC1,
Array,Shower Plate,DET,M1/MC/M0/M2,M1/MC/M0/M2 DET,22500sheet,1K500,3AED07-PC2,
Array,Shower Plate,DET,M1/MC/M0/M2,M1/MC/M0/M2 DET,22500sheet,1K500,3AED07-PC3,
Array,Shower Plate,DET,M1/MC/M0/M2,M1/MC/M0/M2 DET,22500sheet,1K500,3AED07-PC4,
Array,Shower Plate,DET,M1/MC/M0/M2,M1/MC/M0/M2 DET,22500sheet,1K500,3AED07-PC5,
Array,Shower Plate,DET,M1/MC/M0/M2,M1/MC/M0/M2 DET,22500sheet,1K500,3AED16-PC1,
Array,Shower Plate,DET,M1/MC/M0/M2,M1/MC/M0/M2 DET,22500sheet,1K500,3AED16-PC2,
Array,Shower Plate,DET,M1/MC/M0/M2,M1/MC/M0/M2 DET,22500sheet,1K500,3AED16-PC3,
Array,Shower Plate,DET,M1/MC/M0/M2,M1/MC/M0/M2 DET,22500sheet,1K500,3AED16-PC4,
Array,Shower Plate,DET,M1/MC/M0/M2,M1/MC/M0/M2 DET,22500sheet,1K500,3AED16-PC5,
Array,Shower Plate,DET,M1/MC/M0/M2,M1/MC/M0/M2 DET,22500sheet,12500.0,3AED06-PC1,
Array,Shower Plate,DET,M1/MC/M0/M2,M1/MC/M0/M2 DET,22500sheet,12500.0,3AED06-PC2,
Array,Shower Plate,DET,M1/MC/M0/M2,M1/MC/M0/M2 DET,22500sheet,12500.0,3AED06-PC3,
Array,Shower Plate,DET,M1/MC/M0/M2,M1/MC/M0/M2 DET,22500sheet,12500.0,3AED06-PC4,
Array,Shower Plate,DET,M1/MC/M0/M2,M1/MC/M0/M2 DET,22500sheet,12500.0,3AED06-PC5,
Array,Shower Plate,DET,M1/MC/M0/M2,M1/MC/M0/M2 DET,22500sheet,12500.0,3AED07-PC1,
Array,Shower Plate,DET,M1/MC/M0/M2,M1/MC/M0/M2 DET,22500sheet,12500.0,3AED07-PC2,
Array,Shower Plate,DET,M1/MC/M0/M2,M1/MC/M0/M2 DET,22500sheet,12500.0,3AED07-PC3,
Array,Shower Plate,DET,M1/MC/M0/M2,M1/MC/M0/M2 DET,22500sheet,12500.0,3AED07-PC4,
Array,Shower Plate,DET,M1/MC/M0/M2,M1/MC/M0/M2 DET,22500sheet,12500.0,3AED07-PC5,
Array,Shower Plate,DET,M1/MC/M0/M2,M1/MC/M0/M2 DET,22500sheet,12500.0,3AED16-PC1,
Array,Shower Plate,DET,M1/MC/M0/M2,M1/MC/M0/M2 DET,22500sheet,12500.0,3AED16-PC2,
Array,Shower Plate,DET,M1/MC/M0/M2,M1/MC/M0/M2 DET,22500sheet,12500.0,3AED16-PC3,
Array,Shower Plate,DET,M1/MC/M0/M2,M1/MC/M0/M2 DET,22500sheet,12500.0,3AED16-PC4,
Array,Shower Plate,DET,M1/MC/M0/M2,M1/MC/M0/M2 DET,22500sheet,12500.0,3AED16-PC5,
Array,Shower Plate,DET,M1/MC/M0/M2,M1/MC/M0/M2 DET,22500sheet,13500.0,3AED06-PC1,
Array,Shower Plate,DET,M1/MC/M0/M2,M1/MC/M0/M2 DET,22500sheet,13500.0,3AED06-PC2,
Array,Shower Plate,DET,M1/MC/M0/M2,M1/MC/M0/M2 DET,22500sheet,13500.0,3AED06-PC3,
Array,Shower Plate,DET,M1/MC/M0/M2,M1/MC/M0/M2 DET,22500sheet,13500.0,3AED06-PC4,
Array,Shower Plate,DET,M1/MC/M0/M2,M1/MC/M0/M2 DET,22500sheet,13500.0,3AED06-PC5,
Array,Shower Plate,DET,M1/MC/M0/M2,M1/MC/M0/M2 DET,22500sheet,13500.0,3AED07-PC1,
Array,Shower Plate,DET,M1/MC/M0/M2,M1/MC/M0/M2 DET,22500sheet,13500.0,3AED07-PC2,
Array,Shower Plate,DET,M1/MC/M0/M2,M1/MC/M0/M2 DET,22500sheet,13500.0,3AED07-PC3,
Array,Shower Plate,DET,M1/MC/M0/M2,M1/MC/M0/M2 DET,22500sheet,13500.0,3AED07-PC4,
Array,Shower Plate,DET,M1/MC/M0/M2,M1/MC/M0/M2 DET,22500sheet,13500.0,3AED07-PC5,
Array,Shower Plate,DET,M1/MC/M0/M2,M1/MC/M0/M2 DET,22500sheet,13500.0,3AED16-PC1,
Array,Shower Plate,DET,M1/MC/M0/M2,M1/MC/M0/M2 DET,22500sheet,13500.0,3AED16-PC2,
Array,Shower Plate,DET,M1/MC/M0/M2,M1/MC/M0/M2 DET,22500sheet,13500.0,3AED16-PC3,
Array,Shower Plate,DET,M1/MC/M0/M2,M1/MC/M0/M2 DET,22500sheet,13500.0,3AED16-PC4,
Array,Shower Plate,DET,M1/MC/M0/M2,M1/MC/M0/M2 DET,22500sheet,13500.0,3AED16-PC5,
Array,Shower Plate,DET,M1/MC/M0/M2,M1/MC/M0/M2 DET,22500sheet,B9500,3AED06-PC1,
Array,Shower Plate,DET,M1/MC/M0/M2,M1/MC/M0/M2 DET,22500sheet,B9500,3AED06-PC2,
Array,Shower Plate,DET,M1/MC/M0/M2,M1/MC/M0/M2 DET,22500sheet,B9500,3AED06-PC3,
Array,Shower Plate,DET,M1/MC/M0/M2,M1/MC/M0/M2 DET,22500sheet,B9500,3AED06-PC4,
Array,Shower Plate,DET,M1/MC/M0/M2,M1/MC/M0/M2 DET,22500sheet,B9500,3AED06-PC5,
Array,Shower Plate,DET,M1/MC/M0/M2,M1/MC/M0/M2 DET,22500sheet,B9500,3AED07-PC1,
Array,Shower Plate,DET,M1/MC/M0/M2,M1/MC/M0/M2 DET,22500sheet,B9500,3AED07-PC2,
Array,Shower Plate,DET,M1/MC/M0/M2,M1/MC/M0/M2 DET,22500sheet,B9500,3AED07-PC3,
Array,Shower Plate,DET,M1/MC/M0/M2,M1/MC/M0/M2 DET,22500sheet,B9500,3AED07-PC4,
Array,Shower Plate,DET,M1/MC/M0/M2,M1/MC/M0/M2 DET,22500sheet,B9500,3AED07-PC5,
Array,Shower Plate,DET,M1/MC/M0/M2,M1/MC/M0/M2 DET,22500sheet,B9500,3AED16-PC1,
Array,Shower Plate,DET,M1/MC/M0/M2,M1/MC/M0/M2 DET,22500sheet,B9500,3AED16-PC2,
Array,Shower Plate,DET,M1/MC/M0/M2,M1/MC/M0/M2 DET,22500sheet,B9500,3AED16-PC3,
Array,Shower Plate,DET,M1/MC/M0/M2,M1/MC/M0/M2 DET,22500sheet,B9500,3AED16-PC4,
Array,Shower Plate,DET,M1/MC/M0/M2,M1/MC/M0/M2 DET,22500sheet,B9500,3AED16-PC5,
Array,下电极,DET,M1/MC/M0/M2,M1/MC/M0/M2 DET,55000sheet,1K500,3AED06-PC1,
Array,下电极,DET,M1/MC/M0/M2,M1/MC/M0/M2 DET,55000sheet,1K500,3AED06-PC2,
Array,下电极,DET,M1/MC/M0/M2,M1/MC/M0/M2 DET,55000sheet,1K500,3AED06-PC3,
Array,下电极,DET,M1/MC/M0/M2,M1/MC/M0/M2 DET,55000sheet,1K500,3AED06-PC4,
Array,下电极,DET,M1/MC/M0/M2,M1/MC/M0/M2 DET,55000sheet,1K500,3AED06-PC5,
Array,下电极,DET,M1/MC/M0/M2,M1/MC/M0/M2 DET,55000sheet,1K500,3AED07-PC1,
Array,下电极,DET,M1/MC/M0/M2,M1/MC/M0/M2 DET,55000sheet,1K500,3AED07-PC2,
Array,下电极,DET,M1/MC/M0/M2,M1/MC/M0/M2 DET,55000sheet,1K500,3AED07-PC3,
Array,下电极,DET,M1/MC/M0/M2,M1/MC/M0/M2 DET,55000sheet,1K500,3AED07-PC4,
Array,下电极,DET,M1/MC/M0/M2,M1/MC/M0/M2 DET,55000sheet,1K500,3AED07-PC5,
Array,下电极,DET,M1/MC/M0/M2,M1/MC/M0/M2 DET,55000sheet,1K500,3AED16-PC1,
Array,下电极,DET,M1/MC/M0/M2,M1/MC/M0/M2 DET,55000sheet,1K500,3AED16-PC2,
Array,下电极,DET,M1/MC/M0/M2,M1/MC/M0/M2 DET,55000sheet,1K500,3AED16-PC3,
Array,下电极,DET,M1/MC/M0/M2,M1/MC/M0/M2 DET,55000sheet,1K500,3AED16-PC4,
Array,下电极,DET,M1/MC/M0/M2,M1/MC/M0/M2 DET,55000sheet,1K500,3AED16-PC5,
Array,下电极,DET,M1/MC/M0/M2,M1/MC/M0/M2 DET,55000sheet,12500.0,3AED06-PC1,
Array,下电极,DET,M1/MC/M0/M2,M1/MC/M0/M2 DET,55000sheet,12500.0,3AED06-PC2,
Array,下电极,DET,M1/MC/M0/M2,M1/MC/M0/M2 DET,55000sheet,12500.0,3AED06-PC3,
Array,下电极,DET,M1/MC/M0/M2,M1/MC/M0/M2 DET,55000sheet,12500.0,3AED06-PC4,
Array,下电极,DET,M1/MC/M0/M2,M1/MC/M0/M2 DET,55000sheet,12500.0,3AED06-PC5,
Array,下电极,DET,M1/MC/M0/M2,M1/MC/M0/M2 DET,55000sheet,12500.0,3AED07-PC1,
Array,下电极,DET,M1/MC/M0/M2,M1/MC/M0/M2 DET,55000sheet,12500.0,3AED07-PC2,
Array,下电极,DET,M1/MC/M0/M2,M1/MC/M0/M2 DET,55000sheet,12500.0,3AED07-PC3,
Array,下电极,DET,M1/MC/M0/M2,M1/MC/M0/M2 DET,55000sheet,12500.0,3AED07-PC4,
Array,下电极,DET,M1/MC/M0/M2,M1/MC/M0/M2 DET,55000sheet,12500.0,3AED07-PC5,
Array,下电极,DET,M1/MC/M0/M2,M1/MC/M0/M2 DET,55000sheet,12500.0,3AED16-PC1,
Array,下电极,DET,M1/MC/M0/M2,M1/MC/M0/M2 DET,55000sheet,12500.0,3AED16-PC2,
Array,下电极,DET,M1/MC/M0/M2,M1/MC/M0/M2 DET,55000sheet,12500.0,3AED16-PC3,
Array,下电极,DET,M1/MC/M0/M2,M1/MC/M0/M2 DET,55000sheet,12500.0,3AED16-PC4,
Array,下电极,DET,M1/MC/M0/M2,M1/MC/M0/M2 DET,55000sheet,12500.0,3AED16-PC5,
Array,下电极,DET,M1/MC/M0/M2,M1/MC/M0/M2 DET,55000sheet,13500.0,3AED06-PC1,
Array,下电极,DET,M1/MC/M0/M2,M1/MC/M0/M2 DET,55000sheet,13500.0,3AED06-PC2,
Array,下电极,DET,M1/MC/M0/M2,M1/MC/M0/M2 DET,55000sheet,13500.0,3AED06-PC3,
Array,下电极,DET,M1/MC/M0/M2,M1/MC/M0/M2 DET,55000sheet,13500.0,3AED06-PC4,
Array,下电极,DET,M1/MC/M0/M2,M1/MC/M0/M2 DET,55000sheet,13500.0,3AED06-PC5,
Array,下电极,DET,M1/MC/M0/M2,M1/MC/M0/M2 DET,55000sheet,13500.0,3AED07-PC1,
Array,下电极,DET,M1/MC/M0/M2,M1/MC/M0/M2 DET,55000sheet,13500.0,3AED07-PC2,
Array,下电极,DET,M1/MC/M0/M2,M1/MC/M0/M2 DET,55000sheet,13500.0,3AED07-PC3,
Array,下电极,DET,M1/MC/M0/M2,M1/MC/M0/M2 DET,55000sheet,13500.0,3AED07-PC4,
Array,下电极,DET,M1/MC/M0/M2,M1/MC/M0/M2 DET,55000sheet,13500.0,3AED07-PC5,
Array,下电极,DET,M1/MC/M0/M2,M1/MC/M0/M2 DET,55000sheet,13500.0,3AED16-PC1,
Array,下电极,DET,M1/MC/M0/M2,M1/MC/M0/M2 DET,55000sheet,13500.0,3AED16-PC2,
Array,下电极,DET,M1/MC/M0/M2,M1/MC/M0/M2 DET,55000sheet,13500.0,3AED16-PC3,
Array,下电极,DET,M1/MC/M0/M2,M1/MC/M0/M2 DET,55000sheet,13500.0,3AED16-PC4,
Array,下电极,DET,M1/MC/M0/M2,M1/MC/M0/M2 DET,55000sheet,13500.0,3AED16-PC5,
Array,下电极,DET,M1/MC/M0/M2,M1/MC/M0/M2 DET,55000sheet,B9500,3AED06-PC1,
Array,下电极,DET,M1/MC/M0/M2,M1/MC/M0/M2 DET,55000sheet,B9500,3AED06-PC2,
Array,下电极,DET,M1/MC/M0/M2,M1/MC/M0/M2 DET,55000sheet,B9500,3AED06-PC3,
Array,下电极,DET,M1/MC/M0/M2,M1/MC/M0/M2 DET,55000sheet,B9500,3AED06-PC4,
Array,下电极,DET,M1/MC/M0/M2,M1/MC/M0/M2 DET,55000sheet,B9500,3AED06-PC5,
Array,下电极,DET,M1/MC/M0/M2,M1/MC/M0/M2 DET,55000sheet,B9500,3AED07-PC1,
Array,下电极,DET,M1/MC/M0/M2,M1/MC/M0/M2 DET,55000sheet,B9500,3AED07-PC2,
Array,下电极,DET,M1/MC/M0/M2,M1/MC/M0/M2 DET,55000sheet,B9500,3AED07-PC3,
Array,下电极,DET,M1/MC/M0/M2,M1/MC/M0/M2 DET,55000sheet,B9500,3AED07-PC4,
Array,下电极,DET,M1/MC/M0/M2,M1/MC/M0/M2 DET,55000sheet,B9500,3AED07-PC5,
Array,下电极,DET,M1/MC/M0/M2,M1/MC/M0/M2 DET,55000sheet,B9500,3AED16-PC1,
Array,下电极,DET,M1/MC/M0/M2,M1/MC/M0/M2 DET,55000sheet,B9500,3AED16-PC2,
Array,下电极,DET,M1/MC/M0/M2,M1/MC/M0/M2 DET,55000sheet,B9500,3AED16-PC3,
Array,下电极,DET,M1/MC/M0/M2,M1/MC/M0/M2 DET,55000sheet,B9500,3AED16-PC4,
Array,下电极,DET,M1/MC/M0/M2,M1/MC/M0/M2 DET,55000sheet,B9500,3AED16-PC5,
Array,陶瓷,DET,M1/MC/M0/M2,M1/MC/M0/M2 DET,22500sheet,1K500,3AED06-PC1,
Array,陶瓷,DET,M1/MC/M0/M2,M1/MC/M0/M2 DET,22500sheet,1K500,3AED06-PC2,
Array,陶瓷,DET,M1/MC/M0/M2,M1/MC/M0/M2 DET,22500sheet,1K500,3AED06-PC3,
Array,陶瓷,DET,M1/MC/M0/M2,M1/MC/M0/M2 DET,22500sheet,1K500,3AED06-PC4,
Array,陶瓷,DET,M1/MC/M0/M2,M1/MC/M0/M2 DET,22500sheet,1K500,3AED06-PC5,
Array,陶瓷,DET,M1/MC/M0/M2,M1/MC/M0/M2 DET,22500sheet,1K500,3AED07-PC1,
Array,陶瓷,DET,M1/MC/M0/M2,M1/MC/M0/M2 DET,22500sheet,1K500,3AED07-PC2,
Array,陶瓷,DET,M1/MC/M0/M2,M1/MC/M0/M2 DET,22500sheet,1K500,3AED07-PC3,
Array,陶瓷,DET,M1/MC/M0/M2,M1/MC/M0/M2 DET,22500sheet,1K500,3AED07-PC4,
Array,陶瓷,DET,M1/MC/M0/M2,M1/MC/M0/M2 DET,22500sheet,1K500,3AED07-PC5,
Array,陶瓷,DET,M1/MC/M0/M2,M1/MC/M0/M2 DET,22500sheet,1K500,3AED16-PC1,
Array,陶瓷,DET,M1/MC/M0/M2,M1/MC/M0/M2 DET,22500sheet,1K500,3AED16-PC2,
Array,陶瓷,DET,M1/MC/M0/M2,M1/MC/M0/M2 DET,22500sheet,1K500,3AED16-PC3,
Array,陶瓷,DET,M1/MC/M0/M2,M1/MC/M0/M2 DET,22500sheet,1K500,3AED16-PC4,
Array,陶瓷,DET,M1/MC/M0/M2,M1/MC/M0/M2 DET,22500sheet,1K500,3AED16-PC5,
Array,陶瓷,DET,M1/MC/M0/M2,M1/MC/M0/M2 DET,22500sheet,12500.0,3AED06-PC1,
Array,陶瓷,DET,M1/MC/M0/M2,M1/MC/M0/M2 DET,22500sheet,12500.0,3AED06-PC2,
Array,陶瓷,DET,M1/MC/M0/M2,M1/MC/M0/M2 DET,22500sheet,12500.0,3AED06-PC3,
Array,陶瓷,DET,M1/MC/M0/M2,M1/MC/M0/M2 DET,22500sheet,12500.0,3AED06-PC4,
Array,陶瓷,DET,M1/MC/M0/M2,M1/MC/M0/M2 DET,22500sheet,12500.0,3AED06-PC5,
Array,陶瓷,DET,M1/MC/M0/M2,M1/MC/M0/M2 DET,22500sheet,12500.0,3AED07-PC1,
Array,陶瓷,DET,M1/MC/M0/M2,M1/MC/M0/M2 DET,22500sheet,12500.0,3AED07-PC2,
Array,陶瓷,DET,M1/MC/M0/M2,M1/MC/M0/M2 DET,22500sheet,12500.0,3AED07-PC3,
Array,陶瓷,DET,M1/MC/M0/M2,M1/MC/M0/M2 DET,22500sheet,12500.0,3AED07-PC4,
Array,陶瓷,DET,M1/MC/M0/M2,M1/MC/M0/M2 DET,22500sheet,12500.0,3AED07-PC5,
Array,陶瓷,DET,M1/MC/M0/M2,M1/MC/M0/M2 DET,22500sheet,12500.0,3AED16-PC1,
Array,陶瓷,DET,M1/MC/M0/M2,M1/MC/M0/M2 DET,22500sheet,12500.0,3AED16-PC2,
Array,陶瓷,DET,M1/MC/M0/M2,M1/MC/M0/M2 DET,22500sheet,12500.0,3AED16-PC3,
Array,陶瓷,DET,M1/MC/M0/M2,M1/MC/M0/M2 DET,22500sheet,12500.0,3AED16-PC4,
Array,陶瓷,DET,M1/MC/M0/M2,M1/MC/M0/M2 DET,22500sheet,12500.0,3AED16-PC5,
Array,陶瓷,DET,M1/MC/M0/M2,M1/MC/M0/M2 DET,22500sheet,13500.0,3AED06-PC1,
Array,陶瓷,DET,M1/MC/M0/M2,M1/MC/M0/M2 DET,22500sheet,13500.0,3AED06-PC2,
Array,陶瓷,DET,M1/MC/M0/M2,M1/MC/M0/M2 DET,22500sheet,13500.0,3AED06-PC3,
Array,陶瓷,DET,M1/MC/M0/M2,M1/MC/M0/M2 DET,22500sheet,13500.0,3AED06-PC4,
Array,陶瓷,DET,M1/MC/M0/M2,M1/MC/M0/M2 DET,22500sheet,13500.0,3AED06-PC5,
Array,陶瓷,DET,M1/MC/M0/M2,M1/MC/M0/M2 DET,22500sheet,13500.0,3AED07-PC1,
Array,陶瓷,DET,M1/MC/M0/M2,M1/MC/M0/M2 DET,22500sheet,13500.0,3AED07-PC2,
Array,陶瓷,DET,M1/MC/M0/M2,M1/MC/M0/M2 DET,22500sheet,13500.0,3AED07-PC3,
Array,陶瓷,DET,M1/MC/M0/M2,M1/MC/M0/M2 DET,22500sheet,13500.0,3AED07-PC4,
Array,陶瓷,DET,M1/MC/M0/M2,M1/MC/M0/M2 DET,22500sheet,13500.0,3AED07-PC5,
Array,陶瓷,DET,M1/MC/M0/M2,M1/MC/M0/M2 DET,22500sheet,13500.0,3AED16-PC1,
Array,陶瓷,DET,M1/MC/M0/M2,M1/MC/M0/M2 DET,22500sheet,13500.0,3AED16-PC2,
Array,陶瓷,DET,M1/MC/M0/M2,M1/MC/M0/M2 DET,22500sheet,13500.0,3AED16-PC3,
Array,陶瓷,DET,M1/MC/M0/M2,M1/MC/M0/M2 DET,22500sheet,13500.0,3AED16-PC4,
Array,陶瓷,DET,M1/MC/M0/M2,M1/MC/M0/M2 DET,22500sheet,13500.0,3AED16-PC5,
Array,陶瓷,DET,M1/MC/M0/M2,M1/MC/M0/M2 DET,22500sheet,B9500,3AED06-PC1,
Array,陶瓷,DET,M1/MC/M0/M2,M1/MC/M0/M2 DET,22500sheet,B9500,3AED06-PC2,
Array,陶瓷,DET,M1/MC/M0/M2,M1/MC/M0/M2 DET,22500sheet,B9500,3AED06-PC3,
Array,陶瓷,DET,M1/MC/M0/M2,M1/MC/M0/M2 DET,22500sheet,B9500,3AED06-PC4,
Array,陶瓷,DET,M1/MC/M0/M2,M1/MC/M0/M2 DET,22500sheet,B9500,3AED06-PC5,
Array,陶瓷,DET,M1/MC/M0/M2,M1/MC/M0/M2 DET,22500sheet,B9500,3AED07-PC1,
Array,陶瓷,DET,M1/MC/M0/M2,M1/MC/M0/M2 DET,22500sheet,B9500,3AED07-PC2,
Array,陶瓷,DET,M1/MC/M0/M2,M1/MC/M0/M2 DET,22500sheet,B9500,3AED07-PC3,
Array,陶瓷,DET,M1/MC/M0/M2,M1/MC/M0/M2 DET,22500sheet,B9500,3AED07-PC4,
Array,陶瓷,DET,M1/MC/M0/M2,M1/MC/M0/M2 DET,22500sheet,B9500,3AED07-PC5,
Array,陶瓷,DET,M1/MC/M0/M2,M1/MC/M0/M2 DET,22500sheet,B9500,3AED16-PC1,
Array,陶瓷,DET,M1/MC/M0/M2,M1/MC/M0/M2 DET,22500sheet,B9500,3AED16-PC2,
Array,陶瓷,DET,M1/MC/M0/M2,M1/MC/M0/M2 DET,22500sheet,B9500,3AED16-PC3,
Array,陶瓷,DET,M1/MC/M0/M2,M1/MC/M0/M2 DET,22500sheet,B9500,3AED16-PC4,
Array,陶瓷,DET,M1/MC/M0/M2,M1/MC/M0/M2 DET,22500sheet,B9500,3AED16-PC5,
Array,Shower Plate,DET,GATO,GATO DET,5500sheet,1G500,3AED08-PC1,
Array,Shower Plate,DET,GATO,GATO DET,5500sheet,1G500,3AED08-PC2,
Array,Shower Plate,DET,GATO,GATO DET,5500sheet,1G500,3AED08-PC3,
Array,Shower Plate,DET,GATO,GATO DET,5500sheet,1G500,3AED08-PC4,
Array,Shower Plate,DET,GATO,GATO DET,5500sheet,1G500,3AED08-PC5,
Array,下电极,DET,GATO,GATO DET,65000sheet,1G500,3AED08-PC1,
Array,下电极,DET,GATO,GATO DET,65000sheet,1G500,3AED08-PC2,
Array,下电极,DET,GATO,GATO DET,65000sheet,1G500,3AED08-PC3,
Array,下电极,DET,GATO,GATO DET,65000sheet,1G500,3AED08-PC4,
Array,下电极,DET,GATO,GATO DET,65000sheet,1G500,3AED08-PC5,
Array,陶瓷,DET,GATO,GATO DET,5500sheet,1G500,3AED08-PC1,
Array,陶瓷,DET,GATO,GATO DET,5500sheet,1G500,3AED08-PC2,
Array,陶瓷,DET,GATO,GATO DET,5500sheet,1G500,3AED08-PC3,
Array,陶瓷,DET,GATO,GATO DET,5500sheet,1G500,3AED08-PC4,
Array,陶瓷,DET,GATO,GATO DET,5500sheet,1G500,3AED08-PC5,
Array,Shower Plate,DET,M3/M4/M5,M3/M4/M5 DET,17500sheet,15500.0,3AED01-PC1,
Array,Shower Plate,DET,M3/M4/M5,M3/M4/M5 DET,17500sheet,15500.0,3AED01-PC2,
Array,Shower Plate,DET,M3/M4/M5,M3/M4/M5 DET,17500sheet,15500.0,3AED01-PC3,
Array,Shower Plate,DET,M3/M4/M5,M3/M4/M5 DET,17500sheet,15500.0,3AED01-PC4,
Array,Shower Plate,DET,M3/M4/M5,M3/M4/M5 DET,17500sheet,15500.0,3AED01-PC5,
Array,Shower Plate,DET,M3/M4/M5,M3/M4/M5 DET,17500sheet,15500.0,3AED02-PC1,
Array,Shower Plate,DET,M3/M4/M5,M3/M4/M5 DET,17500sheet,15500.0,3AED02-PC2,
Array,Shower Plate,DET,M3/M4/M5,M3/M4/M5 DET,17500sheet,15500.0,3AED02-PC3,
Array,Shower Plate,DET,M3/M4/M5,M3/M4/M5 DET,17500sheet,15500.0,3AED02-PC4,
Array,Shower Plate,DET,M3/M4/M5,M3/M4/M5 DET,17500sheet,15500.0,3AED02-PC5,
Array,Shower Plate,DET,M3/M4/M5,M3/M4/M5 DET,17500sheet,15500.0,3AED03-PC1,
Array,Shower Plate,DET,M3/M4/M5,M3/M4/M5 DET,17500sheet,15500.0,3AED03-PC3,
Array,Shower Plate,DET,M3/M4/M5,M3/M4/M5 DET,17500sheet,15500.0,3AED03-PC5,
Array,Shower Plate,DET,M3/M4/M5,M3/M4/M5 DET,17500sheet,15500.0,3AED17-PC1,
Array,Shower Plate,DET,M3/M4/M5,M3/M4/M5 DET,17500sheet,15500.0,3AED17-PC2,
Array,Shower Plate,DET,M3/M4/M5,M3/M4/M5 DET,17500sheet,15500.0,3AED17-PC4,
Array,Shower Plate,DET,M3/M4/M5,M3/M4/M5 DET,17500sheet,15500.0,3AED17-PC5,
Array,Shower Plate,DET,M3/M4/M5,M3/M4/M5 DET,17500sheet,18500.0,3AED01-PC1,
Array,Shower Plate,DET,M3/M4/M5,M3/M4/M5 DET,17500sheet,18500.0,3AED01-PC2,
Array,Shower Plate,DET,M3/M4/M5,M3/M4/M5 DET,17500sheet,18500.0,3AED01-PC3,
Array,Shower Plate,DET,M3/M4/M5,M3/M4/M5 DET,17500sheet,18500.0,3AED01-PC4,
Array,Shower Plate,DET,M3/M4/M5,M3/M4/M5 DET,17500sheet,18500.0,3AED01-PC5,
Array,Shower Plate,DET,M3/M4/M5,M3/M4/M5 DET,17500sheet,18500.0,3AED02-PC1,
Array,Shower Plate,DET,M3/M4/M5,M3/M4/M5 DET,17500sheet,18500.0,3AED02-PC2,
Array,Shower Plate,DET,M3/M4/M5,M3/M4/M5 DET,17500sheet,18500.0,3AED02-PC3,
Array,Shower Plate,DET,M3/M4/M5,M3/M4/M5 DET,17500sheet,18500.0,3AED02-PC4,
Array,Shower Plate,DET,M3/M4/M5,M3/M4/M5 DET,17500sheet,18500.0,3AED02-PC5,
Array,Shower Plate,DET,M3/M4/M5,M3/M4/M5 DET,17500sheet,18500.0,3AED03-PC1,
Array,Shower Plate,DET,M3/M4/M5,M3/M4/M5 DET,17500sheet,18500.0,3AED03-PC3,
Array,Shower Plate,DET,M3/M4/M5,M3/M4/M5 DET,17500sheet,18500.0,3AED03-PC5,
Array,Shower Plate,DET,M3/M4/M5,M3/M4/M5 DET,17500sheet,18500.0,3AED17-PC1,
Array,Shower Plate,DET,M3/M4/M5,M3/M4/M5 DET,17500sheet,18500.0,3AED17-PC2,
Array,Shower Plate,DET,M3/M4/M5,M3/M4/M5 DET,17500sheet,18500.0,3AED17-PC4,
Array,Shower Plate,DET,M3/M4/M5,M3/M4/M5 DET,17500sheet,18500.0,3AED17-PC5,
Array,Shower Plate,DET,M3/M4/M5,M3/M4/M5 DET,17500sheet,1T500,3AED01-PC1,
Array,Shower Plate,DET,M3/M4/M5,M3/M4/M5 DET,17500sheet,1T500,3AED01-PC2,
Array,Shower Plate,DET,M3/M4/M5,M3/M4/M5 DET,17500sheet,1T500,3AED01-PC3,
Array,Shower Plate,DET,M3/M4/M5,M3/M4/M5 DET,17500sheet,1T500,3AED01-PC4,
Array,Shower Plate,DET,M3/M4/M5,M3/M4/M5 DET,17500sheet,1T500,3AED01-PC5,
Array,Shower Plate,DET,M3/M4/M5,M3/M4/M5 DET,17500sheet,1T500,3AED02-PC1,
Array,Shower Plate,DET,M3/M4/M5,M3/M4/M5 DET,17500sheet,1T500,3AED02-PC2,
Array,Shower Plate,DET,M3/M4/M5,M3/M4/M5 DET,17500sheet,1T500,3AED02-PC3,
Array,Shower Plate,DET,M3/M4/M5,M3/M4/M5 DET,17500sheet,1T500,3AED02-PC4,
Array,Shower Plate,DET,M3/M4/M5,M3/M4/M5 DET,17500sheet,1T500,3AED02-PC5,
Array,Shower Plate,DET,M3/M4/M5,M3/M4/M5 DET,17500sheet,1T500,3AED03-PC1,
Array,Shower Plate,DET,M3/M4/M5,M3/M4/M5 DET,17500sheet,1T500,3AED03-PC3,
Array,Shower Plate,DET,M3/M4/M5,M3/M4/M5 DET,17500sheet,1T500,3AED03-PC5,
Array,Shower Plate,DET,M3/M4/M5,M3/M4/M5 DET,17500sheet,1T500,3AED17-PC1,
Array,Shower Plate,DET,M3/M4/M5,M3/M4/M5 DET,17500sheet,1T500,3AED17-PC2,
Array,Shower Plate,DET,M3/M4/M5,M3/M4/M5 DET,17500sheet,1T500,3AED17-PC4,
Array,Shower Plate,DET,M3/M4/M5,M3/M4/M5 DET,17500sheet,1T500,3AED17-PC5,
Array,Shower Plate,DET,M3/M4/M5,M3/M4/M5 DET,17500sheet,B4500,3AED01-PC1,
Array,Shower Plate,DET,M3/M4/M5,M3/M4/M5 DET,17500sheet,B4500,3AED01-PC2,
Array,Shower Plate,DET,M3/M4/M5,M3/M4/M5 DET,17500sheet,B4500,3AED01-PC3,
Array,Shower Plate,DET,M3/M4/M5,M3/M4/M5 DET,17500sheet,B4500,3AED01-PC4,
Array,Shower Plate,DET,M3/M4/M5,M3/M4/M5 DET,17500sheet,B4500,3AED01-PC5,
Array,Shower Plate,DET,M3/M4/M5,M3/M4/M5 DET,17500sheet,B4500,3AED02-PC1,
Array,Shower Plate,DET,M3/M4/M5,M3/M4/M5 DET,17500sheet,B4500,3AED02-PC2,
Array,Shower Plate,DET,M3/M4/M5,M3/M4/M5 DET,17500sheet,B4500,3AED02-PC3,
Array,Shower Plate,DET,M3/M4/M5,M3/M4/M5 DET,17500sheet,B4500,3AED02-PC4,
Array,Shower Plate,DET,M3/M4/M5,M3/M4/M5 DET,17500sheet,B4500,3AED02-PC5,
Array,Shower Plate,DET,M3/M4/M5,M3/M4/M5 DET,17500sheet,B4500,3AED03-PC1,
Array,Shower Plate,DET,M3/M4/M5,M3/M4/M5 DET,17500sheet,B4500,3AED03-PC3,
Array,Shower Plate,DET,M3/M4/M5,M3/M4/M5 DET,17500sheet,B4500,3AED03-PC5,
Array,Shower Plate,DET,M3/M4/M5,M3/M4/M5 DET,17500sheet,B4500,3AED17-PC1,
Array,Shower Plate,DET,M3/M4/M5,M3/M4/M5 DET,17500sheet,B4500,3AED17-PC2,
Array,Shower Plate,DET,M3/M4/M5,M3/M4/M5 DET,17500sheet,B4500,3AED17-PC4,
Array,Shower Plate,DET,M3/M4/M5,M3/M4/M5 DET,17500sheet,B4500,3AED17-PC5,
Array,Shower Plate,DET,M3/M4/M5,M3/M4/M5 DET,17500sheet,1U500,3AED01-PC1,
Array,Shower Plate,DET,M3/M4/M5,M3/M4/M5 DET,17500sheet,1U500,3AED01-PC2,
Array,Shower Plate,DET,M3/M4/M5,M3/M4/M5 DET,17500sheet,1U500,3AED01-PC3,
Array,Shower Plate,DET,M3/M4/M5,M3/M4/M5 DET,17500sheet,1U500,3AED01-PC4,
Array,Shower Plate,DET,M3/M4/M5,M3/M4/M5 DET,17500sheet,1U500,3AED01-PC5,
Array,Shower Plate,DET,M3/M4/M5,M3/M4/M5 DET,17500sheet,1U500,3AED02-PC1,
Array,Shower Plate,DET,M3/M4/M5,M3/M4/M5 DET,17500sheet,1U500,3AED02-PC2,
Array,Shower Plate,DET,M3/M4/M5,M3/M4/M5 DET,17500sheet,1U500,3AED02-PC3,
Array,Shower Plate,DET,M3/M4/M5,M3/M4/M5 DET,17500sheet,1U500,3AED02-PC4,
Array,Shower Plate,DET,M3/M4/M5,M3/M4/M5 DET,17500sheet,1U500,3AED02-PC5,
Array,Shower Plate,DET,M3/M4/M5,M3/M4/M5 DET,17500sheet,1U500,3AED03-PC1,
Array,Shower Plate,DET,M3/M4/M5,M3/M4/M5 DET,17500sheet,1U500,3AED03-PC3,
Array,Shower Plate,DET,M3/M4/M5,M3/M4/M5 DET,17500sheet,1U500,3AED03-PC5,
Array,Shower Plate,DET,M3/M4/M5,M3/M4/M5 DET,17500sheet,1U500,3AED17-PC1,
Array,Shower Plate,DET,M3/M4/M5,M3/M4/M5 DET,17500sheet,1U500,3AED17-PC2,
Array,Shower Plate,DET,M3/M4/M5,M3/M4/M5 DET,17500sheet,1U500,3AED17-PC4,
Array,Shower Plate,DET,M3/M4/M5,M3/M4/M5 DET,17500sheet,1U500,3AED17-PC5,
Array,Shower Plate,DET,M3/M4/M5,M3/M4/M5 DET,17500sheet,1U501,3AED01-PC1,
Array,Shower Plate,DET,M3/M4/M5,M3/M4/M5 DET,17500sheet,1U501,3AED01-PC2,
Array,Shower Plate,DET,M3/M4/M5,M3/M4/M5 DET,17500sheet,1U501,3AED01-PC3,
Array,Shower Plate,DET,M3/M4/M5,M3/M4/M5 DET,17500sheet,1U501,3AED01-PC4,
Array,Shower Plate,DET,M3/M4/M5,M3/M4/M5 DET,17500sheet,1U501,3AED01-PC5,
Array,Shower Plate,DET,M3/M4/M5,M3/M4/M5 DET,17500sheet,1U501,3AED02-PC1,
Array,Shower Plate,DET,M3/M4/M5,M3/M4/M5 DET,17500sheet,1U501,3AED02-PC2,
Array,Shower Plate,DET,M3/M4/M5,M3/M4/M5 DET,17500sheet,1U501,3AED02-PC3,
Array,Shower Plate,DET,M3/M4/M5,M3/M4/M5 DET,17500sheet,1U501,3AED02-PC4,
Array,Shower Plate,DET,M3/M4/M5,M3/M4/M5 DET,17500sheet,1U501,3AED02-PC5,
Array,Shower Plate,DET,M3/M4/M5,M3/M4/M5 DET,17500sheet,1U501,3AED03-PC1,
Array,Shower Plate,DET,M3/M4/M5,M3/M4/M5 DET,17500sheet,1U501,3AED03-PC3,
Array,Shower Plate,DET,M3/M4/M5,M3/M4/M5 DET,17500sheet,1U501,3AED03-PC5,
Array,Shower Plate,DET,M3/M4/M5,M3/M4/M5 DET,17500sheet,1U501,3AED17-PC1,
Array,Shower Plate,DET,M3/M4/M5,M3/M4/M5 DET,17500sheet,1U501,3AED17-PC2,
Array,Shower Plate,DET,M3/M4/M5,M3/M4/M5 DET,17500sheet,1U501,3AED17-PC4,
Array,Shower Plate,DET,M3/M4/M5,M3/M4/M5 DET,17500sheet,1U501,3AED17-PC5,
Array,Shower Plate,DET,M3/M4/M5,M3/M4/M5 DET,17500sheet,1U502,3AED01-PC1,
Array,Shower Plate,DET,M3/M4/M5,M3/M4/M5 DET,17500sheet,1U502,3AED01-PC2,
Array,Shower Plate,DET,M3/M4/M5,M3/M4/M5 DET,17500sheet,1U502,3AED01-PC3,
Array,Shower Plate,DET,M3/M4/M5,M3/M4/M5 DET,17500sheet,1U502,3AED01-PC4,
Array,Shower Plate,DET,M3/M4/M5,M3/M4/M5 DET,17500sheet,1U502,3AED01-PC5,
Array,Shower Plate,DET,M3/M4/M5,M3/M4/M5 DET,17500sheet,1U502,3AED02-PC1,
Array,Shower Plate,DET,M3/M4/M5,M3/M4/M5 DET,17500sheet,1U502,3AED02-PC2,
Array,Shower Plate,DET,M3/M4/M5,M3/M4/M5 DET,17500sheet,1U502,3AED02-PC3,
Array,Shower Plate,DET,M3/M4/M5,M3/M4/M5 DET,17500sheet,1U502,3AED02-PC4,
Array,Shower Plate,DET,M3/M4/M5,M3/M4/M5 DET,17500sheet,1U502,3AED02-PC5,
Array,Shower Plate,DET,M3/M4/M5,M3/M4/M5 DET,17500sheet,1U502,3AED03-PC1,
Array,Shower Plate,DET,M3/M4/M5,M3/M4/M5 DET,17500sheet,1U502,3AED03-PC3,
Array,Shower Plate,DET,M3/M4/M5,M3/M4/M5 DET,17500sheet,1U502,3AED03-PC5,
Array,Shower Plate,DET,M3/M4/M5,M3/M4/M5 DET,17500sheet,1U502,3AED17-PC1,
Array,Shower Plate,DET,M3/M4/M5,M3/M4/M5 DET,17500sheet,1U502,3AED17-PC2,
Array,Shower Plate,DET,M3/M4/M5,M3/M4/M5 DET,17500sheet,1U502,3AED17-PC4,
Array,Shower Plate,DET,M3/M4/M5,M3/M4/M5 DET,17500sheet,1U502,3AED17-PC5,
Array,下电极,DET,M3/M4/M5,M3/M4/M5 DET,65000sheet,15500.0,3AED01-PC1,
Array,下电极,DET,M3/M4/M5,M3/M4/M5 DET,65000sheet,15500.0,3AED01-PC2,
Array,下电极,DET,M3/M4/M5,M3/M4/M5 DET,65000sheet,15500.0,3AED01-PC3,
Array,下电极,DET,M3/M4/M5,M3/M4/M5 DET,65000sheet,15500.0,3AED01-PC4,
Array,下电极,DET,M3/M4/M5,M3/M4/M5 DET,65000sheet,15500.0,3AED01-PC5,
Array,下电极,DET,M3/M4/M5,M3/M4/M5 DET,65000sheet,15500.0,3AED02-PC1,
Array,下电极,DET,M3/M4/M5,M3/M4/M5 DET,65000sheet,15500.0,3AED02-PC2,
Array,下电极,DET,M3/M4/M5,M3/M4/M5 DET,65000sheet,15500.0,3AED02-PC3,
Array,下电极,DET,M3/M4/M5,M3/M4/M5 DET,65000sheet,15500.0,3AED02-PC4,
Array,下电极,DET,M3/M4/M5,M3/M4/M5 DET,65000sheet,15500.0,3AED02-PC5,
Array,下电极,DET,M3/M4/M5,M3/M4/M5 DET,65000sheet,15500.0,3AED03-PC1,
Array,下电极,DET,M3/M4/M5,M3/M4/M5 DET,65000sheet,15500.0,3AED03-PC3,
Array,下电极,DET,M3/M4/M5,M3/M4/M5 DET,65000sheet,15500.0,3AED03-PC5,
Array,下电极,DET,M3/M4/M5,M3/M4/M5 DET,65000sheet,15500.0,3AED17-PC1,
Array,下电极,DET,M3/M4/M5,M3/M4/M5 DET,65000sheet,15500.0,3AED17-PC2,
Array,下电极,DET,M3/M4/M5,M3/M4/M5 DET,65000sheet,15500.0,3AED17-PC4,
Array,下电极,DET,M3/M4/M5,M3/M4/M5 DET,65000sheet,15500.0,3AED17-PC5,
Array,下电极,DET,M3/M4/M5,M3/M4/M5 DET,65000sheet,18500.0,3AED01-PC1,
Array,下电极,DET,M3/M4/M5,M3/M4/M5 DET,65000sheet,18500.0,3AED01-PC2,
Array,下电极,DET,M3/M4/M5,M3/M4/M5 DET,65000sheet,18500.0,3AED01-PC3,
Array,下电极,DET,M3/M4/M5,M3/M4/M5 DET,65000sheet,18500.0,3AED01-PC4,
Array,下电极,DET,M3/M4/M5,M3/M4/M5 DET,65000sheet,18500.0,3AED01-PC5,
Array,下电极,DET,M3/M4/M5,M3/M4/M5 DET,65000sheet,18500.0,3AED02-PC1,
Array,下电极,DET,M3/M4/M5,M3/M4/M5 DET,65000sheet,18500.0,3AED02-PC2,
Array,下电极,DET,M3/M4/M5,M3/M4/M5 DET,65000sheet,18500.0,3AED02-PC3,
Array,下电极,DET,M3/M4/M5,M3/M4/M5 DET,65000sheet,18500.0,3AED02-PC4,
Array,下电极,DET,M3/M4/M5,M3/M4/M5 DET,65000sheet,18500.0,3AED02-PC5,
Array,下电极,DET,M3/M4/M5,M3/M4/M5 DET,65000sheet,18500.0,3AED03-PC1,
Array,下电极,DET,M3/M4/M5,M3/M4/M5 DET,65000sheet,18500.0,3AED03-PC3,
Array,下电极,DET,M3/M4/M5,M3/M4/M5 DET,65000sheet,18500.0,3AED03-PC5,
Array,下电极,DET,M3/M4/M5,M3/M4/M5 DET,65000sheet,18500.0,3AED17-PC1,
Array,下电极,DET,M3/M4/M5,M3/M4/M5 DET,65000sheet,18500.0,3AED17-PC2,
Array,下电极,DET,M3/M4/M5,M3/M4/M5 DET,65000sheet,18500.0,3AED17-PC4,
Array,下电极,DET,M3/M4/M5,M3/M4/M5 DET,65000sheet,18500.0,3AED17-PC5,
Array,下电极,DET,M3/M4/M5,M3/M4/M5 DET,65000sheet,1T500,3AED01-PC1,
Array,下电极,DET,M3/M4/M5,M3/M4/M5 DET,65000sheet,1T500,3AED01-PC2,
Array,下电极,DET,M3/M4/M5,M3/M4/M5 DET,65000sheet,1T500,3AED01-PC3,
Array,下电极,DET,M3/M4/M5,M3/M4/M5 DET,65000sheet,1T500,3AED01-PC4,
Array,下电极,DET,M3/M4/M5,M3/M4/M5 DET,65000sheet,1T500,3AED01-PC5,
Array,下电极,DET,M3/M4/M5,M3/M4/M5 DET,65000sheet,1T500,3AED02-PC1,
Array,下电极,DET,M3/M4/M5,M3/M4/M5 DET,65000sheet,1T500,3AED02-PC2,
Array,下电极,DET,M3/M4/M5,M3/M4/M5 DET,65000sheet,1T500,3AED02-PC3,
Array,下电极,DET,M3/M4/M5,M3/M4/M5 DET,65000sheet,1T500,3AED02-PC4,
Array,下电极,DET,M3/M4/M5,M3/M4/M5 DET,65000sheet,1T500,3AED02-PC5,
Array,下电极,DET,M3/M4/M5,M3/M4/M5 DET,65000sheet,1T500,3AED03-PC1,
Array,下电极,DET,M3/M4/M5,M3/M4/M5 DET,65000sheet,1T500,3AED03-PC3,
Array,下电极,DET,M3/M4/M5,M3/M4/M5 DET,65000sheet,1T500,3AED03-PC5,
Array,下电极,DET,M3/M4/M5,M3/M4/M5 DET,65000sheet,1T500,3AED17-PC1,
Array,下电极,DET,M3/M4/M5,M3/M4/M5 DET,65000sheet,1T500,3AED17-PC2,
Array,下电极,DET,M3/M4/M5,M3/M4/M5 DET,65000sheet,1T500,3AED17-PC4,
Array,下电极,DET,M3/M4/M5,M3/M4/M5 DET,65000sheet,1T500,3AED17-PC5,
Array,下电极,DET,M3/M4/M5,M3/M4/M5 DET,65000sheet,B4500,3AED01-PC1,
Array,下电极,DET,M3/M4/M5,M3/M4/M5 DET,65000sheet,B4500,3AED01-PC2,
Array,下电极,DET,M3/M4/M5,M3/M4/M5 DET,65000sheet,B4500,3AED01-PC3,
Array,下电极,DET,M3/M4/M5,M3/M4/M5 DET,65000sheet,B4500,3AED01-PC4,
Array,下电极,DET,M3/M4/M5,M3/M4/M5 DET,65000sheet,B4500,3AED01-PC5,
Array,下电极,DET,M3/M4/M5,M3/M4/M5 DET,65000sheet,B4500,3AED02-PC1,
Array,下电极,DET,M3/M4/M5,M3/M4/M5 DET,65000sheet,B4500,3AED02-PC2,
Array,下电极,DET,M3/M4/M5,M3/M4/M5 DET,65000sheet,B4500,3AED02-PC3,
Array,下电极,DET,M3/M4/M5,M3/M4/M5 DET,65000sheet,B4500,3AED02-PC4,
Array,下电极,DET,M3/M4/M5,M3/M4/M5 DET,65000sheet,B4500,3AED02-PC5,
Array,下电极,DET,M3/M4/M5,M3/M4/M5 DET,65000sheet,B4500,3AED03-PC1,
Array,下电极,DET,M3/M4/M5,M3/M4/M5 DET,65000sheet,B4500,3AED03-PC3,
Array,下电极,DET,M3/M4/M5,M3/M4/M5 DET,65000sheet,B4500,3AED03-PC5,
Array,下电极,DET,M3/M4/M5,M3/M4/M5 DET,65000sheet,B4500,3AED17-PC1,
Array,下电极,DET,M3/M4/M5,M3/M4/M5 DET,65000sheet,B4500,3AED17-PC2,
Array,下电极,DET,M3/M4/M5,M3/M4/M5 DET,65000sheet,B4500,3AED17-PC4,
Array,下电极,DET,M3/M4/M5,M3/M4/M5 DET,65000sheet,B4500,3AED17-PC5,
Array,下电极,DET,M3/M4/M5,M3/M4/M5 DET,65000sheet,1U500,3AED01-PC1,
Array,下电极,DET,M3/M4/M5,M3/M4/M5 DET,65000sheet,1U500,3AED01-PC2,
Array,下电极,DET,M3/M4/M5,M3/M4/M5 DET,65000sheet,1U500,3AED01-PC3,
Array,下电极,DET,M3/M4/M5,M3/M4/M5 DET,65000sheet,1U500,3AED01-PC4,
Array,下电极,DET,M3/M4/M5,M3/M4/M5 DET,65000sheet,1U500,3AED01-PC5,
Array,下电极,DET,M3/M4/M5,M3/M4/M5 DET,65000sheet,1U500,3AED02-PC1,
Array,下电极,DET,M3/M4/M5,M3/M4/M5 DET,65000sheet,1U500,3AED02-PC2,
Array,下电极,DET,M3/M4/M5,M3/M4/M5 DET,65000sheet,1U500,3AED02-PC3,
Array,下电极,DET,M3/M4/M5,M3/M4/M5 DET,65000sheet,1U500,3AED02-PC4,
Array,下电极,DET,M3/M4/M5,M3/M4/M5 DET,65000sheet,1U500,3AED02-PC5,
Array,下电极,DET,M3/M4/M5,M3/M4/M5 DET,65000sheet,1U500,3AED03-PC1,
Array,下电极,DET,M3/M4/M5,M3/M4/M5 DET,65000sheet,1U500,3AED03-PC3,
Array,下电极,DET,M3/M4/M5,M3/M4/M5 DET,65000sheet,1U500,3AED03-PC5,
Array,下电极,DET,M3/M4/M5,M3/M4/M5 DET,65000sheet,1U500,3AED17-PC1,
Array,下电极,DET,M3/M4/M5,M3/M4/M5 DET,65000sheet,1U500,3AED17-PC2,
Array,下电极,DET,M3/M4/M5,M3/M4/M5 DET,65000sheet,1U500,3AED17-PC4,
Array,下电极,DET,M3/M4/M5,M3/M4/M5 DET,65000sheet,1U500,3AED17-PC5,
Array,下电极,DET,M3/M4/M5,M3/M4/M5 DET,65000sheet,1U501,3AED01-PC1,
Array,下电极,DET,M3/M4/M5,M3/M4/M5 DET,65000sheet,1U501,3AED01-PC2,
Array,下电极,DET,M3/M4/M5,M3/M4/M5 DET,65000sheet,1U501,3AED01-PC3,
Array,下电极,DET,M3/M4/M5,M3/M4/M5 DET,65000sheet,1U501,3AED01-PC4,
Array,下电极,DET,M3/M4/M5,M3/M4/M5 DET,65000sheet,1U501,3AED01-PC5,
Array,下电极,DET,M3/M4/M5,M3/M4/M5 DET,65000sheet,1U501,3AED02-PC1,
Array,下电极,DET,M3/M4/M5,M3/M4/M5 DET,65000sheet,1U501,3AED02-PC2,
Array,下电极,DET,M3/M4/M5,M3/M4/M5 DET,65000sheet,1U501,3AED02-PC3,
Array,下电极,DET,M3/M4/M5,M3/M4/M5 DET,65000sheet,1U501,3AED02-PC4,
Array,下电极,DET,M3/M4/M5,M3/M4/M5 DET,65000sheet,1U501,3AED02-PC5,
Array,下电极,DET,M3/M4/M5,M3/M4/M5 DET,65000sheet,1U501,3AED03-PC1,
Array,下电极,DET,M3/M4/M5,M3/M4/M5 DET,65000sheet,1U501,3AED03-PC3,
Array,下电极,DET,M3/M4/M5,M3/M4/M5 DET,65000sheet,1U501,3AED03-PC5,
Array,下电极,DET,M3/M4/M5,M3/M4/M5 DET,65000sheet,1U501,3AED17-PC1,
Array,下电极,DET,M3/M4/M5,M3/M4/M5 DET,65000sheet,1U501,3AED17-PC2,
Array,下电极,DET,M3/M4/M5,M3/M4/M5 DET,65000sheet,1U501,3AED17-PC4,
Array,下电极,DET,M3/M4/M5,M3/M4/M5 DET,65000sheet,1U501,3AED17-PC5,
Array,下电极,DET,M3/M4/M5,M3/M4/M5 DET,65000sheet,1U502,3AED01-PC1,
Array,下电极,DET,M3/M4/M5,M3/M4/M5 DET,65000sheet,1U502,3AED01-PC2,
Array,下电极,DET,M3/M4/M5,M3/M4/M5 DET,65000sheet,1U502,3AED01-PC3,
Array,下电极,DET,M3/M4/M5,M3/M4/M5 DET,65000sheet,1U502,3AED01-PC4,
Array,下电极,DET,M3/M4/M5,M3/M4/M5 DET,65000sheet,1U502,3AED01-PC5,
Array,下电极,DET,M3/M4/M5,M3/M4/M5 DET,65000sheet,1U502,3AED02-PC1,
Array,下电极,DET,M3/M4/M5,M3/M4/M5 DET,65000sheet,1U502,3AED02-PC2,
Array,下电极,DET,M3/M4/M5,M3/M4/M5 DET,65000sheet,1U502,3AED02-PC3,
Array,下电极,DET,M3/M4/M5,M3/M4/M5 DET,65000sheet,1U502,3AED02-PC4,
Array,下电极,DET,M3/M4/M5,M3/M4/M5 DET,65000sheet,1U502,3AED02-PC5,
Array,下电极,DET,M3/M4/M5,M3/M4/M5 DET,65000sheet,1U502,3AED03-PC1,
Array,下电极,DET,M3/M4/M5,M3/M4/M5 DET,65000sheet,1U502,3AED03-PC3,
Array,下电极,DET,M3/M4/M5,M3/M4/M5 DET,65000sheet,1U502,3AED03-PC5,
Array,下电极,DET,M3/M4/M5,M3/M4/M5 DET,65000sheet,1U502,3AED17-PC1,
Array,下电极,DET,M3/M4/M5,M3/M4/M5 DET,65000sheet,1U502,3AED17-PC2,
Array,下电极,DET,M3/M4/M5,M3/M4/M5 DET,65000sheet,1U502,3AED17-PC4,
Array,下电极,DET,M3/M4/M5,M3/M4/M5 DET,65000sheet,1U502,3AED17-PC5,
Array,陶瓷,DET,M3/M4/M5,M3/M4/M5 DET,17500sheet,15500.0,3AED01-PC1,
Array,陶瓷,DET,M3/M4/M5,M3/M4/M5 DET,17500sheet,15500.0,3AED01-PC2,
Array,陶瓷,DET,M3/M4/M5,M3/M4/M5 DET,17500sheet,15500.0,3AED01-PC3,
Array,陶瓷,DET,M3/M4/M5,M3/M4/M5 DET,17500sheet,15500.0,3AED01-PC4,
Array,陶瓷,DET,M3/M4/M5,M3/M4/M5 DET,17500sheet,15500.0,3AED01-PC5,
Array,陶瓷,DET,M3/M4/M5,M3/M4/M5 DET,17500sheet,15500.0,3AED02-PC1,
Array,陶瓷,DET,M3/M4/M5,M3/M4/M5 DET,17500sheet,15500.0,3AED02-PC2,
Array,陶瓷,DET,M3/M4/M5,M3/M4/M5 DET,17500sheet,15500.0,3AED02-PC3,
Array,陶瓷,DET,M3/M4/M5,M3/M4/M5 DET,17500sheet,15500.0,3AED02-PC4,
Array,陶瓷,DET,M3/M4/M5,M3/M4/M5 DET,17500sheet,15500.0,3AED02-PC5,
Array,陶瓷,DET,M3/M4/M5,M3/M4/M5 DET,17500sheet,15500.0,3AED03-PC1,
Array,陶瓷,DET,M3/M4/M5,M3/M4/M5 DET,17500sheet,15500.0,3AED03-PC3,
Array,陶瓷,DET,M3/M4/M5,M3/M4/M5 DET,17500sheet,15500.0,3AED03-PC5,
Array,陶瓷,DET,M3/M4/M5,M3/M4/M5 DET,17500sheet,15500.0,3AED17-PC1,
Array,陶瓷,DET,M3/M4/M5,M3/M4/M5 DET,17500sheet,15500.0,3AED17-PC2,
Array,陶瓷,DET,M3/M4/M5,M3/M4/M5 DET,17500sheet,15500.0,3AED17-PC4,
Array,陶瓷,DET,M3/M4/M5,M3/M4/M5 DET,17500sheet,15500.0,3AED17-PC5,
Array,陶瓷,DET,M3/M4/M5,M3/M4/M5 DET,17500sheet,18500.0,3AED01-PC1,
Array,陶瓷,DET,M3/M4/M5,M3/M4/M5 DET,17500sheet,18500.0,3AED01-PC2,
Array,陶瓷,DET,M3/M4/M5,M3/M4/M5 DET,17500sheet,18500.0,3AED01-PC3,
Array,陶瓷,DET,M3/M4/M5,M3/M4/M5 DET,17500sheet,18500.0,3AED01-PC4,
Array,陶瓷,DET,M3/M4/M5,M3/M4/M5 DET,17500sheet,18500.0,3AED01-PC5,
Array,陶瓷,DET,M3/M4/M5,M3/M4/M5 DET,17500sheet,18500.0,3AED02-PC1,
Array,陶瓷,DET,M3/M4/M5,M3/M4/M5 DET,17500sheet,18500.0,3AED02-PC2,
Array,陶瓷,DET,M3/M4/M5,M3/M4/M5 DET,17500sheet,18500.0,3AED02-PC3,
Array,陶瓷,DET,M3/M4/M5,M3/M4/M5 DET,17500sheet,18500.0,3AED02-PC4,
Array,陶瓷,DET,M3/M4/M5,M3/M4/M5 DET,17500sheet,18500.0,3AED02-PC5,
Array,陶瓷,DET,M3/M4/M5,M3/M4/M5 DET,17500sheet,18500.0,3AED03-PC1,
Array,陶瓷,DET,M3/M4/M5,M3/M4/M5 DET,17500sheet,18500.0,3AED03-PC3,
Array,陶瓷,DET,M3/M4/M5,M3/M4/M5 DET,17500sheet,18500.0,3AED03-PC5,
Array,陶瓷,DET,M3/M4/M5,M3/M4/M5 DET,17500sheet,18500.0,3AED17-PC1,
Array,陶瓷,DET,M3/M4/M5,M3/M4/M5 DET,17500sheet,18500.0,3AED17-PC2,
Array,陶瓷,DET,M3/M4/M5,M3/M4/M5 DET,17500sheet,18500.0,3AED17-PC4,
Array,陶瓷,DET,M3/M4/M5,M3/M4/M5 DET,17500sheet,18500.0,3AED17-PC5,
Array,陶瓷,DET,M3/M4/M5,M3/M4/M5 DET,17500sheet,1T500,3AED01-PC1,
Array,陶瓷,DET,M3/M4/M5,M3/M4/M5 DET,17500sheet,1T500,3AED01-PC2,
Array,陶瓷,DET,M3/M4/M5,M3/M4/M5 DET,17500sheet,1T500,3AED01-PC3,
Array,陶瓷,DET,M3/M4/M5,M3/M4/M5 DET,17500sheet,1T500,3AED01-PC4,
Array,陶瓷,DET,M3/M4/M5,M3/M4/M5 DET,17500sheet,1T500,3AED01-PC5,
Array,陶瓷,DET,M3/M4/M5,M3/M4/M5 DET,17500sheet,1T500,3AED02-PC1,
Array,陶瓷,DET,M3/M4/M5,M3/M4/M5 DET,17500sheet,1T500,3AED02-PC2,
Array,陶瓷,DET,M3/M4/M5,M3/M4/M5 DET,17500sheet,1T500,3AED02-PC3,
Array,陶瓷,DET,M3/M4/M5,M3/M4/M5 DET,17500sheet,1T500,3AED02-PC4,
Array,陶瓷,DET,M3/M4/M5,M3/M4/M5 DET,17500sheet,1T500,3AED02-PC5,
Array,陶瓷,DET,M3/M4/M5,M3/M4/M5 DET,17500sheet,1T500,3AED03-PC1,
Array,陶瓷,DET,M3/M4/M5,M3/M4/M5 DET,17500sheet,1T500,3AED03-PC3,
Array,陶瓷,DET,M3/M4/M5,M3/M4/M5 DET,17500sheet,1T500,3AED03-PC5,
Array,陶瓷,DET,M3/M4/M5,M3/M4/M5 DET,17500sheet,1T500,3AED17-PC1,
Array,陶瓷,DET,M3/M4/M5,M3/M4/M5 DET,17500sheet,1T500,3AED17-PC2,
Array,陶瓷,DET,M3/M4/M5,M3/M4/M5 DET,17500sheet,1T500,3AED17-PC4,
Array,陶瓷,DET,M3/M4/M5,M3/M4/M5 DET,17500sheet,1T500,3AED17-PC5,
Array,陶瓷,DET,M3/M4/M5,M3/M4/M5 DET,17500sheet,B4500,3AED01-PC1,
Array,陶瓷,DET,M3/M4/M5,M3/M4/M5 DET,17500sheet,B4500,3AED01-PC2,
Array,陶瓷,DET,M3/M4/M5,M3/M4/M5 DET,17500sheet,B4500,3AED01-PC3,
Array,陶瓷,DET,M3/M4/M5,M3/M4/M5 DET,17500sheet,B4500,3AED01-PC4,
Array,陶瓷,DET,M3/M4/M5,M3/M4/M5 DET,17500sheet,B4500,3AED01-PC5,
Array,陶瓷,DET,M3/M4/M5,M3/M4/M5 DET,17500sheet,B4500,3AED02-PC1,
Array,陶瓷,DET,M3/M4/M5,M3/M4/M5 DET,17500sheet,B4500,3AED02-PC2,
Array,陶瓷,DET,M3/M4/M5,M3/M4/M5 DET,17500sheet,B4500,3AED02-PC3,
Array,陶瓷,DET,M3/M4/M5,M3/M4/M5 DET,17500sheet,B4500,3AED02-PC4,
Array,陶瓷,DET,M3/M4/M5,M3/M4/M5 DET,17500sheet,B4500,3AED02-PC5,
Array,陶瓷,DET,M3/M4/M5,M3/M4/M5 DET,17500sheet,B4500,3AED03-PC1,
Array,陶瓷,DET,M3/M4/M5,M3/M4/M5 DET,17500sheet,B4500,3AED03-PC3,
Array,陶瓷,DET,M3/M4/M5,M3/M4/M5 DET,17500sheet,B4500,3AED03-PC5,
Array,陶瓷,DET,M3/M4/M5,M3/M4/M5 DET,17500sheet,B4500,3AED17-PC1,
Array,陶瓷,DET,M3/M4/M5,M3/M4/M5 DET,17500sheet,B4500,3AED17-PC2,
Array,陶瓷,DET,M3/M4/M5,M3/M4/M5 DET,17500sheet,B4500,3AED17-PC4,
Array,陶瓷,DET,M3/M4/M5,M3/M4/M5 DET,17500sheet,B4500,3AED17-PC5,
Array,陶瓷,DET,M3/M4/M5,M3/M4/M5 DET,17500sheet,1U500,3AED01-PC1,
Array,陶瓷,DET,M3/M4/M5,M3/M4/M5 DET,17500sheet,1U500,3AED01-PC2,
Array,陶瓷,DET,M3/M4/M5,M3/M4/M5 DET,17500sheet,1U500,3AED01-PC3,
Array,陶瓷,DET,M3/M4/M5,M3/M4/M5 DET,17500sheet,1U500,3AED01-PC4,
Array,陶瓷,DET,M3/M4/M5,M3/M4/M5 DET,17500sheet,1U500,3AED01-PC5,
Array,陶瓷,DET,M3/M4/M5,M3/M4/M5 DET,17500sheet,1U500,3AED02-PC1,
Array,陶瓷,DET,M3/M4/M5,M3/M4/M5 DET,17500sheet,1U500,3AED02-PC2,
Array,陶瓷,DET,M3/M4/M5,M3/M4/M5 DET,17500sheet,1U500,3AED02-PC3,
Array,陶瓷,DET,M3/M4/M5,M3/M4/M5 DET,17500sheet,1U500,3AED02-PC4,
Array,陶瓷,DET,M3/M4/M5,M3/M4/M5 DET,17500sheet,1U500,3AED02-PC5,
Array,陶瓷,DET,M3/M4/M5,M3/M4/M5 DET,17500sheet,1U500,3AED03-PC1,
Array,陶瓷,DET,M3/M4/M5,M3/M4/M5 DET,17500sheet,1U500,3AED03-PC3,
Array,陶瓷,DET,M3/M4/M5,M3/M4/M5 DET,17500sheet,1U500,3AED03-PC5,
Array,陶瓷,DET,M3/M4/M5,M3/M4/M5 DET,17500sheet,1U500,3AED17-PC1,
Array,陶瓷,DET,M3/M4/M5,M3/M4/M5 DET,17500sheet,1U500,3AED17-PC2,
Array,陶瓷,DET,M3/M4/M5,M3/M4/M5 DET,17500sheet,1U500,3AED17-PC4,
Array,陶瓷,DET,M3/M4/M5,M3/M4/M5 DET,17500sheet,1U500,3AED17-PC5,
Array,陶瓷,DET,M3/M4/M5,M3/M4/M5 DET,17500sheet,1U501,3AED01-PC1,
Array,陶瓷,DET,M3/M4/M5,M3/M4/M5 DET,17500sheet,1U501,3AED01-PC2,
Array,陶瓷,DET,M3/M4/M5,M3/M4/M5 DET,17500sheet,1U501,3AED01-PC3,
Array,陶瓷,DET,M3/M4/M5,M3/M4/M5 DET,17500sheet,1U501,3AED01-PC4,
Array,陶瓷,DET,M3/M4/M5,M3/M4/M5 DET,17500sheet,1U501,3AED01-PC5,
Array,陶瓷,DET,M3/M4/M5,M3/M4/M5 DET,17500sheet,1U501,3AED02-PC1,
Array,陶瓷,DET,M3/M4/M5,M3/M4/M5 DET,17500sheet,1U501,3AED02-PC2,
Array,陶瓷,DET,M3/M4/M5,M3/M4/M5 DET,17500sheet,1U501,3AED02-PC3,
Array,陶瓷,DET,M3/M4/M5,M3/M4/M5 DET,17500sheet,1U501,3AED02-PC4,
Array,陶瓷,DET,M3/M4/M5,M3/M4/M5 DET,17500sheet,1U501,3AED02-PC5,
Array,陶瓷,DET,M3/M4/M5,M3/M4/M5 DET,17500sheet,1U501,3AED03-PC1,
Array,陶瓷,DET,M3/M4/M5,M3/M4/M5 DET,17500sheet,1U501,3AED03-PC3,
Array,陶瓷,DET,M3/M4/M5,M3/M4/M5 DET,17500sheet,1U501,3AED03-PC5,
Array,陶瓷,DET,M3/M4/M5,M3/M4/M5 DET,17500sheet,1U501,3AED17-PC1,
Array,陶瓷,DET,M3/M4/M5,M3/M4/M5 DET,17500sheet,1U501,3AED17-PC2,
Array,陶瓷,DET,M3/M4/M5,M3/M4/M5 DET,17500sheet,1U501,3AED17-PC4,
Array,陶瓷,DET,M3/M4/M5,M3/M4/M5 DET,17500sheet,1U501,3AED17-PC5,
Array,陶瓷,DET,M3/M4/M5,M3/M4/M5 DET,17500sheet,1U502,3AED01-PC1,
Array,陶瓷,DET,M3/M4/M5,M3/M4/M5 DET,17500sheet,1U502,3AED01-PC2,
Array,陶瓷,DET,M3/M4/M5,M3/M4/M5 DET,17500sheet,1U502,3AED01-PC3,
Array,陶瓷,DET,M3/M4/M5,M3/M4/M5 DET,17500sheet,1U502,3AED01-PC4,
Array,陶瓷,DET,M3/M4/M5,M3/M4/M5 DET,17500sheet,1U502,3AED01-PC5,
Array,陶瓷,DET,M3/M4/M5,M3/M4/M5 DET,17500sheet,1U502,3AED02-PC1,
Array,陶瓷,DET,M3/M4/M5,M3/M4/M5 DET,17500sheet,1U502,3AED02-PC2,
Array,陶瓷,DET,M3/M4/M5,M3/M4/M5 DET,17500sheet,1U502,3AED02-PC3,
Array,陶瓷,DET,M3/M4/M5,M3/M4/M5 DET,17500sheet,1U502,3AED02-PC4,
Array,陶瓷,DET,M3/M4/M5,M3/M4/M5 DET,17500sheet,1U502,3AED02-PC5,
Array,陶瓷,DET,M3/M4/M5,M3/M4/M5 DET,17500sheet,1U502,3AED03-PC1,
Array,陶瓷,DET,M3/M4/M5,M3/M4/M5 DET,17500sheet,1U502,3AED03-PC3,
Array,陶瓷,DET,M3/M4/M5,M3/M4/M5 DET,17500sheet,1U502,3AED03-PC5,
Array,陶瓷,DET,M3/M4/M5,M3/M4/M5 DET,17500sheet,1U502,3AED17-PC1,
Array,陶瓷,DET,M3/M4/M5,M3/M4/M5 DET,17500sheet,1U502,3AED17-PC2,
Array,陶瓷,DET,M3/M4/M5,M3/M4/M5 DET,17500sheet,1U502,3AED17-PC4,
Array,陶瓷,DET,M3/M4/M5,M3/M4/M5 DET,17500sheet,1U502,3AED17-PC5,
Array,Shower Plate,DET,ILD,ILD DET,7500sheet,14500.0,3AED04-PC1,
Array,Shower Plate,DET,ILD,ILD DET,7500sheet,14500.0,3AED04-PC2,
Array,Shower Plate,DET,ILD,ILD DET,7500sheet,14500.0,3AED04-PC4,
Array,Shower Plate,DET,ILD,ILD DET,7500sheet,14500.0,3AED04-PC5,
Array,Shower Plate,DET,ILD,ILD DET,7500sheet,14500.0,3AED10-PC1,
Array,Shower Plate,DET,ILD,ILD DET,7500sheet,14500.0,3AED10-PC3,
Array,Shower Plate,DET,ILD,ILD DET,7500sheet,14500.0,3AED10-PC4,
Array,Shower Plate,DET,ILD,ILD DET,7500sheet,14500.0,3AED10-PC5,
Array,Shower Plate,DET,ILD,ILD DET,7500sheet,14500.0,3AED11-PC4,
Array,Shower Plate,DET,ILD,ILD DET,7500sheet,14500.0,3AED11-PC5,
Array,下电极,DET,ILD,ILD DET,57000sheet,14500.0,3AED04-PC1,
Array,下电极,DET,ILD,ILD DET,57000sheet,14500.0,3AED04-PC2,
Array,下电极,DET,ILD,ILD DET,57000sheet,14500.0,3AED04-PC4,
Array,下电极,DET,ILD,ILD DET,57000sheet,14500.0,3AED04-PC5,
Array,下电极,DET,ILD,ILD DET,57000sheet,14500.0,3AED10-PC1,
Array,下电极,DET,ILD,ILD DET,57000sheet,14500.0,3AED10-PC3,
Array,下电极,DET,ILD,ILD DET,57000sheet,14500.0,3AED10-PC4,
Array,下电极,DET,ILD,ILD DET,57000sheet,14500.0,3AED10-PC5,
Array,下电极,DET,ILD,ILD DET,57000sheet,14500.0,3AED11-PC4,
Array,下电极,DET,ILD,ILD DET,57000sheet,14500.0,3AED11-PC5,
Array,陶瓷,DET,ILD,ILD DET,7500sheet,14500.0,3AED04-PC1,
Array,陶瓷,DET,ILD,ILD DET,7500sheet,14500.0,3AED04-PC2,
Array,陶瓷,DET,ILD,ILD DET,7500sheet,14500.0,3AED04-PC4,
Array,陶瓷,DET,ILD,ILD DET,7500sheet,14500.0,3AED04-PC5,
Array,陶瓷,DET,ILD,ILD DET,7500sheet,14500.0,3AED10-PC1,
Array,陶瓷,DET,ILD,ILD DET,7500sheet,14500.0,3AED10-PC3,
Array,陶瓷,DET,ILD,ILD DET,7500sheet,14500.0,3AED10-PC4,
Array,陶瓷,DET,ILD,ILD DET,7500sheet,14500.0,3AED10-PC5,
Array,陶瓷,DET,ILD,ILD DET,7500sheet,14500.0,3AED11-PC4,
Array,陶瓷,DET,ILD,ILD DET,7500sheet,14500.0,3AED11-PC5,
Array,Shower Plate,DET,PV/Buffer,PV/Buffer DET,15000sheet,1J500,3AED09-PC1,
Array,Shower Plate,DET,PV/Buffer,PV/Buffer DET,15000sheet,1J500,3AED09-PC2,
Array,Shower Plate,DET,PV/Buffer,PV/Buffer DET,15000sheet,1J500,3AED09-PC3,
Array,Shower Plate,DET,PV/Buffer,PV/Buffer DET,15000sheet,1J500,3AED09-PC4,
Array,Shower Plate,DET,PV/Buffer,PV/Buffer DET,15000sheet,1J500,3AED09-PC5,
Array,Shower Plate,DET,PV/Buffer,PV/Buffer DET,15000sheet,1J500,3AED11-PC1,
Array,Shower Plate,DET,PV/Buffer,PV/Buffer DET,15000sheet,1J500,3AED11-PC2,
Array,Shower Plate,DET,PV/Buffer,PV/Buffer DET,15000sheet,1J500,3AED11-PC3,
Array,Shower Plate,DET,PV/Buffer,PV/Buffer DET,15000sheet,1J500,3AED12-PC3,
Array,Shower Plate,DET,PV/Buffer,PV/Buffer DET,15000sheet,1J500,3AED12-PC5,
Array,Shower Plate,DET,PV/Buffer,PV/Buffer DET,15000sheet,1L500,3AED09-PC1,
Array,Shower Plate,DET,PV/Buffer,PV/Buffer DET,15000sheet,1L500,3AED09-PC2,
Array,Shower Plate,DET,PV/Buffer,PV/Buffer DET,15000sheet,1L500,3AED09-PC3,
Array,Shower Plate,DET,PV/Buffer,PV/Buffer DET,15000sheet,1L500,3AED09-PC4,
Array,Shower Plate,DET,PV/Buffer,PV/Buffer DET,15000sheet,1L500,3AED09-PC5,
Array,Shower Plate,DET,PV/Buffer,PV/Buffer DET,15000sheet,1L500,3AED11-PC1,
Array,Shower Plate,DET,PV/Buffer,PV/Buffer DET,15000sheet,1L500,3AED11-PC2,
Array,Shower Plate,DET,PV/Buffer,PV/Buffer DET,15000sheet,1L500,3AED11-PC3,
Array,Shower Plate,DET,PV/Buffer,PV/Buffer DET,15000sheet,1L500,3AED12-PC3,
Array,Shower Plate,DET,PV/Buffer,PV/Buffer DET,15000sheet,1L500,3AED12-PC5,
Array,Shower Plate,DET,PV/Buffer,PV/Buffer DET,15000sheet,1H500,3AED09-PC1,
Array,Shower Plate,DET,PV/Buffer,PV/Buffer DET,15000sheet,1H500,3AED09-PC2,
Array,Shower Plate,DET,PV/Buffer,PV/Buffer DET,15000sheet,1H500,3AED09-PC3,
Array,Shower Plate,DET,PV/Buffer,PV/Buffer DET,15000sheet,1H500,3AED09-PC4,
Array,Shower Plate,DET,PV/Buffer,PV/Buffer DET,15000sheet,1H500,3AED09-PC5,
Array,Shower Plate,DET,PV/Buffer,PV/Buffer DET,15000sheet,1H500,3AED11-PC1,
Array,Shower Plate,DET,PV/Buffer,PV/Buffer DET,15000sheet,1H500,3AED11-PC2,
Array,Shower Plate,DET,PV/Buffer,PV/Buffer DET,15000sheet,1H500,3AED11-PC3,
Array,Shower Plate,DET,PV/Buffer,PV/Buffer DET,15000sheet,1H500,3AED12-PC3,
Array,Shower Plate,DET,PV/Buffer,PV/Buffer DET,15000sheet,1H500,3AED12-PC5,
Array,Shower Plate,DET,PV/Buffer,PV/Buffer DET,15000sheet,1P500,3AED09-PC1,
Array,Shower Plate,DET,PV/Buffer,PV/Buffer DET,15000sheet,1P500,3AED09-PC2,
Array,Shower Plate,DET,PV/Buffer,PV/Buffer DET,15000sheet,1P500,3AED09-PC3,
Array,Shower Plate,DET,PV/Buffer,PV/Buffer DET,15000sheet,1P500,3AED09-PC4,
Array,Shower Plate,DET,PV/Buffer,PV/Buffer DET,15000sheet,1P500,3AED09-PC5,
Array,Shower Plate,DET,PV/Buffer,PV/Buffer DET,15000sheet,1P500,3AED11-PC1,
Array,Shower Plate,DET,PV/Buffer,PV/Buffer DET,15000sheet,1P500,3AED11-PC2,
Array,Shower Plate,DET,PV/Buffer,PV/Buffer DET,15000sheet,1P500,3AED11-PC3,
Array,Shower Plate,DET,PV/Buffer,PV/Buffer DET,15000sheet,1P500,3AED12-PC3,
Array,Shower Plate,DET,PV/Buffer,PV/Buffer DET,15000sheet,1P500,3AED12-PC5,
Array,Shower Plate,DET,PV/Buffer,PV/Buffer DET,15000sheet,1P501,3AED09-PC1,
Array,Shower Plate,DET,PV/Buffer,PV/Buffer DET,15000sheet,1P501,3AED09-PC2,
Array,Shower Plate,DET,PV/Buffer,PV/Buffer DET,15000sheet,1P501,3AED09-PC3,
Array,Shower Plate,DET,PV/Buffer,PV/Buffer DET,15000sheet,1P501,3AED09-PC4,
Array,Shower Plate,DET,PV/Buffer,PV/Buffer DET,15000sheet,1P501,3AED09-PC5,
Array,Shower Plate,DET,PV/Buffer,PV/Buffer DET,15000sheet,1P501,3AED11-PC1,
Array,Shower Plate,DET,PV/Buffer,PV/Buffer DET,15000sheet,1P501,3AED11-PC2,
Array,Shower Plate,DET,PV/Buffer,PV/Buffer DET,15000sheet,1P501,3AED11-PC3,
Array,Shower Plate,DET,PV/Buffer,PV/Buffer DET,15000sheet,1P501,3AED12-PC3,
Array,Shower Plate,DET,PV/Buffer,PV/Buffer DET,15000sheet,1P501,3AED12-PC5,
Array,Shower Plate,DET,PV/Buffer,PV/Buffer DET,15000sheet,B2500,3AED09-PC1,
Array,Shower Plate,DET,PV/Buffer,PV/Buffer DET,15000sheet,B2500,3AED09-PC2,
Array,Shower Plate,DET,PV/Buffer,PV/Buffer DET,15000sheet,B2500,3AED09-PC3,
Array,Shower Plate,DET,PV/Buffer,PV/Buffer DET,15000sheet,B2500,3AED09-PC4,
Array,Shower Plate,DET,PV/Buffer,PV/Buffer DET,15000sheet,B2500,3AED09-PC5,
Array,Shower Plate,DET,PV/Buffer,PV/Buffer DET,15000sheet,B2500,3AED11-PC1,
Array,Shower Plate,DET,PV/Buffer,PV/Buffer DET,15000sheet,B2500,3AED11-PC2,
Array,Shower Plate,DET,PV/Buffer,PV/Buffer DET,15000sheet,B2500,3AED11-PC3,
Array,Shower Plate,DET,PV/Buffer,PV/Buffer DET,15000sheet,B2500,3AED12-PC3,
Array,Shower Plate,DET,PV/Buffer,PV/Buffer DET,15000sheet,B2500,3AED12-PC5,
Array,Shower Plate,DET,PV/Buffer,PV/Buffer DET,15000sheet,1D500,3AED09-PC1,
Array,Shower Plate,DET,PV/Buffer,PV/Buffer DET,15000sheet,1D500,3AED09-PC2,
Array,Shower Plate,DET,PV/Buffer,PV/Buffer DET,15000sheet,1D500,3AED09-PC3,
Array,Shower Plate,DET,PV/Buffer,PV/Buffer DET,15000sheet,1D500,3AED09-PC4,
Array,Shower Plate,DET,PV/Buffer,PV/Buffer DET,15000sheet,1D500,3AED09-PC5,
Array,Shower Plate,DET,PV/Buffer,PV/Buffer DET,15000sheet,1D500,3AED11-PC1,
Array,Shower Plate,DET,PV/Buffer,PV/Buffer DET,15000sheet,1D500,3AED11-PC2,
Array,Shower Plate,DET,PV/Buffer,PV/Buffer DET,15000sheet,1D500,3AED11-PC3,
Array,Shower Plate,DET,PV/Buffer,PV/Buffer DET,15000sheet,1D500,3AED12-PC3,
Array,Shower Plate,DET,PV/Buffer,PV/Buffer DET,15000sheet,1D500,3AED12-PC5,
Array,下电极,DET,PV/Buffer,PV/Buffer DET,160000sheet,1J500,3AED09-PC1,
Array,下电极,DET,PV/Buffer,PV/Buffer DET,160000sheet,1J500,3AED09-PC2,
Array,下电极,DET,PV/Buffer,PV/Buffer DET,160000sheet,1J500,3AED09-PC3,
Array,下电极,DET,PV/Buffer,PV/Buffer DET,160000sheet,1J500,3AED09-PC4,
Array,下电极,DET,PV/Buffer,PV/Buffer DET,160000sheet,1J500,3AED09-PC5,
Array,下电极,DET,PV/Buffer,PV/Buffer DET,160000sheet,1J500,3AED11-PC1,
Array,下电极,DET,PV/Buffer,PV/Buffer DET,160000sheet,1J500,3AED11-PC2,
Array,下电极,DET,PV/Buffer,PV/Buffer DET,160000sheet,1J500,3AED11-PC3,
Array,下电极,DET,PV/Buffer,PV/Buffer DET,160000sheet,1J500,3AED12-PC3,
Array,下电极,DET,PV/Buffer,PV/Buffer DET,160000sheet,1J500,3AED12-PC5,
Array,下电极,DET,PV/Buffer,PV/Buffer DET,160000sheet,1L500,3AED09-PC1,
Array,下电极,DET,PV/Buffer,PV/Buffer DET,160000sheet,1L500,3AED09-PC2,
Array,下电极,DET,PV/Buffer,PV/Buffer DET,160000sheet,1L500,3AED09-PC3,
Array,下电极,DET,PV/Buffer,PV/Buffer DET,160000sheet,1L500,3AED09-PC4,
Array,下电极,DET,PV/Buffer,PV/Buffer DET,160000sheet,1L500,3AED09-PC5,
Array,下电极,DET,PV/Buffer,PV/Buffer DET,160000sheet,1L500,3AED11-PC1,
Array,下电极,DET,PV/Buffer,PV/Buffer DET,160000sheet,1L500,3AED11-PC2,
Array,下电极,DET,PV/Buffer,PV/Buffer DET,160000sheet,1L500,3AED11-PC3,
Array,下电极,DET,PV/Buffer,PV/Buffer DET,160000sheet,1L500,3AED12-PC3,
Array,下电极,DET,PV/Buffer,PV/Buffer DET,160000sheet,1L500,3AED12-PC5,
Array,下电极,DET,PV/Buffer,PV/Buffer DET,160000sheet,1H500,3AED09-PC1,
Array,下电极,DET,PV/Buffer,PV/Buffer DET,160000sheet,1H500,3AED09-PC2,
Array,下电极,DET,PV/Buffer,PV/Buffer DET,160000sheet,1H500,3AED09-PC3,
Array,下电极,DET,PV/Buffer,PV/Buffer DET,160000sheet,1H500,3AED09-PC4,
Array,下电极,DET,PV/Buffer,PV/Buffer DET,160000sheet,1H500,3AED09-PC5,
Array,下电极,DET,PV/Buffer,PV/Buffer DET,160000sheet,1H500,3AED11-PC1,
Array,下电极,DET,PV/Buffer,PV/Buffer DET,160000sheet,1H500,3AED11-PC2,
Array,下电极,DET,PV/Buffer,PV/Buffer DET,160000sheet,1H500,3AED11-PC3,
Array,下电极,DET,PV/Buffer,PV/Buffer DET,160000sheet,1H500,3AED12-PC3,
Array,下电极,DET,PV/Buffer,PV/Buffer DET,160000sheet,1H500,3AED12-PC5,
Array,下电极,DET,PV/Buffer,PV/Buffer DET,160000sheet,1P500,3AED09-PC1,
Array,下电极,DET,PV/Buffer,PV/Buffer DET,160000sheet,1P500,3AED09-PC2,
Array,下电极,DET,PV/Buffer,PV/Buffer DET,160000sheet,1P500,3AED09-PC3,
Array,下电极,DET,PV/Buffer,PV/Buffer DET,160000sheet,1P500,3AED09-PC4,
Array,下电极,DET,PV/Buffer,PV/Buffer DET,160000sheet,1P500,3AED09-PC5,
Array,下电极,DET,PV/Buffer,PV/Buffer DET,160000sheet,1P500,3AED11-PC1,
Array,下电极,DET,PV/Buffer,PV/Buffer DET,160000sheet,1P500,3AED11-PC2,
Array,下电极,DET,PV/Buffer,PV/Buffer DET,160000sheet,1P500,3AED11-PC3,
Array,下电极,DET,PV/Buffer,PV/Buffer DET,160000sheet,1P500,3AED12-PC3,
Array,下电极,DET,PV/Buffer,PV/Buffer DET,160000sheet,1P500,3AED12-PC5,
Array,下电极,DET,PV/Buffer,PV/Buffer DET,160000sheet,1P501,3AED09-PC1,
Array,下电极,DET,PV/Buffer,PV/Buffer DET,160000sheet,1P501,3AED09-PC2,
Array,下电极,DET,PV/Buffer,PV/Buffer DET,160000sheet,1P501,3AED09-PC3,
Array,下电极,DET,PV/Buffer,PV/Buffer DET,160000sheet,1P501,3AED09-PC4,
Array,下电极,DET,PV/Buffer,PV/Buffer DET,160000sheet,1P501,3AED09-PC5,
Array,下电极,DET,PV/Buffer,PV/Buffer DET,160000sheet,1P501,3AED11-PC1,
Array,下电极,DET,PV/Buffer,PV/Buffer DET,160000sheet,1P501,3AED11-PC2,
Array,下电极,DET,PV/Buffer,PV/Buffer DET,160000sheet,1P501,3AED11-PC3,
Array,下电极,DET,PV/Buffer,PV/Buffer DET,160000sheet,1P501,3AED12-PC3,
Array,下电极,DET,PV/Buffer,PV/Buffer DET,160000sheet,1P501,3AED12-PC5,
Array,下电极,DET,PV/Buffer,PV/Buffer DET,160000sheet,B2500,3AED09-PC1,
Array,下电极,DET,PV/Buffer,PV/Buffer DET,160000sheet,B2500,3AED09-PC2,
Array,下电极,DET,PV/Buffer,PV/Buffer DET,160000sheet,B2500,3AED09-PC3,
Array,下电极,DET,PV/Buffer,PV/Buffer DET,160000sheet,B2500,3AED09-PC4,
Array,下电极,DET,PV/Buffer,PV/Buffer DET,160000sheet,B2500,3AED09-PC5,
Array,下电极,DET,PV/Buffer,PV/Buffer DET,160000sheet,B2500,3AED11-PC1,
Array,下电极,DET,PV/Buffer,PV/Buffer DET,160000sheet,B2500,3AED11-PC2,
Array,下电极,DET,PV/Buffer,PV/Buffer DET,160000sheet,B2500,3AED11-PC3,
Array,下电极,DET,PV/Buffer,PV/Buffer DET,160000sheet,B2500,3AED12-PC3,
Array,下电极,DET,PV/Buffer,PV/Buffer DET,160000sheet,B2500,3AED12-PC5,
Array,下电极,DET,PV/Buffer,PV/Buffer DET,160000sheet,1D500,3AED09-PC1,
Array,下电极,DET,PV/Buffer,PV/Buffer DET,160000sheet,1D500,3AED09-PC2,
Array,下电极,DET,PV/Buffer,PV/Buffer DET,160000sheet,1D500,3AED09-PC3,
Array,下电极,DET,PV/Buffer,PV/Buffer DET,160000sheet,1D500,3AED09-PC4,
Array,下电极,DET,PV/Buffer,PV/Buffer DET,160000sheet,1D500,3AED09-PC5,
Array,下电极,DET,PV/Buffer,PV/Buffer DET,160000sheet,1D500,3AED11-PC1,
Array,下电极,DET,PV/Buffer,PV/Buffer DET,160000sheet,1D500,3AED11-PC2,
Array,下电极,DET,PV/Buffer,PV/Buffer DET,160000sheet,1D500,3AED11-PC3,
Array,下电极,DET,PV/Buffer,PV/Buffer DET,160000sheet,1D500,3AED12-PC3,
Array,下电极,DET,PV/Buffer,PV/Buffer DET,160000sheet,1D500,3AED12-PC5,
Array,陶瓷,DET,PV/Buffer,PV/Buffer DET,15000sheet,1J500,3AED09-PC1,
Array,陶瓷,DET,PV/Buffer,PV/Buffer DET,15000sheet,1J500,3AED09-PC2,
Array,陶瓷,DET,PV/Buffer,PV/Buffer DET,15000sheet,1J500,3AED09-PC3,
Array,陶瓷,DET,PV/Buffer,PV/Buffer DET,15000sheet,1J500,3AED09-PC4,
Array,陶瓷,DET,PV/Buffer,PV/Buffer DET,15000sheet,1J500,3AED09-PC5,
Array,陶瓷,DET,PV/Buffer,PV/Buffer DET,15000sheet,1J500,3AED11-PC1,
Array,陶瓷,DET,PV/Buffer,PV/Buffer DET,15000sheet,1J500,3AED11-PC2,
Array,陶瓷,DET,PV/Buffer,PV/Buffer DET,15000sheet,1J500,3AED11-PC3,
Array,陶瓷,DET,PV/Buffer,PV/Buffer DET,15000sheet,1J500,3AED12-PC3,
Array,陶瓷,DET,PV/Buffer,PV/Buffer DET,15000sheet,1J500,3AED12-PC5,
Array,陶瓷,DET,PV/Buffer,PV/Buffer DET,15000sheet,1L500,3AED09-PC1,
Array,陶瓷,DET,PV/Buffer,PV/Buffer DET,15000sheet,1L500,3AED09-PC2,
Array,陶瓷,DET,PV/Buffer,PV/Buffer DET,15000sheet,1L500,3AED09-PC3,
Array,陶瓷,DET,PV/Buffer,PV/Buffer DET,15000sheet,1L500,3AED09-PC4,
Array,陶瓷,DET,PV/Buffer,PV/Buffer DET,15000sheet,1L500,3AED09-PC5,
Array,陶瓷,DET,PV/Buffer,PV/Buffer DET,15000sheet,1L500,3AED11-PC1,
Array,陶瓷,DET,PV/Buffer,PV/Buffer DET,15000sheet,1L500,3AED11-PC2,
Array,陶瓷,DET,PV/Buffer,PV/Buffer DET,15000sheet,1L500,3AED11-PC3,
Array,陶瓷,DET,PV/Buffer,PV/Buffer DET,15000sheet,1L500,3AED12-PC3,
Array,陶瓷,DET,PV/Buffer,PV/Buffer DET,15000sheet,1L500,3AED12-PC5,
Array,陶瓷,DET,PV/Buffer,PV/Buffer DET,15000sheet,1H500,3AED09-PC1,
Array,陶瓷,DET,PV/Buffer,PV/Buffer DET,15000sheet,1H500,3AED09-PC2,
Array,陶瓷,DET,PV/Buffer,PV/Buffer DET,15000sheet,1H500,3AED09-PC3,
Array,陶瓷,DET,PV/Buffer,PV/Buffer DET,15000sheet,1H500,3AED09-PC4,
Array,陶瓷,DET,PV/Buffer,PV/Buffer DET,15000sheet,1H500,3AED09-PC5,
Array,陶瓷,DET,PV/Buffer,PV/Buffer DET,15000sheet,1H500,3AED11-PC1,
Array,陶瓷,DET,PV/Buffer,PV/Buffer DET,15000sheet,1H500,3AED11-PC2,
Array,陶瓷,DET,PV/Buffer,PV/Buffer DET,15000sheet,1H500,3AED11-PC3,
Array,陶瓷,DET,PV/Buffer,PV/Buffer DET,15000sheet,1H500,3AED12-PC3,
Array,陶瓷,DET,PV/Buffer,PV/Buffer DET,15000sheet,1H500,3AED12-PC5,
Array,陶瓷,DET,PV/Buffer,PV/Buffer DET,15000sheet,1P500,3AED09-PC1,
Array,陶瓷,DET,PV/Buffer,PV/Buffer DET,15000sheet,1P500,3AED09-PC2,
Array,陶瓷,DET,PV/Buffer,PV/Buffer DET,15000sheet,1P500,3AED09-PC3,
Array,陶瓷,DET,PV/Buffer,PV/Buffer DET,15000sheet,1P500,3AED09-PC4,
Array,陶瓷,DET,PV/Buffer,PV/Buffer DET,15000sheet,1P500,3AED09-PC5,
Array,陶瓷,DET,PV/Buffer,PV/Buffer DET,15000sheet,1P500,3AED11-PC1,
Array,陶瓷,DET,PV/Buffer,PV/Buffer DET,15000sheet,1P500,3AED11-PC2,
Array,陶瓷,DET,PV/Buffer,PV/Buffer DET,15000sheet,1P500,3AED11-PC3,
Array,陶瓷,DET,PV/Buffer,PV/Buffer DET,15000sheet,1P500,3AED12-PC3,
Array,陶瓷,DET,PV/Buffer,PV/Buffer DET,15000sheet,1P500,3AED12-PC5,
Array,陶瓷,DET,PV/Buffer,PV/Buffer DET,15000sheet,1P501,3AED09-PC1,
Array,陶瓷,DET,PV/Buffer,PV/Buffer DET,15000sheet,1P501,3AED09-PC2,
Array,陶瓷,DET,PV/Buffer,PV/Buffer DET,15000sheet,1P501,3AED09-PC3,
Array,陶瓷,DET,PV/Buffer,PV/Buffer DET,15000sheet,1P501,3AED09-PC4,
Array,陶瓷,DET,PV/Buffer,PV/Buffer DET,15000sheet,1P501,3AED09-PC5,
Array,陶瓷,DET,PV/Buffer,PV/Buffer DET,15000sheet,1P501,3AED11-PC1,
Array,陶瓷,DET,PV/Buffer,PV/Buffer DET,15000sheet,1P501,3AED11-PC2,
Array,陶瓷,DET,PV/Buffer,PV/Buffer DET,15000sheet,1P501,3AED11-PC3,
Array,陶瓷,DET,PV/Buffer,PV/Buffer DET,15000sheet,1P501,3AED12-PC3,
Array,陶瓷,DET,PV/Buffer,PV/Buffer DET,15000sheet,1P501,3AED12-PC5,
Array,陶瓷,DET,PV/Buffer,PV/Buffer DET,15000sheet,B2500,3AED09-PC1,
Array,陶瓷,DET,PV/Buffer,PV/Buffer DET,15000sheet,B2500,3AED09-PC2,
Array,陶瓷,DET,PV/Buffer,PV/Buffer DET,15000sheet,B2500,3AED09-PC3,
Array,陶瓷,DET,PV/Buffer,PV/Buffer DET,15000sheet,B2500,3AED09-PC4,
Array,陶瓷,DET,PV/Buffer,PV/Buffer DET,15000sheet,B2500,3AED09-PC5,
Array,陶瓷,DET,PV/Buffer,PV/Buffer DET,15000sheet,B2500,3AED11-PC1,
Array,陶瓷,DET,PV/Buffer,PV/Buffer DET,15000sheet,B2500,3AED11-PC2,
Array,陶瓷,DET,PV/Buffer,PV/Buffer DET,15000sheet,B2500,3AED11-PC3,
Array,陶瓷,DET,PV/Buffer,PV/Buffer DET,15000sheet,B2500,3AED12-PC3,
Array,陶瓷,DET,PV/Buffer,PV/Buffer DET,15000sheet,B2500,3AED12-PC5,
Array,陶瓷,DET,PV/Buffer,PV/Buffer DET,15000sheet,1D500,3AED09-PC1,
Array,陶瓷,DET,PV/Buffer,PV/Buffer DET,15000sheet,1D500,3AED09-PC2,
Array,陶瓷,DET,PV/Buffer,PV/Buffer DET,15000sheet,1D500,3AED09-PC3,
Array,陶瓷,DET,PV/Buffer,PV/Buffer DET,15000sheet,1D500,3AED09-PC4,
Array,陶瓷,DET,PV/Buffer,PV/Buffer DET,15000sheet,1D500,3AED09-PC5,
Array,陶瓷,DET,PV/Buffer,PV/Buffer DET,15000sheet,1D500,3AED11-PC1,
Array,陶瓷,DET,PV/Buffer,PV/Buffer DET,15000sheet,1D500,3AED11-PC2,
Array,陶瓷,DET,PV/Buffer,PV/Buffer DET,15000sheet,1D500,3AED11-PC3,
Array,陶瓷,DET,PV/Buffer,PV/Buffer DET,15000sheet,1D500,3AED12-PC3,
Array,陶瓷,DET,PV/Buffer,PV/Buffer DET,15000sheet,1D500,3AED12-PC5,
Array,天板,DET,Poly,Poly DET,20000sheet,11500.0,3AED05-PC1,
Array,天板,DET,Poly,Poly DET,20000sheet,11500.0,3AED05-PC2,
Array,天板,DET,Poly,Poly DET,20000sheet,11500.0,3AED05-PC4,
Array,天板,DET,Poly,Poly DET,20000sheet,11500.0,3AED05-PC5,
Array,下电极,DET,Poly,Poly DET,160000sheet,11500.0,3AED05-PC1,
Array,下电极,DET,Poly,Poly DET,160000sheet,11500.0,3AED05-PC2,
Array,下电极,DET,Poly,Poly DET,160000sheet,11500.0,3AED05-PC4,
Array,下电极,DET,Poly,Poly DET,160000sheet,11500.0,3AED05-PC5,
Array,陶瓷,DET,Poly,Poly DET,20000sheet,11500.0,3AED05-PC1,
Array,陶瓷,DET,Poly,Poly DET,20000sheet,11500.0,3AED05-PC2,
Array,陶瓷,DET,Poly,Poly DET,20000sheet,11500.0,3AED05-PC4,
Array,陶瓷,DET,Poly,Poly DET,20000sheet,11500.0,3AED05-PC5,
Array,天板,DET,BPL/PLN,BPL/PLN ASH,70000sheet,17900.0,3AED13-PC1,
Array,天板,DET,BPL/PLN,BPL/PLN ASH,70000sheet,17900.0,3AED13-PC2,
Array,天板,DET,BPL/PLN,BPL/PLN ASH,70000sheet,17900.0,3AED13-PC3,
Array,天板,DET,BPL/PLN,BPL/PLN ASH,70000sheet,17900.0,3AED14-PC1,
Array,天板,DET,BPL/PLN,BPL/PLN ASH,70000sheet,17900.0,3AED14-PC2,
Array,天板,DET,BPL/PLN,BPL/PLN ASH,70000sheet,17900.0,3AED14-PC3,
Array,天板,DET,BPL/PLN,BPL/PLN ASH,70000sheet,17900.0,3AED15-PC1,
Array,天板,DET,BPL/PLN,BPL/PLN ASH,70000sheet,17900.0,3AED15-PC2,
Array,天板,DET,BPL/PLN,BPL/PLN ASH,70000sheet,17900.0,3AED15-PC3,
Array,天板,DET,BPL/PLN,BPL/PLN ASH,70000sheet,19900.0,3AED13-PC1,
Array,天板,DET,BPL/PLN,BPL/PLN ASH,70000sheet,19900.0,3AED13-PC2,
Array,天板,DET,BPL/PLN,BPL/PLN ASH,70000sheet,19900.0,3AED13-PC3,
Array,天板,DET,BPL/PLN,BPL/PLN ASH,70000sheet,19900.0,3AED14-PC1,
Array,天板,DET,BPL/PLN,BPL/PLN ASH,70000sheet,19900.0,3AED14-PC2,
Array,天板,DET,BPL/PLN,BPL/PLN ASH,70000sheet,19900.0,3AED14-PC3,
Array,天板,DET,BPL/PLN,BPL/PLN ASH,70000sheet,19900.0,3AED15-PC1,
Array,天板,DET,BPL/PLN,BPL/PLN ASH,70000sheet,19900.0,3AED15-PC2,
Array,天板,DET,BPL/PLN,BPL/PLN ASH,70000sheet,19900.0,3AED15-PC3,
Array,天板,DET,BPL/PLN,BPL/PLN ASH,70000sheet,1W900,3AED13-PC1,
Array,天板,DET,BPL/PLN,BPL/PLN ASH,70000sheet,1W900,3AED13-PC2,
Array,天板,DET,BPL/PLN,BPL/PLN ASH,70000sheet,1W900,3AED13-PC3,
Array,天板,DET,BPL/PLN,BPL/PLN ASH,70000sheet,1W900,3AED14-PC1,
Array,天板,DET,BPL/PLN,BPL/PLN ASH,70000sheet,1W900,3AED14-PC2,
Array,天板,DET,BPL/PLN,BPL/PLN ASH,70000sheet,1W900,3AED14-PC3,
Array,天板,DET,BPL/PLN,BPL/PLN ASH,70000sheet,1W900,3AED15-PC1,
Array,天板,DET,BPL/PLN,BPL/PLN ASH,70000sheet,1W900,3AED15-PC2,
Array,天板,DET,BPL/PLN,BPL/PLN ASH,70000sheet,1W900,3AED15-PC3,
Array,天板,DET,BPL/PLN,BPL/PLN ASH,70000sheet,1X900,3AED13-PC1,
Array,天板,DET,BPL/PLN,BPL/PLN ASH,70000sheet,1X900,3AED13-PC2,
Array,天板,DET,BPL/PLN,BPL/PLN ASH,70000sheet,1X900,3AED13-PC3,
Array,天板,DET,BPL/PLN,BPL/PLN ASH,70000sheet,1X900,3AED14-PC1,
Array,天板,DET,BPL/PLN,BPL/PLN ASH,70000sheet,1X900,3AED14-PC2,
Array,天板,DET,BPL/PLN,BPL/PLN ASH,70000sheet,1X900,3AED14-PC3,
Array,天板,DET,BPL/PLN,BPL/PLN ASH,70000sheet,1X900,3AED15-PC1,
Array,天板,DET,BPL/PLN,BPL/PLN ASH,70000sheet,1X900,3AED15-PC2,
Array,天板,DET,BPL/PLN,BPL/PLN ASH,70000sheet,1X900,3AED15-PC3,
Array,天板,DET,BPL/PLN,BPL/PLN ASH,70000sheet,1D900,3AED13-PC1,
Array,天板,DET,BPL/PLN,BPL/PLN ASH,70000sheet,1D900,3AED13-PC2,
Array,天板,DET,BPL/PLN,BPL/PLN ASH,70000sheet,1D900,3AED13-PC3,
Array,天板,DET,BPL/PLN,BPL/PLN ASH,70000sheet,1D900,3AED14-PC1,
Array,天板,DET,BPL/PLN,BPL/PLN ASH,70000sheet,1D900,3AED14-PC2,
Array,天板,DET,BPL/PLN,BPL/PLN ASH,70000sheet,1D900,3AED14-PC3,
Array,天板,DET,BPL/PLN,BPL/PLN ASH,70000sheet,1D900,3AED15-PC1,
Array,天板,DET,BPL/PLN,BPL/PLN ASH,70000sheet,1D900,3AED15-PC2,
Array,天板,DET,BPL/PLN,BPL/PLN ASH,70000sheet,1D900,3AED15-PC3,
Array,天板,DET,BPL/PLN,BPL/PLN ASH,70000sheet,1Y900,3AED13-PC1,
Array,天板,DET,BPL/PLN,BPL/PLN ASH,70000sheet,1Y900,3AED13-PC2,
Array,天板,DET,BPL/PLN,BPL/PLN ASH,70000sheet,1Y900,3AED13-PC3,
Array,天板,DET,BPL/PLN,BPL/PLN ASH,70000sheet,1Y900,3AED14-PC1,
Array,天板,DET,BPL/PLN,BPL/PLN ASH,70000sheet,1Y900,3AED14-PC2,
Array,天板,DET,BPL/PLN,BPL/PLN ASH,70000sheet,1Y900,3AED14-PC3,
Array,天板,DET,BPL/PLN,BPL/PLN ASH,70000sheet,1Y900,3AED15-PC1,
Array,天板,DET,BPL/PLN,BPL/PLN ASH,70000sheet,1Y900,3AED15-PC2,
Array,天板,DET,BPL/PLN,BPL/PLN ASH,70000sheet,1Y900,3AED15-PC3,
Array,天板,DET,BPL/PLN,BPL/PLN ASH,70000sheet,17500.0,3AED13-PC1,
Array,天板,DET,BPL/PLN,BPL/PLN ASH,70000sheet,17500.0,3AED13-PC2,
Array,天板,DET,BPL/PLN,BPL/PLN ASH,70000sheet,17500.0,3AED13-PC3,
Array,天板,DET,BPL/PLN,BPL/PLN ASH,70000sheet,17500.0,3AED14-PC1,
Array,天板,DET,BPL/PLN,BPL/PLN ASH,70000sheet,17500.0,3AED14-PC2,
Array,天板,DET,BPL/PLN,BPL/PLN ASH,70000sheet,17500.0,3AED14-PC3,
Array,天板,DET,BPL/PLN,BPL/PLN ASH,70000sheet,17500.0,3AED15-PC1,
Array,天板,DET,BPL/PLN,BPL/PLN ASH,70000sheet,17500.0,3AED15-PC2,
Array,天板,DET,BPL/PLN,BPL/PLN ASH,70000sheet,17500.0,3AED15-PC3,
Array,天板,DET,BPL/PLN,BPL/PLN ASH,70000sheet,19500.0,3AED13-PC1,
Array,天板,DET,BPL/PLN,BPL/PLN ASH,70000sheet,19500.0,3AED13-PC2,
Array,天板,DET,BPL/PLN,BPL/PLN ASH,70000sheet,19500.0,3AED13-PC3,
Array,天板,DET,BPL/PLN,BPL/PLN ASH,70000sheet,19500.0,3AED14-PC1,
Array,天板,DET,BPL/PLN,BPL/PLN ASH,70000sheet,19500.0,3AED14-PC2,
Array,天板,DET,BPL/PLN,BPL/PLN ASH,70000sheet,19500.0,3AED14-PC3,
Array,天板,DET,BPL/PLN,BPL/PLN ASH,70000sheet,19500.0,3AED15-PC1,
Array,天板,DET,BPL/PLN,BPL/PLN ASH,70000sheet,19500.0,3AED15-PC2,
Array,天板,DET,BPL/PLN,BPL/PLN ASH,70000sheet,19500.0,3AED15-PC3,
Array,天板,DET,BPL/PLN,BPL/PLN ASH,70000sheet,1W500,3AED13-PC1,
Array,天板,DET,BPL/PLN,BPL/PLN ASH,70000sheet,1W500,3AED13-PC2,
Array,天板,DET,BPL/PLN,BPL/PLN ASH,70000sheet,1W500,3AED13-PC3,
Array,天板,DET,BPL/PLN,BPL/PLN ASH,70000sheet,1W500,3AED14-PC1,
Array,天板,DET,BPL/PLN,BPL/PLN ASH,70000sheet,1W500,3AED14-PC2,
Array,天板,DET,BPL/PLN,BPL/PLN ASH,70000sheet,1W500,3AED14-PC3,
Array,天板,DET,BPL/PLN,BPL/PLN ASH,70000sheet,1W500,3AED15-PC1,
Array,天板,DET,BPL/PLN,BPL/PLN ASH,70000sheet,1W500,3AED15-PC2,
Array,天板,DET,BPL/PLN,BPL/PLN ASH,70000sheet,1W500,3AED15-PC3,
Array,天板,DET,BPL/PLN,BPL/PLN ASH,70000sheet,B1900,3AED13-PC1,
Array,天板,DET,BPL/PLN,BPL/PLN ASH,70000sheet,B1900,3AED13-PC2,
Array,天板,DET,BPL/PLN,BPL/PLN ASH,70000sheet,B1900,3AED13-PC3,
Array,天板,DET,BPL/PLN,BPL/PLN ASH,70000sheet,B1900,3AED14-PC1,
Array,天板,DET,BPL/PLN,BPL/PLN ASH,70000sheet,B1900,3AED14-PC2,
Array,天板,DET,BPL/PLN,BPL/PLN ASH,70000sheet,B1900,3AED14-PC3,
Array,天板,DET,BPL/PLN,BPL/PLN ASH,70000sheet,B1900,3AED15-PC1,
Array,天板,DET,BPL/PLN,BPL/PLN ASH,70000sheet,B1900,3AED15-PC2,
Array,天板,DET,BPL/PLN,BPL/PLN ASH,70000sheet,B1900,3AED15-PC3,
Array,下电极,DET,BPL/PLN,BPL/PLN ASH,370000sheet,17900.0,3AED13-PC1,
Array,下电极,DET,BPL/PLN,BPL/PLN ASH,370000sheet,17900.0,3AED13-PC2,
Array,下电极,DET,BPL/PLN,BPL/PLN ASH,370000sheet,17900.0,3AED13-PC3,
Array,下电极,DET,BPL/PLN,BPL/PLN ASH,370000sheet,17900.0,3AED14-PC1,
Array,下电极,DET,BPL/PLN,BPL/PLN ASH,370000sheet,17900.0,3AED14-PC2,
Array,下电极,DET,BPL/PLN,BPL/PLN ASH,370000sheet,17900.0,3AED14-PC3,
Array,下电极,DET,BPL/PLN,BPL/PLN ASH,370000sheet,17900.0,3AED15-PC1,
Array,下电极,DET,BPL/PLN,BPL/PLN ASH,370000sheet,17900.0,3AED15-PC2,
Array,下电极,DET,BPL/PLN,BPL/PLN ASH,370000sheet,17900.0,3AED15-PC3,
Array,下电极,DET,BPL/PLN,BPL/PLN ASH,370000sheet,19900.0,3AED13-PC1,
Array,下电极,DET,BPL/PLN,BPL/PLN ASH,370000sheet,19900.0,3AED13-PC2,
Array,下电极,DET,BPL/PLN,BPL/PLN ASH,370000sheet,19900.0,3AED13-PC3,
Array,下电极,DET,BPL/PLN,BPL/PLN ASH,370000sheet,19900.0,3AED14-PC1,
Array,下电极,DET,BPL/PLN,BPL/PLN ASH,370000sheet,19900.0,3AED14-PC2,
Array,下电极,DET,BPL/PLN,BPL/PLN ASH,370000sheet,19900.0,3AED14-PC3,
Array,下电极,DET,BPL/PLN,BPL/PLN ASH,370000sheet,19900.0,3AED15-PC1,
Array,下电极,DET,BPL/PLN,BPL/PLN ASH,370000sheet,19900.0,3AED15-PC2,
Array,下电极,DET,BPL/PLN,BPL/PLN ASH,370000sheet,19900.0,3AED15-PC3,
Array,下电极,DET,BPL/PLN,BPL/PLN ASH,370000sheet,1W900,3AED13-PC1,
Array,下电极,DET,BPL/PLN,BPL/PLN ASH,370000sheet,1W900,3AED13-PC2,
Array,下电极,DET,BPL/PLN,BPL/PLN ASH,370000sheet,1W900,3AED13-PC3,
Array,下电极,DET,BPL/PLN,BPL/PLN ASH,370000sheet,1W900,3AED14-PC1,
Array,下电极,DET,BPL/PLN,BPL/PLN ASH,370000sheet,1W900,3AED14-PC2,
Array,下电极,DET,BPL/PLN,BPL/PLN ASH,370000sheet,1W900,3AED14-PC3,
Array,下电极,DET,BPL/PLN,BPL/PLN ASH,370000sheet,1W900,3AED15-PC1,
Array,下电极,DET,BPL/PLN,BPL/PLN ASH,370000sheet,1W900,3AED15-PC2,
Array,下电极,DET,BPL/PLN,BPL/PLN ASH,370000sheet,1W900,3AED15-PC3,
Array,下电极,DET,BPL/PLN,BPL/PLN ASH,370000sheet,1X900,3AED13-PC1,
Array,下电极,DET,BPL/PLN,BPL/PLN ASH,370000sheet,1X900,3AED13-PC2,
Array,下电极,DET,BPL/PLN,BPL/PLN ASH,370000sheet,1X900,3AED13-PC3,
Array,下电极,DET,BPL/PLN,BPL/PLN ASH,370000sheet,1X900,3AED14-PC1,
Array,下电极,DET,BPL/PLN,BPL/PLN ASH,370000sheet,1X900,3AED14-PC2,
Array,下电极,DET,BPL/PLN,BPL/PLN ASH,370000sheet,1X900,3AED14-PC3,
Array,下电极,DET,BPL/PLN,BPL/PLN ASH,370000sheet,1X900,3AED15-PC1,
Array,下电极,DET,BPL/PLN,BPL/PLN ASH,370000sheet,1X900,3AED15-PC2,
Array,下电极,DET,BPL/PLN,BPL/PLN ASH,370000sheet,1X900,3AED15-PC3,
Array,下电极,DET,BPL/PLN,BPL/PLN ASH,370000sheet,1D900,3AED13-PC1,
Array,下电极,DET,BPL/PLN,BPL/PLN ASH,370000sheet,1D900,3AED13-PC2,
Array,下电极,DET,BPL/PLN,BPL/PLN ASH,370000sheet,1D900,3AED13-PC3,
Array,下电极,DET,BPL/PLN,BPL/PLN ASH,370000sheet,1D900,3AED14-PC1,
Array,下电极,DET,BPL/PLN,BPL/PLN ASH,370000sheet,1D900,3AED14-PC2,
Array,下电极,DET,BPL/PLN,BPL/PLN ASH,370000sheet,1D900,3AED14-PC3,
Array,下电极,DET,BPL/PLN,BPL/PLN ASH,370000sheet,1D900,3AED15-PC1,
Array,下电极,DET,BPL/PLN,BPL/PLN ASH,370000sheet,1D900,3AED15-PC2,
Array,下电极,DET,BPL/PLN,BPL/PLN ASH,370000sheet,1D900,3AED15-PC3,
Array,下电极,DET,BPL/PLN,BPL/PLN ASH,370000sheet,1Y900,3AED13-PC1,
Array,下电极,DET,BPL/PLN,BPL/PLN ASH,370000sheet,1Y900,3AED13-PC2,
Array,下电极,DET,BPL/PLN,BPL/PLN ASH,370000sheet,1Y900,3AED13-PC3,
Array,下电极,DET,BPL/PLN,BPL/PLN ASH,370000sheet,1Y900,3AED14-PC1,
Array,下电极,DET,BPL/PLN,BPL/PLN ASH,370000sheet,1Y900,3AED14-PC2,
Array,下电极,DET,BPL/PLN,BPL/PLN ASH,370000sheet,1Y900,3AED14-PC3,
Array,下电极,DET,BPL/PLN,BPL/PLN ASH,370000sheet,1Y900,3AED15-PC1,
Array,下电极,DET,BPL/PLN,BPL/PLN ASH,370000sheet,1Y900,3AED15-PC2,
Array,下电极,DET,BPL/PLN,BPL/PLN ASH,370000sheet,1Y900,3AED15-PC3,
Array,下电极,DET,BPL/PLN,BPL/PLN ASH,370000sheet,17500.0,3AED13-PC1,
Array,下电极,DET,BPL/PLN,BPL/PLN ASH,370000sheet,17500.0,3AED13-PC2,
Array,下电极,DET,BPL/PLN,BPL/PLN ASH,370000sheet,17500.0,3AED13-PC3,
Array,下电极,DET,BPL/PLN,BPL/PLN ASH,370000sheet,17500.0,3AED14-PC1,
Array,下电极,DET,BPL/PLN,BPL/PLN ASH,370000sheet,17500.0,3AED14-PC2,
Array,下电极,DET,BPL/PLN,BPL/PLN ASH,370000sheet,17500.0,3AED14-PC3,
Array,下电极,DET,BPL/PLN,BPL/PLN ASH,370000sheet,17500.0,3AED15-PC1,
Array,下电极,DET,BPL/PLN,BPL/PLN ASH,370000sheet,17500.0,3AED15-PC2,
Array,下电极,DET,BPL/PLN,BPL/PLN ASH,370000sheet,17500.0,3AED15-PC3,
Array,下电极,DET,BPL/PLN,BPL/PLN ASH,370000sheet,19500.0,3AED13-PC1,
Array,下电极,DET,BPL/PLN,BPL/PLN ASH,370000sheet,19500.0,3AED13-PC2,
Array,下电极,DET,BPL/PLN,BPL/PLN ASH,370000sheet,19500.0,3AED13-PC3,
Array,下电极,DET,BPL/PLN,BPL/PLN ASH,370000sheet,19500.0,3AED14-PC1,
Array,下电极,DET,BPL/PLN,BPL/PLN ASH,370000sheet,19500.0,3AED14-PC2,
Array,下电极,DET,BPL/PLN,BPL/PLN ASH,370000sheet,19500.0,3AED14-PC3,
Array,下电极,DET,BPL/PLN,BPL/PLN ASH,370000sheet,19500.0,3AED15-PC1,
Array,下电极,DET,BPL/PLN,BPL/PLN ASH,370000sheet,19500.0,3AED15-PC2,
Array,下电极,DET,BPL/PLN,BPL/PLN ASH,370000sheet,19500.0,3AED15-PC3,
Array,下电极,DET,BPL/PLN,BPL/PLN ASH,370000sheet,1W500,3AED13-PC1,
Array,下电极,DET,BPL/PLN,BPL/PLN ASH,370000sheet,1W500,3AED13-PC2,
Array,下电极,DET,BPL/PLN,BPL/PLN ASH,370000sheet,1W500,3AED13-PC3,
Array,下电极,DET,BPL/PLN,BPL/PLN ASH,370000sheet,1W500,3AED14-PC1,
Array,下电极,DET,BPL/PLN,BPL/PLN ASH,370000sheet,1W500,3AED14-PC2,
Array,下电极,DET,BPL/PLN,BPL/PLN ASH,370000sheet,1W500,3AED14-PC3,
Array,下电极,DET,BPL/PLN,BPL/PLN ASH,370000sheet,1W500,3AED15-PC1,
Array,下电极,DET,BPL/PLN,BPL/PLN ASH,370000sheet,1W500,3AED15-PC2,
Array,下电极,DET,BPL/PLN,BPL/PLN ASH,370000sheet,1W500,3AED15-PC3,
Array,下电极,DET,BPL/PLN,BPL/PLN ASH,370000sheet,B1900,3AED13-PC1,
Array,下电极,DET,BPL/PLN,BPL/PLN ASH,370000sheet,B1900,3AED13-PC2,
Array,下电极,DET,BPL/PLN,BPL/PLN ASH,370000sheet,B1900,3AED13-PC3,
Array,下电极,DET,BPL/PLN,BPL/PLN ASH,370000sheet,B1900,3AED14-PC1,
Array,下电极,DET,BPL/PLN,BPL/PLN ASH,370000sheet,B1900,3AED14-PC2,
Array,下电极,DET,BPL/PLN,BPL/PLN ASH,370000sheet,B1900,3AED14-PC3,
Array,下电极,DET,BPL/PLN,BPL/PLN ASH,370000sheet,B1900,3AED15-PC1,
Array,下电极,DET,BPL/PLN,BPL/PLN ASH,370000sheet,B1900,3AED15-PC2,
Array,下电极,DET,BPL/PLN,BPL/PLN ASH,370000sheet,B1900,3AED15-PC3,
Array,陶瓷,DET,BPL/PLN,BPL/PLN ASH,70000sheet,17900.0,3AED13-PC1,
Array,陶瓷,DET,BPL/PLN,BPL/PLN ASH,70000sheet,17900.0,3AED13-PC2,
Array,陶瓷,DET,BPL/PLN,BPL/PLN ASH,70000sheet,17900.0,3AED13-PC3,
Array,陶瓷,DET,BPL/PLN,BPL/PLN ASH,70000sheet,17900.0,3AED14-PC1,
Array,陶瓷,DET,BPL/PLN,BPL/PLN ASH,70000sheet,17900.0,3AED14-PC2,
Array,陶瓷,DET,BPL/PLN,BPL/PLN ASH,70000sheet,17900.0,3AED14-PC3,
Array,陶瓷,DET,BPL/PLN,BPL/PLN ASH,70000sheet,17900.0,3AED15-PC1,
Array,陶瓷,DET,BPL/PLN,BPL/PLN ASH,70000sheet,17900.0,3AED15-PC2,
Array,陶瓷,DET,BPL/PLN,BPL/PLN ASH,70000sheet,17900.0,3AED15-PC3,
Array,陶瓷,DET,BPL/PLN,BPL/PLN ASH,70000sheet,19900.0,3AED13-PC1,
Array,陶瓷,DET,BPL/PLN,BPL/PLN ASH,70000sheet,19900.0,3AED13-PC2,
Array,陶瓷,DET,BPL/PLN,BPL/PLN ASH,70000sheet,19900.0,3AED13-PC3,
Array,陶瓷,DET,BPL/PLN,BPL/PLN ASH,70000sheet,19900.0,3AED14-PC1,
Array,陶瓷,DET,BPL/PLN,BPL/PLN ASH,70000sheet,19900.0,3AED14-PC2,
Array,陶瓷,DET,BPL/PLN,BPL/PLN ASH,70000sheet,19900.0,3AED14-PC3,
Array,陶瓷,DET,BPL/PLN,BPL/PLN ASH,70000sheet,19900.0,3AED15-PC1,
Array,陶瓷,DET,BPL/PLN,BPL/PLN ASH,70000sheet,19900.0,3AED15-PC2,
Array,陶瓷,DET,BPL/PLN,BPL/PLN ASH,70000sheet,19900.0,3AED15-PC3,
Array,陶瓷,DET,BPL/PLN,BPL/PLN ASH,70000sheet,1W900,3AED13-PC1,
Array,陶瓷,DET,BPL/PLN,BPL/PLN ASH,70000sheet,1W900,3AED13-PC2,
Array,陶瓷,DET,BPL/PLN,BPL/PLN ASH,70000sheet,1W900,3AED13-PC3,
Array,陶瓷,DET,BPL/PLN,BPL/PLN ASH,70000sheet,1W900,3AED14-PC1,
Array,陶瓷,DET,BPL/PLN,BPL/PLN ASH,70000sheet,1W900,3AED14-PC2,
Array,陶瓷,DET,BPL/PLN,BPL/PLN ASH,70000sheet,1W900,3AED14-PC3,
Array,陶瓷,DET,BPL/PLN,BPL/PLN ASH,70000sheet,1W900,3AED15-PC1,
Array,陶瓷,DET,BPL/PLN,BPL/PLN ASH,70000sheet,1W900,3AED15-PC2,
Array,陶瓷,DET,BPL/PLN,BPL/PLN ASH,70000sheet,1W900,3AED15-PC3,
Array,陶瓷,DET,BPL/PLN,BPL/PLN ASH,70000sheet,1X900,3AED13-PC1,
Array,陶瓷,DET,BPL/PLN,BPL/PLN ASH,70000sheet,1X900,3AED13-PC2,
Array,陶瓷,DET,BPL/PLN,BPL/PLN ASH,70000sheet,1X900,3AED13-PC3,
Array,陶瓷,DET,BPL/PLN,BPL/PLN ASH,70000sheet,1X900,3AED14-PC1,
Array,陶瓷,DET,BPL/PLN,BPL/PLN ASH,70000sheet,1X900,3AED14-PC2,
Array,陶瓷,DET,BPL/PLN,BPL/PLN ASH,70000sheet,1X900,3AED14-PC3,
Array,陶瓷,DET,BPL/PLN,BPL/PLN ASH,70000sheet,1X900,3AED15-PC1,
Array,陶瓷,DET,BPL/PLN,BPL/PLN ASH,70000sheet,1X900,3AED15-PC2,
Array,陶瓷,DET,BPL/PLN,BPL/PLN ASH,70000sheet,1X900,3AED15-PC3,
Array,陶瓷,DET,BPL/PLN,BPL/PLN ASH,70000sheet,1D900,3AED13-PC1,
Array,陶瓷,DET,BPL/PLN,BPL/PLN ASH,70000sheet,1D900,3AED13-PC2,
Array,陶瓷,DET,BPL/PLN,BPL/PLN ASH,70000sheet,1D900,3AED13-PC3,
Array,陶瓷,DET,BPL/PLN,BPL/PLN ASH,70000sheet,1D900,3AED14-PC1,
Array,陶瓷,DET,BPL/PLN,BPL/PLN ASH,70000sheet,1D900,3AED14-PC2,
Array,陶瓷,DET,BPL/PLN,BPL/PLN ASH,70000sheet,1D900,3AED14-PC3,
Array,陶瓷,DET,BPL/PLN,BPL/PLN ASH,70000sheet,1D900,3AED15-PC1,
Array,陶瓷,DET,BPL/PLN,BPL/PLN ASH,70000sheet,1D900,3AED15-PC2,
Array,陶瓷,DET,BPL/PLN,BPL/PLN ASH,70000sheet,1D900,3AED15-PC3,
Array,陶瓷,DET,BPL/PLN,BPL/PLN ASH,70000sheet,1Y900,3AED13-PC1,
Array,陶瓷,DET,BPL/PLN,BPL/PLN ASH,70000sheet,1Y900,3AED13-PC2,
Array,陶瓷,DET,BPL/PLN,BPL/PLN ASH,70000sheet,1Y900,3AED13-PC3,
Array,陶瓷,DET,BPL/PLN,BPL/PLN ASH,70000sheet,1Y900,3AED14-PC1,
Array,陶瓷,DET,BPL/PLN,BPL/PLN ASH,70000sheet,1Y900,3AED14-PC2,
Array,陶瓷,DET,BPL/PLN,BPL/PLN ASH,70000sheet,1Y900,3AED14-PC3,
Array,陶瓷,DET,BPL/PLN,BPL/PLN ASH,70000sheet,1Y900,3AED15-PC1,
Array,陶瓷,DET,BPL/PLN,BPL/PLN ASH,70000sheet,1Y900,3AED15-PC2,
Array,陶瓷,DET,BPL/PLN,BPL/PLN ASH,70000sheet,1Y900,3AED15-PC3,
Array,陶瓷,DET,BPL/PLN,BPL/PLN ASH,70000sheet,17500.0,3AED13-PC1,
Array,陶瓷,DET,BPL/PLN,BPL/PLN ASH,70000sheet,17500.0,3AED13-PC2,
Array,陶瓷,DET,BPL/PLN,BPL/PLN ASH,70000sheet,17500.0,3AED13-PC3,
Array,陶瓷,DET,BPL/PLN,BPL/PLN ASH,70000sheet,17500.0,3AED14-PC1,
Array,陶瓷,DET,BPL/PLN,BPL/PLN ASH,70000sheet,17500.0,3AED14-PC2,
Array,陶瓷,DET,BPL/PLN,BPL/PLN ASH,70000sheet,17500.0,3AED14-PC3,
Array,陶瓷,DET,BPL/PLN,BPL/PLN ASH,70000sheet,17500.0,3AED15-PC1,
Array,陶瓷,DET,BPL/PLN,BPL/PLN ASH,70000sheet,17500.0,3AED15-PC2,
Array,陶瓷,DET,BPL/PLN,BPL/PLN ASH,70000sheet,17500.0,3AED15-PC3,
Array,陶瓷,DET,BPL/PLN,BPL/PLN ASH,70000sheet,19500.0,3AED13-PC1,
Array,陶瓷,DET,BPL/PLN,BPL/PLN ASH,70000sheet,19500.0,3AED13-PC2,
Array,陶瓷,DET,BPL/PLN,BPL/PLN ASH,70000sheet,19500.0,3AED13-PC3,
Array,陶瓷,DET,BPL/PLN,BPL/PLN ASH,70000sheet,19500.0,3AED14-PC1,
Array,陶瓷,DET,BPL/PLN,BPL/PLN ASH,70000sheet,19500.0,3AED14-PC2,
Array,陶瓷,DET,BPL/PLN,BPL/PLN ASH,70000sheet,19500.0,3AED14-PC3,
Array,陶瓷,DET,BPL/PLN,BPL/PLN ASH,70000sheet,19500.0,3AED15-PC1,
Array,陶瓷,DET,BPL/PLN,BPL/PLN ASH,70000sheet,19500.0,3AED15-PC2,
Array,陶瓷,DET,BPL/PLN,BPL/PLN ASH,70000sheet,19500.0,3AED15-PC3,
Array,陶瓷,DET,BPL/PLN,BPL/PLN ASH,70000sheet,1W500,3AED13-PC1,
Array,陶瓷,DET,BPL/PLN,BPL/PLN ASH,70000sheet,1W500,3AED13-PC2,
Array,陶瓷,DET,BPL/PLN,BPL/PLN ASH,70000sheet,1W500,3AED13-PC3,
Array,陶瓷,DET,BPL/PLN,BPL/PLN ASH,70000sheet,1W500,3AED14-PC1,
Array,陶瓷,DET,BPL/PLN,BPL/PLN ASH,70000sheet,1W500,3AED14-PC2,
Array,陶瓷,DET,BPL/PLN,BPL/PLN ASH,70000sheet,1W500,3AED14-PC3,
Array,陶瓷,DET,BPL/PLN,BPL/PLN ASH,70000sheet,1W500,3AED15-PC1,
Array,陶瓷,DET,BPL/PLN,BPL/PLN ASH,70000sheet,1W500,3AED15-PC2,
Array,陶瓷,DET,BPL/PLN,BPL/PLN ASH,70000sheet,1W500,3AED15-PC3,
Array,陶瓷,DET,BPL/PLN,BPL/PLN ASH,70000sheet,B1900,3AED13-PC1,
Array,陶瓷,DET,BPL/PLN,BPL/PLN ASH,70000sheet,B1900,3AED13-PC2,
Array,陶瓷,DET,BPL/PLN,BPL/PLN ASH,70000sheet,B1900,3AED13-PC3,
Array,陶瓷,DET,BPL/PLN,BPL/PLN ASH,70000sheet,B1900,3AED14-PC1,
Array,陶瓷,DET,BPL/PLN,BPL/PLN ASH,70000sheet,B1900,3AED14-PC2,
Array,陶瓷,DET,BPL/PLN,BPL/PLN ASH,70000sheet,B1900,3AED14-PC3,
Array,陶瓷,DET,BPL/PLN,BPL/PLN ASH,70000sheet,B1900,3AED15-PC1,
Array,陶瓷,DET,BPL/PLN,BPL/PLN ASH,70000sheet,B1900,3AED15-PC2,
Array,陶瓷,DET,BPL/PLN,BPL/PLN ASH,70000sheet,B1900,3AED15-PC3,
Array,Nikon曝光灯,EXP,M0,M0_PHT,≤13.5Kw,**400,3APP01-EXP,
Array,Nikon曝光灯,EXP,M0,M0_PHT,≤13.5Kw,**400,3APP02-EXP,
Array,Nikon曝光灯,EXP,M0,M0_PHT,≤13.5Kw,**400,3APP03-EXP,
Array,Nikon曝光灯,EXP,M0,M0_PHT,≤13.5Kw,**400,3APP04-EXP,
Array,Nikon曝光灯,EXP,M0,M0_PHT,≤13.5Kw,**400,3APP05-EXP,
Array,Nikon曝光灯,EXP,M0,M0_PHT,≤13.5Kw,**400,3APP06-EXP,
Array,Nikon曝光灯,EXP,M0,M0_PHT,≤13.5Kw,**400,3APP07-EXP,
Array,Nikon曝光灯,EXP,M0,M0_PHT,≤13.5Kw,**400,3APP08-EXP,
Array,Nikon曝光灯,EXP,M0,M0_PHT,≤13.5Kw,**400,3APP09-EXP,
Array,Nikon曝光灯,EXP,M0,M0_PHT,≤13.5Kw,**400,3APP10-EXP,
Array,Nikon曝光灯,EXP,M0,M0_PHT,≤13.5Kw,**400,3APP11-EXP,
Array,Nikon曝光灯,EXP,M0,M0_PHT,≤13.5Kw,**400,3APP12-EXP,
Array,Nikon曝光灯,EXP,M0,M0_PHT,≤13.5Kw,**400,3APP13-EXP,
Array,Nikon曝光灯,EXP,M0,M0_PHT,≤13.5Kw,**400,3APP14-EXP,
Array,Nikon曝光灯,EXP,M0,M0_PHT,≤13.5Kw,**400,3APP15-EXP,
TP,陶瓷,DET,TM1/TM2,TM1/TM2 DET,13000pcs,41500 43500,3TED03-PC1,
TP,陶瓷,DET,TM1/TM2,TM1/TM2 DET,13000pcs,41500 43500,3TED03-PC2,
TP,陶瓷,DET,TM1/TM2,TM1/TM2 DET,13000pcs,41500 43500,3TED03-PC4,
TP,陶瓷,DET,TM1/TM2,TM1/TM2 DET,13000pcs,41500 43500,3TED03-PC5,
TP,陶瓷,DET,TM1/TM2,TM1/TM2 DET,13000pcs,41500 43500,3TED04-PC1,
TP,陶瓷,DET,TM1/TM2,TM1/TM2 DET,13000pcs,41500 43500,3TED04-PC2,
TP,陶瓷,DET,TM1/TM2,TM1/TM2 DET,13000pcs,41500 43500,3TED04-PC3,
TP,陶瓷,DET,TM1/TM2,TM1/TM2 DET,13000pcs,41500 43500,3TED04-PC4,
TP,陶瓷,DET,TM1/TM2,TM1/TM2 DET,13000pcs,41500 43500,3TED04-PC5,
TP,陶瓷,DET,TM1/TM2,TM1/TM2 DET,13000pcs,41500 43500,3TED05-PC1,
TP,陶瓷,DET,TM1/TM2,TM1/TM2 DET,13000pcs,41500 43500,3TED05-PC2,
TP,陶瓷,DET,TM1/TM2,TM1/TM2 DET,13000pcs,41500 43500,3TED05-PC3,
TP,陶瓷,DET,TM1/TM2,TM1/TM2 DET,13000pcs,41500 43500,3TED05-PC4,
TP,陶瓷,DET,TM1/TM2,TM1/TM2 DET,13000pcs,41500 43500,3TED05-PC5,
TP,陶瓷,DET,TM1/TM2,TM1/TM2 DET,13000pcs,41500 43500,3TED06-PC4,
TP,陶瓷,DET,TM1/TM2,TM1/TM2 DET,13000pcs,41500 43500,3TED06-PC5,
TP,下电极,DET,TM1/TM2,TM1/TM2 DET,70000pcs,41500 43500,3TED03-PC1,
TP,下电极,DET,TM1/TM2,TM1/TM2 DET,70000pcs,41500 43500,3TED03-PC2,
TP,下电极,DET,TM1/TM2,TM1/TM2 DET,70000pcs,41500 43500,3TED03-PC4,
TP,下电极,DET,TM1/TM2,TM1/TM2 DET,70000pcs,41500 43500,3TED03-PC5,
TP,下电极,DET,TM1/TM2,TM1/TM2 DET,70000pcs,41500 43500,3TED04-PC1,
TP,下电极,DET,TM1/TM2,TM1/TM2 DET,70000pcs,41500 43500,3TED04-PC2,
TP,下电极,DET,TM1/TM2,TM1/TM2 DET,70000pcs,41500 43500,3TED04-PC3,
TP,下电极,DET,TM1/TM2,TM1/TM2 DET,70000pcs,41500 43500,3TED04-PC4,
TP,下电极,DET,TM1/TM2,TM1/TM2 DET,70000pcs,41500 43500,3TED04-PC5,
TP,下电极,DET,TM1/TM2,TM1/TM2 DET,70000pcs,41500 43500,3TED05-PC1,
TP,下电极,DET,TM1/TM2,TM1/TM2 DET,70000pcs,41500 43500,3TED05-PC2,
TP,下电极,DET,TM1/TM2,TM1/TM2 DET,70000pcs,41500 43500,3TED05-PC3,
TP,下电极,DET,TM1/TM2,TM1/TM2 DET,70000pcs,41500 43500,3TED05-PC4,
TP,下电极,DET,TM1/TM2,TM1/TM2 DET,70000pcs,41500 43500,3TED05-PC5,
TP,下电极,DET,TM1/TM2,TM1/TM2 DET,70000pcs,41500 43500,3TED06-PC4,
TP,下电极,DET,TM1/TM2,TM1/TM2 DET,70000pcs,41500 43500,3TED06-PC5,
TP,阳极,DET,TM1/TM2,TM1/TM2 DET,13000pcs,41500 43500,3TED03-PC1,
TP,阳极,DET,TM1/TM2,TM1/TM2 DET,13000pcs,41500 43500,3TED03-PC2,
TP,阳极,DET,TM1/TM2,TM1/TM2 DET,13000pcs,41500 43500,3TED03-PC4,
TP,阳极,DET,TM1/TM2,TM1/TM2 DET,13000pcs,41500 43500,3TED03-PC5,
TP,阳极,DET,TM1/TM2,TM1/TM2 DET,13000pcs,41500 43500,3TED04-PC1,
TP,阳极,DET,TM1/TM2,TM1/TM2 DET,13000pcs,41500 43500,3TED04-PC2,
TP,阳极,DET,TM1/TM2,TM1/TM2 DET,13000pcs,41500 43500,3TED04-PC3,
TP,阳极,DET,TM1/TM2,TM1/TM2 DET,13000pcs,41500 43500,3TED04-PC4,
TP,阳极,DET,TM1/TM2,TM1/TM2 DET,13000pcs,41500 43500,3TED04-PC5,
TP,阳极,DET,TM1/TM2,TM1/TM2 DET,13000pcs,41500 43500,3TED05-PC1,
TP,阳极,DET,TM1/TM2,TM1/TM2 DET,13000pcs,41500 43500,3TED05-PC2,
TP,阳极,DET,TM1/TM2,TM1/TM2 DET,13000pcs,41500 43500,3TED05-PC3,
TP,阳极,DET,TM1/TM2,TM1/TM2 DET,13000pcs,41500 43500,3TED05-PC4,
TP,阳极,DET,TM1/TM2,TM1/TM2 DET,13000pcs,41500 43500,3TED05-PC5,
TP,阳极,DET,TM1/TM2,TM1/TM2 DET,13000pcs,41500 43500,3TED06-PC4,
TP,阳极,DET,TM1/TM2,TM1/TM2 DET,13000pcs,41500 43500,3TED06-PC5,
TP,陶瓷,DET,TP1,TP1 DET,23000pcs,42500.0,3TED01-PC1,
TP,陶瓷,DET,TP1,TP1 DET,23000pcs,42500.0,3TED01-PC4,
TP,陶瓷,DET,TP1,TP1 DET,23000pcs,42500.0,3TED01-PC5,
TP,陶瓷,DET,TP1,TP1 DET,23000pcs,42500.0,3TED02-PC1,
TP,陶瓷,DET,TP1,TP1 DET,23000pcs,42500.0,3TED02-PC2,
TP,陶瓷,DET,TP1,TP1 DET,23000pcs,42500.0,3TED02-PC3,
TP,陶瓷,DET,TP1,TP1 DET,23000pcs,42500.0,3TED02-PC4,
TP,陶瓷,DET,TP1,TP1 DET,23000pcs,42500.0,3TED02-PC5,
TP,陶瓷,DET,TP1,TP1 DET,23000pcs,42500.0,3TED08-PC4,
TP,陶瓷,DET,TP1,TP1 DET,23000pcs,42500.0,3TED08-PC5,
TP,下电极,DET,TP1,TP1 DET,120000pcs,42500.0,3TED01-PC1,
TP,下电极,DET,TP1,TP1 DET,120000pcs,42500.0,3TED01-PC4,
TP,下电极,DET,TP1,TP1 DET,120000pcs,42500.0,3TED01-PC5,
TP,下电极,DET,TP1,TP1 DET,120000pcs,42500.0,3TED02-PC1,
TP,下电极,DET,TP1,TP1 DET,120000pcs,42500.0,3TED02-PC2,
TP,下电极,DET,TP1,TP1 DET,120000pcs,42500.0,3TED02-PC3,
TP,下电极,DET,TP1,TP1 DET,120000pcs,42500.0,3TED02-PC4,
TP,下电极,DET,TP1,TP1 DET,120000pcs,42500.0,3TED02-PC5,
TP,下电极,DET,TP1,TP1 DET,120000pcs,42500.0,3TED08-PC4,
TP,下电极,DET,TP1,TP1 DET,120000pcs,42500.0,3TED08-PC5,
TP,阳极,DET,TP1,TP1 DET,23000pcs,42500.0,3TED01-PC1,
TP,阳极,DET,TP1,TP1 DET,23000pcs,42500.0,3TED01-PC4,
TP,阳极,DET,TP1,TP1 DET,23000pcs,42500.0,3TED01-PC5,
TP,阳极,DET,TP1,TP1 DET,23000pcs,42500.0,3TED02-PC1,
TP,阳极,DET,TP1,TP1 DET,23000pcs,42500.0,3TED02-PC2,
TP,阳极,DET,TP1,TP1 DET,23000pcs,42500.0,3TED02-PC3,
TP,阳极,DET,TP1,TP1 DET,23000pcs,42500.0,3TED02-PC4,
TP,阳极,DET,TP1,TP1 DET,23000pcs,42500.0,3TED02-PC5,
TP,阳极,DET,TP1,TP1 DET,23000pcs,42500.0,3TED08-PC4,
TP,阳极,DET,TP1,TP1 DET,23000pcs,42500.0,3TED08-PC5,
TP,Diffuser,CVD AKT,TB,TB DEPO,120000pcs,41100.0,3TFC01-CHA,
TP,Diffuser,CVD AKT,TB,TB DEPO,120000pcs,41100.0,3TFC01-CHB,
TP,Diffuser,CVD AKT,TB,TB DEPO,120000pcs,41100.0,3TFC01-CHC,
TP,Diffuser,CVD AKT,TB,TB DEPO,120000pcs,41100.0,3TFC01-CHD,
TP,Diffuser,CVD AKT,TB,TB DEPO,120000pcs,41100.0,3TFC01-CHE,
TP,Diffuser,CVD AKT,TB,TB DEPO,120000pcs,41100.0,3TFC02-CHA,
TP,Diffuser,CVD AKT,TB,TB DEPO,120000pcs,41100.0,3TFC02-CHB,
TP,Diffuser,CVD AKT,TB,TB DEPO,120000pcs,41100.0,3TFC02-CHC,
TP,Diffuser,CVD AKT,TB,TB DEPO,120000pcs,41100.0,3TFC02-CHD,
TP,Diffuser,CVD AKT,TB,TB DEPO,120000pcs,41100.0,3TFC03-CHA,
TP,Diffuser,CVD AKT,TB,TB DEPO,120000pcs,41100.0,3TFC03-CHC,
TP,Diffuser,CVD AKT,TB,TB DEPO,120000pcs,41100.0,3TFC03-CHD,
TP,Diffuser,CVD AKT,TB,TB DEPO,120000pcs,42100.0,3TFC01-CHA,
TP,Diffuser,CVD AKT,TB,TB DEPO,120000pcs,42100.0,3TFC01-CHB,
TP,Diffuser,CVD AKT,TB,TB DEPO,120000pcs,42100.0,3TFC01-CHC,
TP,Diffuser,CVD AKT,TB,TB DEPO,120000pcs,42100.0,3TFC01-CHD,
TP,Diffuser,CVD AKT,TB,TB DEPO,120000pcs,42100.0,3TFC01-CHE,
TP,Diffuser,CVD AKT,TB,TB DEPO,120000pcs,42100.0,3TFC02-CHA,
TP,Diffuser,CVD AKT,TB,TB DEPO,120000pcs,42100.0,3TFC02-CHB,
TP,Diffuser,CVD AKT,TB,TB DEPO,120000pcs,42100.0,3TFC02-CHC,
TP,Diffuser,CVD AKT,TB,TB DEPO,120000pcs,42100.0,3TFC02-CHD,
TP,Diffuser,CVD AKT,TB,TB DEPO,120000pcs,42100.0,3TFC03-CHA,
TP,Diffuser,CVD AKT,TB,TB DEPO,120000pcs,42100.0,3TFC03-CHC,
TP,Diffuser,CVD AKT,TB,TB DEPO,120000pcs,42100.0,3TFC03-CHD,
TP,Diffuser,CVD AKT,TP,TP DEPO,120000pcs,41100.0,3TFC01-CHA,
TP,Diffuser,CVD AKT,TP,TP DEPO,120000pcs,41100.0,3TFC01-CHB,
TP,Diffuser,CVD AKT,TP,TP DEPO,120000pcs,41100.0,3TFC01-CHC,
TP,Diffuser,CVD AKT,TP,TP DEPO,120000pcs,41100.0,3TFC01-CHD,
TP,Diffuser,CVD AKT,TP,TP DEPO,120000pcs,41100.0,3TFC01-CHE,
TP,Diffuser,CVD AKT,TP,TP DEPO,120000pcs,41100.0,3TFC02-CHA,
TP,Diffuser,CVD AKT,TP,TP DEPO,120000pcs,41100.0,3TFC02-CHB,
TP,Diffuser,CVD AKT,TP,TP DEPO,120000pcs,41100.0,3TFC02-CHC,
TP,Diffuser,CVD AKT,TP,TP DEPO,120000pcs,41100.0,3TFC02-CHD,
TP,Diffuser,CVD AKT,TP,TP DEPO,120000pcs,41100.0,3TFC03-CHA,
TP,Diffuser,CVD AKT,TP,TP DEPO,120000pcs,41100.0,3TFC03-CHC,
TP,Diffuser,CVD AKT,TP,TP DEPO,120000pcs,41100.0,3TFC03-CHD,
TP,Diffuser,CVD AKT,TP,TP DEPO,120000pcs,42100.0,3TFC01-CHA,
TP,Diffuser,CVD AKT,TP,TP DEPO,120000pcs,42100.0,3TFC01-CHB,
TP,Diffuser,CVD AKT,TP,TP DEPO,120000pcs,42100.0,3TFC01-CHC,
TP,Diffuser,CVD AKT,TP,TP DEPO,120000pcs,42100.0,3TFC01-CHD,
TP,Diffuser,CVD AKT,TP,TP DEPO,120000pcs,42100.0,3TFC01-CHE,
TP,Diffuser,CVD AKT,TP,TP DEPO,120000pcs,42100.0,3TFC02-CHA,
TP,Diffuser,CVD AKT,TP,TP DEPO,120000pcs,42100.0,3TFC02-CHB,
TP,Diffuser,CVD AKT,TP,TP DEPO,120000pcs,42100.0,3TFC02-CHC,
TP,Diffuser,CVD AKT,TP,TP DEPO,120000pcs,42100.0,3TFC02-CHD,
TP,Diffuser,CVD AKT,TP,TP DEPO,120000pcs,42100.0,3TFC03-CHA,
TP,Diffuser,CVD AKT,TP,TP DEPO,120000pcs,42100.0,3TFC03-CHC,
TP,Diffuser,CVD AKT,TP,TP DEPO,120000pcs,42100.0,3TFC03-CHD,
TP,Backing Plate,CVD AKT,TB,TB DEPO,120000pcs,41100.0,3TFC01-CHA,
TP,Backing Plate,CVD AKT,TB,TB DEPO,120000pcs,41100.0,3TFC01-CHB,
TP,Backing Plate,CVD AKT,TB,TB DEPO,120000pcs,41100.0,3TFC01-CHC,
TP,Backing Plate,CVD AKT,TB,TB DEPO,120000pcs,41100.0,3TFC01-CHD,
TP,Backing Plate,CVD AKT,TB,TB DEPO,120000pcs,41100.0,3TFC01-CHE,
TP,Backing Plate,CVD AKT,TB,TB DEPO,120000pcs,41100.0,3TFC02-CHA,
TP,Backing Plate,CVD AKT,TB,TB DEPO,120000pcs,41100.0,3TFC02-CHB,
TP,Backing Plate,CVD AKT,TB,TB DEPO,120000pcs,41100.0,3TFC02-CHC,
TP,Backing Plate,CVD AKT,TB,TB DEPO,120000pcs,41100.0,3TFC02-CHD,
TP,Backing Plate,CVD AKT,TB,TB DEPO,120000pcs,41100.0,3TFC03-CHA,
TP,Backing Plate,CVD AKT,TB,TB DEPO,120000pcs,41100.0,3TFC03-CHC,
TP,Backing Plate,CVD AKT,TB,TB DEPO,120000pcs,41100.0,3TFC03-CHD,
TP,Backing Plate,CVD AKT,TB,TB DEPO,120000pcs,42100.0,3TFC01-CHA,
TP,Backing Plate,CVD AKT,TB,TB DEPO,120000pcs,42100.0,3TFC01-CHB,
TP,Backing Plate,CVD AKT,TB,TB DEPO,120000pcs,42100.0,3TFC01-CHC,
TP,Backing Plate,CVD AKT,TB,TB DEPO,120000pcs,42100.0,3TFC01-CHD,
TP,Backing Plate,CVD AKT,TB,TB DEPO,120000pcs,42100.0,3TFC01-CHE,
TP,Backing Plate,CVD AKT,TB,TB DEPO,120000pcs,42100.0,3TFC02-CHA,
TP,Backing Plate,CVD AKT,TB,TB DEPO,120000pcs,42100.0,3TFC02-CHB,
TP,Backing Plate,CVD AKT,TB,TB DEPO,120000pcs,42100.0,3TFC02-CHC,
TP,Backing Plate,CVD AKT,TB,TB DEPO,120000pcs,42100.0,3TFC02-CHD,
TP,Backing Plate,CVD AKT,TB,TB DEPO,120000pcs,42100.0,3TFC03-CHA,
TP,Backing Plate,CVD AKT,TB,TB DEPO,120000pcs,42100.0,3TFC03-CHC,
TP,Backing Plate,CVD AKT,TB,TB DEPO,120000pcs,42100.0,3TFC03-CHD,
TP,Backing Plate,CVD AKT,TP,TP DEPO,120000pcs,41100.0,3TFC01-CHA,
TP,Backing Plate,CVD AKT,TP,TP DEPO,120000pcs,41100.0,3TFC01-CHB,
TP,Backing Plate,CVD AKT,TP,TP DEPO,120000pcs,41100.0,3TFC01-CHC,
TP,Backing Plate,CVD AKT,TP,TP DEPO,120000pcs,41100.0,3TFC01-CHD,
TP,Backing Plate,CVD AKT,TP,TP DEPO,120000pcs,41100.0,3TFC01-CHE,
TP,Backing Plate,CVD AKT,TP,TP DEPO,120000pcs,41100.0,3TFC02-CHA,
TP,Backing Plate,CVD AKT,TP,TP DEPO,120000pcs,41100.0,3TFC02-CHB,
TP,Backing Plate,CVD AKT,TP,TP DEPO,120000pcs,41100.0,3TFC02-CHC,
TP,Backing Plate,CVD AKT,TP,TP DEPO,120000pcs,41100.0,3TFC02-CHD,
TP,Backing Plate,CVD AKT,TP,TP DEPO,120000pcs,41100.0,3TFC03-CHA,
TP,Backing Plate,CVD AKT,TP,TP DEPO,120000pcs,41100.0,3TFC03-CHC,
TP,Backing Plate,CVD AKT,TP,TP DEPO,120000pcs,41100.0,3TFC03-CHD,
TP,Backing Plate,CVD AKT,TP,TP DEPO,120000pcs,42100.0,3TFC01-CHA,
TP,Backing Plate,CVD AKT,TP,TP DEPO,120000pcs,42100.0,3TFC01-CHB,
TP,Backing Plate,CVD AKT,TP,TP DEPO,120000pcs,42100.0,3TFC01-CHC,
TP,Backing Plate,CVD AKT,TP,TP DEPO,120000pcs,42100.0,3TFC01-CHD,
TP,Backing Plate,CVD AKT,TP,TP DEPO,120000pcs,42100.0,3TFC01-CHE,
TP,Backing Plate,CVD AKT,TP,TP DEPO,120000pcs,42100.0,3TFC02-CHA,
TP,Backing Plate,CVD AKT,TP,TP DEPO,120000pcs,42100.0,3TFC02-CHB,
TP,Backing Plate,CVD AKT,TP,TP DEPO,120000pcs,42100.0,3TFC02-CHC,
TP,Backing Plate,CVD AKT,TP,TP DEPO,120000pcs,42100.0,3TFC02-CHD,
TP,Backing Plate,CVD AKT,TP,TP DEPO,120000pcs,42100.0,3TFC03-CHA,
TP,Backing Plate,CVD AKT,TP,TP DEPO,120000pcs,42100.0,3TFC03-CHC,
TP,Backing Plate,CVD AKT,TP,TP DEPO,120000pcs,42100.0,3TFC03-CHD,
TP,Susceptor,CVD AKT,TB,TB DEPO,120000pcs,41100.0,3TFC01-CHA,
TP,Susceptor,CVD AKT,TB,TB DEPO,120000pcs,41100.0,3TFC01-CHB,
TP,Susceptor,CVD AKT,TB,TB DEPO,120000pcs,41100.0,3TFC01-CHC,
TP,Susceptor,CVD AKT,TB,TB DEPO,120000pcs,41100.0,3TFC01-CHD,
TP,Susceptor,CVD AKT,TB,TB DEPO,120000pcs,41100.0,3TFC01-CHE,
TP,Susceptor,CVD AKT,TB,TB DEPO,120000pcs,41100.0,3TFC02-CHA,
TP,Susceptor,CVD AKT,TB,TB DEPO,120000pcs,41100.0,3TFC02-CHB,
TP,Susceptor,CVD AKT,TB,TB DEPO,120000pcs,41100.0,3TFC02-CHC,
TP,Susceptor,CVD AKT,TB,TB DEPO,120000pcs,41100.0,3TFC02-CHD,
TP,Susceptor,CVD AKT,TB,TB DEPO,120000pcs,41100.0,3TFC03-CHA,
TP,Susceptor,CVD AKT,TB,TB DEPO,120000pcs,41100.0,3TFC03-CHC,
TP,Susceptor,CVD AKT,TB,TB DEPO,120000pcs,41100.0,3TFC03-CHD,
TP,Susceptor,CVD AKT,TB,TB DEPO,120000pcs,42100.0,3TFC01-CHA,
TP,Susceptor,CVD AKT,TB,TB DEPO,120000pcs,42100.0,3TFC01-CHB,
TP,Susceptor,CVD AKT,TB,TB DEPO,120000pcs,42100.0,3TFC01-CHC,
TP,Susceptor,CVD AKT,TB,TB DEPO,120000pcs,42100.0,3TFC01-CHD,
TP,Susceptor,CVD AKT,TB,TB DEPO,120000pcs,42100.0,3TFC01-CHE,
TP,Susceptor,CVD AKT,TB,TB DEPO,120000pcs,42100.0,3TFC02-CHA,
TP,Susceptor,CVD AKT,TB,TB DEPO,120000pcs,42100.0,3TFC02-CHB,
TP,Susceptor,CVD AKT,TB,TB DEPO,120000pcs,42100.0,3TFC02-CHC,
TP,Susceptor,CVD AKT,TB,TB DEPO,120000pcs,42100.0,3TFC02-CHD,
TP,Susceptor,CVD AKT,TB,TB DEPO,120000pcs,42100.0,3TFC03-CHA,
TP,Susceptor,CVD AKT,TB,TB DEPO,120000pcs,42100.0,3TFC03-CHC,
TP,Susceptor,CVD AKT,TB,TB DEPO,120000pcs,42100.0,3TFC03-CHD,
TP,Susceptor,CVD AKT,TP,TP DEPO,120000pcs,41100.0,3TFC01-CHA,
TP,Susceptor,CVD AKT,TP,TP DEPO,120000pcs,41100.0,3TFC01-CHB,
TP,Susceptor,CVD AKT,TP,TP DEPO,120000pcs,41100.0,3TFC01-CHC,
TP,Susceptor,CVD AKT,TP,TP DEPO,120000pcs,41100.0,3TFC01-CHD,
TP,Susceptor,CVD AKT,TP,TP DEPO,120000pcs,41100.0,3TFC01-CHE,
TP,Susceptor,CVD AKT,TP,TP DEPO,120000pcs,41100.0,3TFC02-CHA,
TP,Susceptor,CVD AKT,TP,TP DEPO,120000pcs,41100.0,3TFC02-CHB,
TP,Susceptor,CVD AKT,TP,TP DEPO,120000pcs,41100.0,3TFC02-CHC,
TP,Susceptor,CVD AKT,TP,TP DEPO,120000pcs,41100.0,3TFC02-CHD,
TP,Susceptor,CVD AKT,TP,TP DEPO,120000pcs,41100.0,3TFC03-CHA,
TP,Susceptor,CVD AKT,TP,TP DEPO,120000pcs,41100.0,3TFC03-CHC,
TP,Susceptor,CVD AKT,TP,TP DEPO,120000pcs,41100.0,3TFC03-CHD,
TP,Susceptor,CVD AKT,TP,TP DEPO,120000pcs,42100.0,3TFC01-CHA,
TP,Susceptor,CVD AKT,TP,TP DEPO,120000pcs,42100.0,3TFC01-CHB,
TP,Susceptor,CVD AKT,TP,TP DEPO,120000pcs,42100.0,3TFC01-CHC,
TP,Susceptor,CVD AKT,TP,TP DEPO,120000pcs,42100.0,3TFC01-CHD,
TP,Susceptor,CVD AKT,TP,TP DEPO,120000pcs,42100.0,3TFC01-CHE,
TP,Susceptor,CVD AKT,TP,TP DEPO,120000pcs,42100.0,3TFC02-CHA,
TP,Susceptor,CVD AKT,TP,TP DEPO,120000pcs,42100.0,3TFC02-CHB,
TP,Susceptor,CVD AKT,TP,TP DEPO,120000pcs,42100.0,3TFC02-CHC,
TP,Susceptor,CVD AKT,TP,TP DEPO,120000pcs,42100.0,3TFC02-CHD,
TP,Susceptor,CVD AKT,TP,TP DEPO,120000pcs,42100.0,3TFC03-CHA,
TP,Susceptor,CVD AKT,TP,TP DEPO,120000pcs,42100.0,3TFC03-CHC,
TP,Susceptor,CVD AKT,TP,TP DEPO,120000pcs,42100.0,3TFC03-CHD,
TP,Shadow Frame,CVD AKT,TB,TB DEPO,120000pcs,41100.0,3TFC01-CHA,
TP,Shadow Frame,CVD AKT,TB,TB DEPO,120000pcs,41100.0,3TFC01-CHB,
TP,Shadow Frame,CVD AKT,TB,TB DEPO,120000pcs,41100.0,3TFC01-CHC,
TP,Shadow Frame,CVD AKT,TB,TB DEPO,120000pcs,41100.0,3TFC01-CHD,
TP,Shadow Frame,CVD AKT,TB,TB DEPO,120000pcs,41100.0,3TFC01-CHE,
TP,Shadow Frame,CVD AKT,TB,TB DEPO,120000pcs,41100.0,3TFC02-CHA,
TP,Shadow Frame,CVD AKT,TB,TB DEPO,120000pcs,41100.0,3TFC02-CHB,
TP,Shadow Frame,CVD AKT,TB,TB DEPO,120000pcs,41100.0,3TFC02-CHC,
TP,Shadow Frame,CVD AKT,TB,TB DEPO,120000pcs,41100.0,3TFC02-CHD,
TP,Shadow Frame,CVD AKT,TB,TB DEPO,120000pcs,41100.0,3TFC03-CHA,
TP,Shadow Frame,CVD AKT,TB,TB DEPO,120000pcs,41100.0,3TFC03-CHC,
TP,Shadow Frame,CVD AKT,TB,TB DEPO,120000pcs,41100.0,3TFC03-CHD,
TP,Shadow Frame,CVD AKT,TB,TB DEPO,120000pcs,42100.0,3TFC01-CHA,
TP,Shadow Frame,CVD AKT,TB,TB DEPO,120000pcs,42100.0,3TFC01-CHB,
TP,Shadow Frame,CVD AKT,TB,TB DEPO,120000pcs,42100.0,3TFC01-CHC,
TP,Shadow Frame,CVD AKT,TB,TB DEPO,120000pcs,42100.0,3TFC01-CHD,
TP,Shadow Frame,CVD AKT,TB,TB DEPO,120000pcs,42100.0,3TFC01-CHE,
TP,Shadow Frame,CVD AKT,TB,TB DEPO,120000pcs,42100.0,3TFC02-CHA,
TP,Shadow Frame,CVD AKT,TB,TB DEPO,120000pcs,42100.0,3TFC02-CHB,
TP,Shadow Frame,CVD AKT,TB,TB DEPO,120000pcs,42100.0,3TFC02-CHC,
TP,Shadow Frame,CVD AKT,TB,TB DEPO,120000pcs,42100.0,3TFC02-CHD,
TP,Shadow Frame,CVD AKT,TB,TB DEPO,120000pcs,42100.0,3TFC03-CHA,
TP,Shadow Frame,CVD AKT,TB,TB DEPO,120000pcs,42100.0,3TFC03-CHC,
TP,Shadow Frame,CVD AKT,TB,TB DEPO,120000pcs,42100.0,3TFC03-CHD,
TP,Shadow Frame,CVD AKT,TP,TP DEPO,120000pcs,41100.0,3TFC01-CHA,
TP,Shadow Frame,CVD AKT,TP,TP DEPO,120000pcs,41100.0,3TFC01-CHB,
TP,Shadow Frame,CVD AKT,TP,TP DEPO,120000pcs,41100.0,3TFC01-CHC,
TP,Shadow Frame,CVD AKT,TP,TP DEPO,120000pcs,41100.0,3TFC01-CHD,
TP,Shadow Frame,CVD AKT,TP,TP DEPO,120000pcs,41100.0,3TFC01-CHE,
TP,Shadow Frame,CVD AKT,TP,TP DEPO,120000pcs,41100.0,3TFC02-CHA,
TP,Shadow Frame,CVD AKT,TP,TP DEPO,120000pcs,41100.0,3TFC02-CHB,
TP,Shadow Frame,CVD AKT,TP,TP DEPO,120000pcs,41100.0,3TFC02-CHC,
TP,Shadow Frame,CVD AKT,TP,TP DEPO,120000pcs,41100.0,3TFC02-CHD,
TP,Shadow Frame,CVD AKT,TP,TP DEPO,120000pcs,41100.0,3TFC03-CHA,
TP,Shadow Frame,CVD AKT,TP,TP DEPO,120000pcs,41100.0,3TFC03-CHC,
TP,Shadow Frame,CVD AKT,TP,TP DEPO,120000pcs,41100.0,3TFC03-CHD,
TP,Shadow Frame,CVD AKT,TP,TP DEPO,120000pcs,42100.0,3TFC01-CHA,
TP,Shadow Frame,CVD AKT,TP,TP DEPO,120000pcs,42100.0,3TFC01-CHB,
TP,Shadow Frame,CVD AKT,TP,TP DEPO,120000pcs,42100.0,3TFC01-CHC,
TP,Shadow Frame,CVD AKT,TP,TP DEPO,120000pcs,42100.0,3TFC01-CHD,
TP,Shadow Frame,CVD AKT,TP,TP DEPO,120000pcs,42100.0,3TFC01-CHE,
TP,Shadow Frame,CVD AKT,TP,TP DEPO,120000pcs,42100.0,3TFC02-CHA,
TP,Shadow Frame,CVD AKT,TP,TP DEPO,120000pcs,42100.0,3TFC02-CHB,
TP,Shadow Frame,CVD AKT,TP,TP DEPO,120000pcs,42100.0,3TFC02-CHC,
TP,Shadow Frame,CVD AKT,TP,TP DEPO,120000pcs,42100.0,3TFC02-CHD,
TP,Shadow Frame,CVD AKT,TP,TP DEPO,120000pcs,42100.0,3TFC03-CHA,
TP,Shadow Frame,CVD AKT,TP,TP DEPO,120000pcs,42100.0,3TFC03-CHC,
TP,Shadow Frame,CVD AKT,TP,TP DEPO,120000pcs,42100.0,3TFC03-CHD,
TP,AL Target,PVD IRUJA,TM1,TM1 DEPO,44000KWH,41200.0,3TFS01-SPU-PM4,
TP,AL Target,PVD IRUJA,TM1,TM1 DEPO,44000KWH,41200.0,3TFS01-SPU-PM5,
TP,AL Target,PVD IRUJA,TM1,TM1 DEPO,44000KWH,41200.0,3TFS02-SPU-PM4,
TP,AL Target,PVD IRUJA,TM1,TM1 DEPO,44000KWH,41200.0,3TFS02-SPU-PM5,
TP,AL Target,PVD IRUJA,TM1,TM1 DEPO,44000KWH,41200.0,3TFS03-SPU-PM4,
TP,AL Target,PVD IRUJA,TM1,TM1 DEPO,44000KWH,41200.0,3TFS03-SPU-PM5,
TP,AL Target,PVD IRUJA,TM1,TM1 DEPO,44000KWH,41200.0,3TFS04-SPU-PM4,
TP,AL Target,PVD IRUJA,TM1,TM1 DEPO,44000KWH,41200.0,3TFS04-SPU-PM5,
TP,AL Target,PVD IRUJA,TM1,TM1 DEPO,44000KWH,41200.0,3TFS05-SPU-PM4,
TP,AL Target,PVD IRUJA,TM1,TM1 DEPO,44000KWH,41200.0,3TFS05-SPU-PM5,
TP,AL Target,PVD IRUJA,TM1,TM1 DEPO,44000KWH,43200.0,3TFS01-SPU-PM4,
TP,AL Target,PVD IRUJA,TM1,TM1 DEPO,44000KWH,43200.0,3TFS01-SPU-PM5,
TP,AL Target,PVD IRUJA,TM1,TM1 DEPO,44000KWH,43200.0,3TFS02-SPU-PM4,
TP,AL Target,PVD IRUJA,TM1,TM1 DEPO,44000KWH,43200.0,3TFS02-SPU-PM5,
TP,AL Target,PVD IRUJA,TM1,TM1 DEPO,44000KWH,43200.0,3TFS03-SPU-PM4,
TP,AL Target,PVD IRUJA,TM1,TM1 DEPO,44000KWH,43200.0,3TFS03-SPU-PM5,
TP,AL Target,PVD IRUJA,TM1,TM1 DEPO,44000KWH,43200.0,3TFS04-SPU-PM4,
TP,AL Target,PVD IRUJA,TM1,TM1 DEPO,44000KWH,43200.0,3TFS04-SPU-PM5,
TP,AL Target,PVD IRUJA,TM1,TM1 DEPO,44000KWH,43200.0,3TFS05-SPU-PM4,
TP,AL Target,PVD IRUJA,TM1,TM1 DEPO,44000KWH,43200.0,3TFS05-SPU-PM5,
TP,AL Target,PVD IRUJA,TM2,TM2 DEPO,44000KWH,41200.0,3TFS01-SPU-PM4,
TP,AL Target,PVD IRUJA,TM2,TM2 DEPO,44000KWH,41200.0,3TFS01-SPU-PM5,
TP,AL Target,PVD IRUJA,TM2,TM2 DEPO,44000KWH,41200.0,3TFS02-SPU-PM4,
TP,AL Target,PVD IRUJA,TM2,TM2 DEPO,44000KWH,41200.0,3TFS02-SPU-PM5,
TP,AL Target,PVD IRUJA,TM2,TM2 DEPO,44000KWH,41200.0,3TFS03-SPU-PM4,
TP,AL Target,PVD IRUJA,TM2,TM2 DEPO,44000KWH,41200.0,3TFS03-SPU-PM5,
TP,AL Target,PVD IRUJA,TM2,TM2 DEPO,44000KWH,41200.0,3TFS04-SPU-PM4,
TP,AL Target,PVD IRUJA,TM2,TM2 DEPO,44000KWH,41200.0,3TFS04-SPU-PM5,
TP,AL Target,PVD IRUJA,TM2,TM2 DEPO,44000KWH,41200.0,3TFS05-SPU-PM4,
TP,AL Target,PVD IRUJA,TM2,TM2 DEPO,44000KWH,41200.0,3TFS05-SPU-PM5,
TP,AL Target,PVD IRUJA,TM2,TM2 DEPO,44000KWH,43200.0,3TFS01-SPU-PM4,
TP,AL Target,PVD IRUJA,TM2,TM2 DEPO,44000KWH,43200.0,3TFS01-SPU-PM5,
TP,AL Target,PVD IRUJA,TM2,TM2 DEPO,44000KWH,43200.0,3TFS02-SPU-PM4,
TP,AL Target,PVD IRUJA,TM2,TM2 DEPO,44000KWH,43200.0,3TFS02-SPU-PM5,
TP,AL Target,PVD IRUJA,TM2,TM2 DEPO,44000KWH,43200.0,3TFS03-SPU-PM4,
TP,AL Target,PVD IRUJA,TM2,TM2 DEPO,44000KWH,43200.0,3TFS03-SPU-PM5,
TP,AL Target,PVD IRUJA,TM2,TM2 DEPO,44000KWH,43200.0,3TFS04-SPU-PM4,
TP,AL Target,PVD IRUJA,TM2,TM2 DEPO,44000KWH,43200.0,3TFS04-SPU-PM5,
TP,AL Target,PVD IRUJA,TM2,TM2 DEPO,44000KWH,43200.0,3TFS05-SPU-PM4,
TP,AL Target,PVD IRUJA,TM2,TM2 DEPO,44000KWH,43200.0,3TFS05-SPU-PM5,
TP,TI Target,PVD IRUJA,TM1,TM1 DEPO,44000KWH,41200.0,3TFS01-SPU-PM3,
TP,TI Target,PVD IRUJA,TM1,TM1 DEPO,44000KWH,41200.0,3TFS01-SPU-PM6,
TP,TI Target,PVD IRUJA,TM1,TM1 DEPO,44000KWH,41200.0,3TFS02-SPU-PM3,
TP,TI Target,PVD IRUJA,TM1,TM1 DEPO,44000KWH,41200.0,3TFS02-SPU-PM6,
TP,TI Target,PVD IRUJA,TM1,TM1 DEPO,44000KWH,41200.0,3TFS03-SPU-PM3,
TP,TI Target,PVD IRUJA,TM1,TM1 DEPO,44000KWH,41200.0,3TFS03-SPU-PM6,
TP,TI Target,PVD IRUJA,TM1,TM1 DEPO,44000KWH,41200.0,3TFS04-SPU-PM3,
TP,TI Target,PVD IRUJA,TM1,TM1 DEPO,44000KWH,41200.0,3TFS04-SPU-PM6,
TP,TI Target,PVD IRUJA,TM1,TM1 DEPO,44000KWH,41200.0,3TFS05-SPU-PM3,
TP,TI Target,PVD IRUJA,TM1,TM1 DEPO,44000KWH,41200.0,3TFS05-SPU-PM6,
TP,TI Target,PVD IRUJA,TM1,TM1 DEPO,44000KWH,43200.0,3TFS01-SPU-PM3,
TP,TI Target,PVD IRUJA,TM1,TM1 DEPO,44000KWH,43200.0,3TFS01-SPU-PM6,
TP,TI Target,PVD IRUJA,TM1,TM1 DEPO,44000KWH,43200.0,3TFS02-SPU-PM3,
TP,TI Target,PVD IRUJA,TM1,TM1 DEPO,44000KWH,43200.0,3TFS02-SPU-PM6,
TP,TI Target,PVD IRUJA,TM1,TM1 DEPO,44000KWH,43200.0,3TFS03-SPU-PM3,
TP,TI Target,PVD IRUJA,TM1,TM1 DEPO,44000KWH,43200.0,3TFS03-SPU-PM6,
TP,TI Target,PVD IRUJA,TM1,TM1 DEPO,44000KWH,43200.0,3TFS04-SPU-PM3,
TP,TI Target,PVD IRUJA,TM1,TM1 DEPO,44000KWH,43200.0,3TFS04-SPU-PM6,
TP,TI Target,PVD IRUJA,TM1,TM1 DEPO,44000KWH,43200.0,3TFS05-SPU-PM3,
TP,TI Target,PVD IRUJA,TM1,TM1 DEPO,44000KWH,43200.0,3TFS05-SPU-PM6,
TP,TI Target,PVD IRUJA,TM2,TM2 DEPO,44000KWH,41200.0,3TFS01-SPU-PM3,
TP,TI Target,PVD IRUJA,TM2,TM2 DEPO,44000KWH,41200.0,3TFS01-SPU-PM6,
TP,TI Target,PVD IRUJA,TM2,TM2 DEPO,44000KWH,41200.0,3TFS02-SPU-PM3,
TP,TI Target,PVD IRUJA,TM2,TM2 DEPO,44000KWH,41200.0,3TFS02-SPU-PM6,
TP,TI Target,PVD IRUJA,TM2,TM2 DEPO,44000KWH,41200.0,3TFS03-SPU-PM3,
TP,TI Target,PVD IRUJA,TM2,TM2 DEPO,44000KWH,41200.0,3TFS03-SPU-PM6,
TP,TI Target,PVD IRUJA,TM2,TM2 DEPO,44000KWH,41200.0,3TFS04-SPU-PM3,
TP,TI Target,PVD IRUJA,TM2,TM2 DEPO,44000KWH,41200.0,3TFS04-SPU-PM6,
TP,TI Target,PVD IRUJA,TM2,TM2 DEPO,44000KWH,41200.0,3TFS05-SPU-PM3,
TP,TI Target,PVD IRUJA,TM2,TM2 DEPO,44000KWH,41200.0,3TFS05-SPU-PM6,
TP,TI Target,PVD IRUJA,TM2,TM2 DEPO,44000KWH,43200.0,3TFS01-SPU-PM3,
TP,TI Target,PVD IRUJA,TM2,TM2 DEPO,44000KWH,43200.0,3TFS01-SPU-PM6,
TP,TI Target,PVD IRUJA,TM2,TM2 DEPO,44000KWH,43200.0,3TFS02-SPU-PM3,
TP,TI Target,PVD IRUJA,TM2,TM2 DEPO,44000KWH,43200.0,3TFS02-SPU-PM6,
TP,TI Target,PVD IRUJA,TM2,TM2 DEPO,44000KWH,43200.0,3TFS03-SPU-PM3,
TP,TI Target,PVD IRUJA,TM2,TM2 DEPO,44000KWH,43200.0,3TFS03-SPU-PM6,
TP,TI Target,PVD IRUJA,TM2,TM2 DEPO,44000KWH,43200.0,3TFS04-SPU-PM3,
TP,TI Target,PVD IRUJA,TM2,TM2 DEPO,44000KWH,43200.0,3TFS04-SPU-PM6,
TP,TI Target,PVD IRUJA,TM2,TM2 DEPO,44000KWH,43200.0,3TFS05-SPU-PM3,
TP,TI Target,PVD IRUJA,TM2,TM2 DEPO,44000KWH,43200.0,3TFS05-SPU-PM6,
TP,AL MASK,PVD IRUJA,TM1,TM1 DEPO,44000KWH,41200.0,3TFS01-SPU-PM4,
TP,AL MASK,PVD IRUJA,TM1,TM1 DEPO,44000KWH,41200.0,3TFS01-SPU-PM5,
TP,AL MASK,PVD IRUJA,TM1,TM1 DEPO,44000KWH,41200.0,3TFS02-SPU-PM4,
TP,AL MASK,PVD IRUJA,TM1,TM1 DEPO,44000KWH,41200.0,3TFS02-SPU-PM5,
TP,AL MASK,PVD IRUJA,TM1,TM1 DEPO,44000KWH,41200.0,3TFS03-SPU-PM4,
TP,AL MASK,PVD IRUJA,TM1,TM1 DEPO,44000KWH,41200.0,3TFS03-SPU-PM5,
TP,AL MASK,PVD IRUJA,TM1,TM1 DEPO,44000KWH,41200.0,3TFS04-SPU-PM4,
TP,AL MASK,PVD IRUJA,TM1,TM1 DEPO,44000KWH,41200.0,3TFS04-SPU-PM5,
TP,AL MASK,PVD IRUJA,TM1,TM1 DEPO,44000KWH,41200.0,3TFS05-SPU-PM4,
TP,AL MASK,PVD IRUJA,TM1,TM1 DEPO,44000KWH,41200.0,3TFS05-SPU-PM5,
TP,AL MASK,PVD IRUJA,TM1,TM1 DEPO,44000KWH,43200.0,3TFS01-SPU-PM4,
TP,AL MASK,PVD IRUJA,TM1,TM1 DEPO,44000KWH,43200.0,3TFS01-SPU-PM5,
TP,AL MASK,PVD IRUJA,TM1,TM1 DEPO,44000KWH,43200.0,3TFS02-SPU-PM4,
TP,AL MASK,PVD IRUJA,TM1,TM1 DEPO,44000KWH,43200.0,3TFS02-SPU-PM5,
TP,AL MASK,PVD IRUJA,TM1,TM1 DEPO,44000KWH,43200.0,3TFS03-SPU-PM4,
TP,AL MASK,PVD IRUJA,TM1,TM1 DEPO,44000KWH,43200.0,3TFS03-SPU-PM5,
TP,AL MASK,PVD IRUJA,TM1,TM1 DEPO,44000KWH,43200.0,3TFS04-SPU-PM4,
TP,AL MASK,PVD IRUJA,TM1,TM1 DEPO,44000KWH,43200.0,3TFS04-SPU-PM5,
TP,AL MASK,PVD IRUJA,TM1,TM1 DEPO,44000KWH,43200.0,3TFS05-SPU-PM4,
TP,AL MASK,PVD IRUJA,TM1,TM1 DEPO,44000KWH,43200.0,3TFS05-SPU-PM5,
TP,AL MASK,PVD IRUJA,TM2,TM2 DEPO,44000KWH,41200.0,3TFS01-SPU-PM4,
TP,AL MASK,PVD IRUJA,TM2,TM2 DEPO,44000KWH,41200.0,3TFS01-SPU-PM5,
TP,AL MASK,PVD IRUJA,TM2,TM2 DEPO,44000KWH,41200.0,3TFS02-SPU-PM4,
TP,AL MASK,PVD IRUJA,TM2,TM2 DEPO,44000KWH,41200.0,3TFS02-SPU-PM5,
TP,AL MASK,PVD IRUJA,TM2,TM2 DEPO,44000KWH,41200.0,3TFS03-SPU-PM4,
TP,AL MASK,PVD IRUJA,TM2,TM2 DEPO,44000KWH,41200.0,3TFS03-SPU-PM5,
TP,AL MASK,PVD IRUJA,TM2,TM2 DEPO,44000KWH,41200.0,3TFS04-SPU-PM4,
TP,AL MASK,PVD IRUJA,TM2,TM2 DEPO,44000KWH,41200.0,3TFS04-SPU-PM5,
TP,AL MASK,PVD IRUJA,TM2,TM2 DEPO,44000KWH,41200.0,3TFS05-SPU-PM4,
TP,AL MASK,PVD IRUJA,TM2,TM2 DEPO,44000KWH,41200.0,3TFS05-SPU-PM5,
TP,AL MASK,PVD IRUJA,TM2,TM2 DEPO,44000KWH,43200.0,3TFS01-SPU-PM4,
TP,AL MASK,PVD IRUJA,TM2,TM2 DEPO,44000KWH,43200.0,3TFS01-SPU-PM5,
TP,AL MASK,PVD IRUJA,TM2,TM2 DEPO,44000KWH,43200.0,3TFS02-SPU-PM4,
TP,AL MASK,PVD IRUJA,TM2,TM2 DEPO,44000KWH,43200.0,3TFS02-SPU-PM5,
TP,AL MASK,PVD IRUJA,TM2,TM2 DEPO,44000KWH,43200.0,3TFS03-SPU-PM4,
TP,AL MASK,PVD IRUJA,TM2,TM2 DEPO,44000KWH,43200.0,3TFS03-SPU-PM5,
TP,AL MASK,PVD IRUJA,TM2,TM2 DEPO,44000KWH,43200.0,3TFS04-SPU-PM4,
TP,AL MASK,PVD IRUJA,TM2,TM2 DEPO,44000KWH,43200.0,3TFS04-SPU-PM5,
TP,AL MASK,PVD IRUJA,TM2,TM2 DEPO,44000KWH,43200.0,3TFS05-SPU-PM4,
TP,AL MASK,PVD IRUJA,TM2,TM2 DEPO,44000KWH,43200.0,3TFS05-SPU-PM5,
TP,TI MASK,PVD IRUJA,TM1,TM1 DEPO,22000KWH,41200.0,3TFS01-SPU-PM3,
TP,TI MASK,PVD IRUJA,TM1,TM1 DEPO,22000KWH,41200.0,3TFS01-SPU-PM6,
TP,TI MASK,PVD IRUJA,TM1,TM1 DEPO,22000KWH,41200.0,3TFS02-SPU-PM3,
TP,TI MASK,PVD IRUJA,TM1,TM1 DEPO,22000KWH,41200.0,3TFS02-SPU-PM6,
TP,TI MASK,PVD IRUJA,TM1,TM1 DEPO,22000KWH,41200.0,3TFS03-SPU-PM3,
TP,TI MASK,PVD IRUJA,TM1,TM1 DEPO,22000KWH,41200.0,3TFS03-SPU-PM6,
TP,TI MASK,PVD IRUJA,TM1,TM1 DEPO,22000KWH,41200.0,3TFS04-SPU-PM3,
TP,TI MASK,PVD IRUJA,TM1,TM1 DEPO,22000KWH,41200.0,3TFS04-SPU-PM6,
TP,TI MASK,PVD IRUJA,TM1,TM1 DEPO,22000KWH,41200.0,3TFS05-SPU-PM3,
TP,TI MASK,PVD IRUJA,TM1,TM1 DEPO,22000KWH,41200.0,3TFS05-SPU-PM6,
TP,TI MASK,PVD IRUJA,TM1,TM1 DEPO,22000KWH,43200.0,3TFS01-SPU-PM3,
TP,TI MASK,PVD IRUJA,TM1,TM1 DEPO,22000KWH,43200.0,3TFS01-SPU-PM6,
TP,TI MASK,PVD IRUJA,TM1,TM1 DEPO,22000KWH,43200.0,3TFS02-SPU-PM3,
TP,TI MASK,PVD IRUJA,TM1,TM1 DEPO,22000KWH,43200.0,3TFS02-SPU-PM6,
TP,TI MASK,PVD IRUJA,TM1,TM1 DEPO,22000KWH,43200.0,3TFS03-SPU-PM3,
TP,TI MASK,PVD IRUJA,TM1,TM1 DEPO,22000KWH,43200.0,3TFS03-SPU-PM6,
TP,TI MASK,PVD IRUJA,TM1,TM1 DEPO,22000KWH,43200.0,3TFS04-SPU-PM3,
TP,TI MASK,PVD IRUJA,TM1,TM1 DEPO,22000KWH,43200.0,3TFS04-SPU-PM6,
TP,TI MASK,PVD IRUJA,TM1,TM1 DEPO,22000KWH,43200.0,3TFS05-SPU-PM3,
TP,TI MASK,PVD IRUJA,TM1,TM1 DEPO,22000KWH,43200.0,3TFS05-SPU-PM6,
TP,TI MASK,PVD IRUJA,TM2,TM2 DEPO,22000KWH,41200.0,3TFS01-SPU-PM3,
TP,TI MASK,PVD IRUJA,TM2,TM2 DEPO,22000KWH,41200.0,3TFS01-SPU-PM6,
TP,TI MASK,PVD IRUJA,TM2,TM2 DEPO,22000KWH,41200.0,3TFS02-SPU-PM3,
TP,TI MASK,PVD IRUJA,TM2,TM2 DEPO,22000KWH,41200.0,3TFS02-SPU-PM6,
TP,TI MASK,PVD IRUJA,TM2,TM2 DEPO,22000KWH,41200.0,3TFS03-SPU-PM3,
TP,TI MASK,PVD IRUJA,TM2,TM2 DEPO,22000KWH,41200.0,3TFS03-SPU-PM6,
TP,TI MASK,PVD IRUJA,TM2,TM2 DEPO,22000KWH,41200.0,3TFS04-SPU-PM3,
TP,TI MASK,PVD IRUJA,TM2,TM2 DEPO,22000KWH,41200.0,3TFS04-SPU-PM6,
TP,TI MASK,PVD IRUJA,TM2,TM2 DEPO,22000KWH,41200.0,3TFS05-SPU-PM3,
TP,TI MASK,PVD IRUJA,TM2,TM2 DEPO,22000KWH,41200.0,3TFS05-SPU-PM6,
TP,TI MASK,PVD IRUJA,TM2,TM2 DEPO,22000KWH,43200.0,3TFS01-SPU-PM3,
TP,TI MASK,PVD IRUJA,TM2,TM2 DEPO,22000KWH,43200.0,3TFS01-SPU-PM6,
TP,TI MASK,PVD IRUJA,TM2,TM2 DEPO,22000KWH,43200.0,3TFS02-SPU-PM3,
TP,TI MASK,PVD IRUJA,TM2,TM2 DEPO,22000KWH,43200.0,3TFS02-SPU-PM6,
TP,TI MASK,PVD IRUJA,TM2,TM2 DEPO,22000KWH,43200.0,3TFS03-SPU-PM3,
TP,TI MASK,PVD IRUJA,TM2,TM2 DEPO,22000KWH,43200.0,3TFS03-SPU-PM6,
TP,TI MASK,PVD IRUJA,TM2,TM2 DEPO,22000KWH,43200.0,3TFS04-SPU-PM3,
TP,TI MASK,PVD IRUJA,TM2,TM2 DEPO,22000KWH,43200.0,3TFS04-SPU-PM6,
TP,TI MASK,PVD IRUJA,TM2,TM2 DEPO,22000KWH,43200.0,3TFS05-SPU-PM3,
TP,TI MASK,PVD IRUJA,TM2,TM2 DEPO,22000KWH,43200.0,3TFS05-SPU-PM6,
