lot_id,defect_desc,date_key,total_panels,daily_base_rate,defect_panel_count,defect_rate
L3MY5C001,G向单亮线,20260126,5616,0.06993%,4,0.07123%
L3MY5C002,G向单亮线,20260126,5584,0.05562%,3,0.05372%
L3MY5C003,G向单亮线,20260125,5656,0.06967%,4,0.07072%
L3MY5C004,G向单亮线,20260129,5653,0.06859%,4,0.07076%
L3MY5C005,G向单亮线,20260211,5220,0.06224%,3,0.05747%
L3MY5C006,G向单亮线,20260127,5657,0.05239%,3,0.05303%
L3MY5C007,G向单亮线,20260127,5633,0.05845%,3,0.05326%
L3MY5C008,G向单亮线,20260129,5660,0.07058%,4,0.07067%
L3MY5C009,G向单亮线,20260126,5635,0.06249%,4,0.07098%
L3MY5C00A,G向单亮线,20260126,5255,0.05338%,3,0.05709%
L3MY5C00B,G向单亮线,20260126,5651,0.05580%,3,0.05309%
L3MY5C00C,G向单亮线,20260126,5630,0.05208%,3,0.05329%
L3MY5C00D,G向单亮线,20260126,5646,0.05060%,3,0.05313%
L3MY5C00E,G向单亮线,20260126,5617,0.05029%,3,0.05341%
L3MY5C00F,G向单亮线,20260128,5627,0.06479%,4,0.07109%
L3MY5C00G,G向单亮线,20260128,5650,0.05281%,3,0.05310%
L3MY5C00H,G向单亮线,20260127,5629,0.05203%,3,0.05330%
L3MY5C00J,G向单亮线,20260130,5654,0.05210%,3,0.05306%
L3MY5C00L,G向单亮线,20260129,5644,0.05532%,3,0.05315%
L3MY5C00M,G向单亮线,20260127,5598,0.05578%,3,0.05359%
L3MY5C00N,G向单亮线,20260128,5657,0.04809%,3,0.05303%
L3MY5C00P,G向单亮线,20260128,5664,0.05619%,3,0.05297%
L3MY5C00Q,G向单亮线,20260128,5651,0.05644%,3,0.05309%
L3MY5C00R,G向单亮线,20260130,5448,0.06039%,3,0.05507%
L3MY5C00S,G向单亮线,20260130,5624,0.04412%,2,0.03556%
L3MY5C00T,G向单亮线,20260128,5622,0.05438%,3,0.05336%
L3MY5C00U,G向单亮线,20260129,5633,0.05536%,3,0.05326%
L3MY5C00V,G向单亮线,20260129,5622,0.06009%,3,0.05336%
L3MY5C00W,G向单亮线,20260131,5650,0.06079%,3,0.05310%
L3MY5C00X,G向单亮线,20260129,5651,0.07074%,4,0.07078%
L3MY5C00Y,G向单亮线,20260201,5655,0.06897%,4,0.07073%
L3MY5C00Z,G向单亮线,20260130,5629,0.05817%,3,0.05330%
L3MY5C010,G向单亮线,20260211,5628,0.04764%,3,0.05330%
L3MY5C011,G向单亮线,20260211,5544,0.05265%,3,0.05411%
L3MY5C012,G向单亮线,20260211,5658,0.05866%,3,0.05302%
L3MY5C013,G向单亮线,20260130,5659,0.05784%,3,0.05301%
L3MY5C014,G向单亮线,20260204,5637,0.05969%,3,0.05322%
L3MY5C015,G向单亮线,20260211,5352,0.05964%,3,0.05605%
L3MY5C017,G向单亮线,20260205,5663,0.05728%,3,0.05298%
L3MY5C018,G向单亮线,20260205,5616,0.04762%,3,0.05342%
L3MY5C019,G向单亮线,20260204,5665,0.05699%,3,0.05296%
L3MY5C01A,G向单亮线,20260211,5648,0.04813%,3,0.05312%
L3MY5C01B,G向单亮线,20260207,5634,0.06330%,4,0.07100%
L3MY5C01C,G向单亮线,20260209,5624,0.05919%,3,0.05334%
L3MY5C01D,G向单亮线,20260212,5643,0.06293%,4,0.07088%
L3MY5C01E,G向单亮线,20260210,5631,0.05802%,3,0.05328%
L3MY5C01G,G向单亮线,20260210,5637,0.05269%,3,0.05322%
L3MY5C01H,G向单亮线,20260305,5650,0.06852%,4,0.07080%
L3MY5C01J,G向单亮线,20260207,5663,0.05745%,3,0.05298%
L3MY5C01K,G向单亮线,20260209,5610,0.07049%,4,0.07130%
L3MY5C01L,G向单亮线,20260212,5651,0.05465%,3,0.05309%
L3MY5C01M,G向单亮线,20260201,5672,0.07247%,4,0.07052%
L3MY5C01N,G向单亮线,20260210,5656,0.05430%,3,0.05304%
L3MY5C01P,G向单亮线,20260214,5653,0.00000%,0,0.00000%
L3MY5C01Q,G向单亮线,20260210,5610,0.05446%,3,0.05348%
L3MY5C01R,G向单亮线,20260202,5665,0.05465%,3,0.05296%
L3MY5C01S,G向单亮线,20260210,5438,0.06436%,4,0.07356%
L3MY5C01T,G向单亮线,20260210,5647,0.06940%,4,0.07083%
L3MY5C01U,G向单亮线,20260210,5634,0.06908%,4,0.07100%
L3MY5C01V,G向单亮线,20260211,5646,0.06130%,3,0.05313%
L3MY5C01X,G向单亮线,20260209,5471,0.06260%,3,0.05483%
L3MY5C01Y,G向单亮线,20260212,5661,0.05893%,3,0.05299%
L3MY5C01Z,G向单亮线,20260305,5629,0.04915%,3,0.05330%
L3MY5C020,G向单亮线,20260305,5626,0.05482%,3,0.05332%
L3MY5C021,G向单亮线,20260227,5630,0.05507%,3,0.05329%
L3MY5C022,G向单亮线,20260304,5655,0.05566%,3,0.05305%
L3MY5C023,G向单亮线,20260228,5651,0.05525%,3,0.05309%
L3MY5C024,G向单亮线,20260305,5602,0.04845%,3,0.05355%
L3MY5C025,G向单亮线,20260228,5648,0.05357%,3,0.05312%
L3MY5C026,G向单亮线,20260227,5664,0.06751%,4,0.07062%
L3MY5C027,G向单亮线,20260305,5659,0.06104%,3,0.05301%
L3MY5C028,G向单亮线,20260305,5650,0.04732%,3,0.05310%
L3MY5C029,G向单亮线,20260306,5636,0.04913%,3,0.05323%
L3MY5C02A,G向单亮线,20260305,5664,0.04978%,3,0.05297%
L3MY5C02B,G向单亮线,20260228,5646,0.06102%,3,0.05313%
L3MY5C02C,G向单亮线,20260228,5652,0.06456%,4,0.07077%
L3MY5C02D,G向单亮线,20260305,5656,0.05538%,3,0.05304%
L3MY5C02E,G向单亮线,20260306,5637,0.07044%,4,0.07096%
L3MY5C02F,G向单亮线,20260305,5651,0.06556%,4,0.07078%
L3MY5C02G,G向单亮线,20260304,5644,0.04601%,3,0.05315%
L3MY5C02H,G向单亮线,20260304,5621,0.05855%,3,0.05337%
L3MY5C02J,G向单亮线,20260305,5655,0.05981%,3,0.05305%
L3MY5C02K,G向单亮线,20260305,5646,0.05864%,3,0.05313%
L3MY5C02L,G向单亮线,20260304,5644,0.05673%,3,0.05315%
L3MY5C02M,G向单亮线,20260305,5635,0.06847%,4,0.07098%
L3MY5C02N,G向单亮线,20260228,5648,0.04731%,3,0.05312%
L3MY5C02P,G向单亮线,20260403,5632,0.06569%,4,0.07102%
L3MY5C02Q,G向单亮线,20260305,5655,0.05374%,3,0.05305%
L3MY5C02R,G向单亮线,20260303,5657,0.08138%,5,0.08839%
L3MY5C02S,G向单亮线,20260304,5650,0.04860%,3,0.05310%
L3MY61001,G向单亮线,20260324,5598,0.05581%,3,0.05359%
L3MY61002,G向单亮线,20260324,5630,0.05121%,3,0.05329%
L3MY61003,G向单亮线,20260324,5484,0.06650%,4,0.07294%
L3MY61004,G向单亮线,20260324,5629,0.05873%,3,0.05330%
L3MY61005,G向单亮线,20260324,5653,0.06033%,3,0.05307%
L3MY61007,G向单亮线,20260324,5257,0.07426%,4,0.07609%
L3MY61008,G向单亮线,20260325,5632,0.05101%,3,0.05327%
L3MY6100B,G向单亮线,20260323,5498,0.06170%,3,0.05457%
L3MY6100C,G向单亮线,20260325,5653,0.05624%,3,0.05307%
L3MY6100D,G向单亮线,20260324,5455,0.05277%,3,0.05500%
L3MY6100E,G向单亮线,20260415,5482,0.04543%,2,0.03648%
L3MY6100F,G向单亮线,20260324,5633,0.05224%,3,0.05326%
L3MY6100G,G向单亮线,20260325,5651,0.04935%,3,0.05309%
L3MY6100H,G向单亮线,20260323,5661,0.06282%,4,0.07066%
L3MY6100J,G向单亮线,20260324,5597,0.06976%,4,0.07147%
L3MY62001,G向单亮线,20260325,5641,0.05677%,3,0.05318%
L3MY62004,G向单亮线,20260325,5259,0.04996%,3,0.05705%
L3MY62005,G向单亮线,20260325,5627,0.05849%,3,0.05331%
L3MY62006,G向单亮线,20260326,5542,0.06284%,3,0.05413%
L3MY62007,G向单亮线,20260325,5607,0.05734%,3,0.05350%
L3MY62008,G向单亮线,20260326,5629,0.04770%,3,0.05330%
L3MY62009,G向单亮线,20260414,5396,0.05695%,3,0.05560%
L3MY6200A,G向单亮线,20260414,5414,0.06077%,3,0.05541%
L3MY6200B,G向单亮线,20260415,5427,0.05523%,3,0.05528%
L3MY6200C,G向单亮线,20260326,5624,0.06083%,3,0.05334%
L3MY6200D,G向单亮线,20260325,5543,0.05195%,3,0.05412%
L3MY6200F,G向单亮线,20260329,5459,0.06912%,4,0.07327%
L3MY6200G,G向单亮线,20260414,5437,0.06102%,3,0.05518%
L3MY6200H,G向单亮线,20260414,5409,0.06238%,3,0.05546%
L3MY6200J,G向单亮线,20260325,5646,0.05885%,3,0.05313%
L3MY6200K,G向单亮线,20260414,5403,0.05604%,3,0.05552%
L3MY6200L,G向单亮线,20260329,5424,0.06296%,3,0.05531%
L3MY6200M,G向单亮线,20260414,5396,0.05121%,3,0.05560%
L3MY6200N,G向单亮线,20260414,5420,0.05565%,3,0.05535%
L3MY6200P,G向单亮线,20260329,5651,0.06585%,4,0.07078%
L3MY6200Q,G向单亮线,20260414,5400,0.07351%,4,0.07407%
L3MY6200R,G向单亮线,20260415,5488,0.04790%,3,0.05466%
L3MY63001,G向单亮线,20260422,5544,0.05755%,3,0.05411%
L3MY63002,G向单亮线,20260419,5572,0.05703%,3,0.05384%
L3MY63003,G向单亮线,20260420,5385,0.04753%,3,0.05571%
L3MY63004,G向单亮线,20260418,5580,0.05866%,3,0.05376%
L3MY63005,G向单亮线,20260414,5483,0.06420%,4,0.07295%
L3MY63006,G向单亮线,20260425,4980,0.05707%,3,0.06024%
L3MY63007,G向单亮线,20260425,2809,0.05467%,2,0.07120%
L3MY63008,G向单亮线,20260420,5525,0.04830%,3,0.05430%
L3MY6300A,G向单亮线,20260420,5582,0.04683%,3,0.05374%
L3MY6300B,G向单亮线,20260419,5496,0.05655%,3,0.05459%
L3MY6300E,G向单亮线,20260426,5583,0.04617%,3,0.05373%
L3MY6300F,G向单亮线,20260421,5479,0.06425%,4,0.07301%
L3MY6300G,G向单亮线,20260425,5565,0.06060%,3,0.05391%
L3MY6300H,G向单亮线,20260419,5577,0.05908%,3,0.05379%
L3MY6300J,G向单亮线,20260421,5495,0.05162%,3,0.05460%
L3MY6300K,G向单亮线,20260421,5586,0.04427%,2,0.03580%
L3MY6300L,G向单亮线,20260418,5547,0.06419%,4,0.07211%
L3MY6300M,G向单亮线,20260422,5548,0.05392%,3,0.05407%
L3MY6300N,G向单亮线,20260419,5595,0.05306%,3,0.05362%
L3MY6300Q,G向单亮线,20260418,5557,0.04536%,3,0.05399%
L3MY6300R,G向单亮线,20260414,5519,0.06339%,3,0.05436%
L3MY6300S,G向单亮线,20260426,5635,0.06167%,3,0.05324%
L3MY6300T,G向单亮线,20260420,5472,0.05940%,3,0.05482%
L3MY6300U,G向单亮线,20260421,5409,0.04718%,3,0.05546%
L3MY6300V,G向单亮线,20260421,5533,0.05733%,3,0.05422%
L3MY6300X,G向单亮线,20260423,5499,0.06658%,4,0.07274%
L3MY63010,G向单亮线,20260418,5572,0.05692%,3,0.05384%
L3MY63012,G向单亮线,20260423,5622,0.06365%,4,0.07115%
L3MY63015,G向单亮线,20260419,5510,0.04739%,3,0.05445%
L3MY63016,G向单亮线,20260419,5623,0.05198%,3,0.05335%
L3MY6301B,G向单亮线,20260425,5615,0.07010%,4,0.07124%
L3MY6301D,G向单亮线,20260421,5532,0.05303%,3,0.05423%
L3MY6301F,G向单亮线,20260425,5581,0.07048%,4,0.07167%
L3MY6301G,G向单亮线,20260426,5596,0.05100%,3,0.05361%
L3MY6301H,G向单亮线,20260422,5546,0.05226%,3,0.05409%
L3MY6301J,G向单亮线,20260425,5613,0.06916%,4,0.07126%
L3MY6301Q,G向单亮线,20260422,5498,0.04936%,3,0.05457%
L3MY6301S,G向单亮线,20260426,5638,0.04289%,2,0.03547%
L3MY6301U,G向单亮线,20260424,5619,0.06003%,3,0.05339%
L3MY6301V,G向单亮线,20260425,5541,0.07727%,4,0.07219%
L3MY6301X,G向单亮线,20260422,5535,0.05790%,3,0.05420%
L3MY63029,G向单亮线,20260425,5616,0.07636%,4,0.07123%
L3MY5C001,G向单暗线,20260126,5616,0.31866%,18,0.32051%
L3MY5C002,G向单暗线,20260126,5584,0.34369%,19,0.34026%
L3MY5C003,G向单暗线,20260125,5656,0.00000%,0,0.00000%
L3MY5C004,G向单暗线,20260129,5653,0.26824%,15,0.26535%
L3MY5C005,G向单暗线,20260211,5220,0.37351%,19,0.36398%
L3MY5C006,G向单暗线,20260127,5657,0.32272%,18,0.31819%
L3MY5C007,G向单暗线,20260127,5633,0.28840%,16,0.28404%
L3MY5C008,G向单暗线,20260129,5660,0.32642%,18,0.31802%
L3MY5C009,G向单暗线,20260126,5635,0.33379%,19,0.33718%
L3MY5C00A,G向单暗线,20260126,5255,0.31032%,16,0.30447%
L3MY5C00B,G向单暗线,20260126,5651,0.33797%,19,0.33622%
L3MY5C00C,G向单暗线,20260126,5630,0.34325%,19,0.33748%
L3MY5C00D,G向单暗线,20260126,5646,0.30591%,17,0.30110%
L3MY5C00E,G向单暗线,20260126,5617,0.39087%,22,0.39167%
L3MY5C00F,G向单暗线,20260128,5627,0.32159%,18,0.31989%
L3MY5C00G,G向单暗线,20260128,5650,0.31560%,18,0.31858%
L3MY5C00H,G向单暗线,20260127,5629,0.36013%,20,0.35530%
L3MY5C00J,G向单暗线,20260130,5654,0.38081%,22,0.38911%
L3MY5C00K,G向单暗线,20260127,5643,0.30218%,17,0.30126%
L3MY5C00L,G向单暗线,20260129,5644,0.32533%,18,0.31892%
L3MY5C00M,G向单暗线,20260127,5598,0.42503%,24,0.42872%
L3MY5C00N,G向单暗线,20260128,5657,0.32598%,18,0.31819%
L3MY5C00P,G向单暗线,20260128,5664,0.36805%,21,0.37076%
L3MY5C00Q,G向单暗线,20260128,5651,0.28250%,16,0.28314%
L3MY5C00R,G向单暗线,20260130,5448,0.29190%,16,0.29369%
L3MY5C00S,G向单暗线,20260130,5624,0.28834%,16,0.28450%
L3MY5C00T,G向单暗线,20260128,5622,0.32457%,18,0.32017%
L3MY5C00U,G向单暗线,20260129,5633,0.28219%,16,0.28404%
L3MY5C00V,G向单暗线,20260129,5622,0.27359%,15,0.26681%
L3MY5C00W,G向单暗线,20260131,5650,0.41041%,23,0.40708%
L3MY5C00X,G向单暗线,20260129,5651,0.25497%,14,0.24774%
L3MY5C00Y,G向单暗线,20260201,5655,0.27435%,16,0.28294%
L3MY5C00Z,G向单暗线,20260130,5629,0.27820%,16,0.28424%
L3MY5C010,G向单暗线,20260211,5628,0.32733%,18,0.31983%
L3MY5C011,G向单暗线,20260211,5544,0.31308%,17,0.30664%
L3MY5C012,G向单暗线,20260211,5658,0.36446%,21,0.37116%
L3MY5C013,G向单暗线,20260130,5659,0.28037%,16,0.28274%
L3MY5C014,G向单暗线,20260204,5637,0.41151%,23,0.40802%
L3MY5C015,G向单暗线,20260211,5352,0.40454%,22,0.41106%
L3MY5C016,G向单暗线,20260131,5667,0.37580%,21,0.37057%
L3MY5C017,G向单暗线,20260205,5663,0.34216%,19,0.33551%
L3MY5C018,G向单暗线,20260205,5616,0.38623%,22,0.39174%
L3MY5C019,G向单暗线,20260204,5665,0.30150%,17,0.30009%
L3MY5C01A,G向单暗线,20260211,5648,0.36624%,21,0.37181%
L3MY5C01B,G向单暗线,20260207,5634,0.38251%,22,0.39049%
L3MY5C01C,G向单暗线,20260209,5624,0.30995%,17,0.30228%
L3MY5C01D,G向单暗线,20260212,5643,0.42136%,24,0.42531%
L3MY5C01E,G向单暗线,20260210,5631,0.30601%,17,0.30190%
L3MY5C01F,G向单暗线,20260210,5634,0.28196%,16,0.28399%
L3MY5C01G,G向单暗线,20260210,5637,0.26931%,15,0.26610%
L3MY5C01H,G向单暗线,20260305,5650,0.38406%,22,0.38938%
L3MY5C01J,G向单暗线,20260207,5663,0.37077%,21,0.37083%
L3MY5C01K,G向单暗线,20260209,5610,0.39976%,22,0.39216%
L3MY5C01L,G向单暗线,20260212,5651,0.39419%,22,0.38931%
L3MY5C01M,G向单暗线,20260201,5672,0.29345%,17,0.29972%
L3MY5C01N,G向单暗线,20260210,5656,0.32158%,18,0.31825%
L3MY5C01P,G向单暗线,20260214,5653,0.30334%,17,0.30073%
L3MY5C01Q,G向单暗线,20260210,5610,0.26631%,15,0.26738%
L3MY5C01R,G向单暗线,20260202,5665,0.32945%,19,0.33539%
L3MY5C01S,G向单暗线,20260210,5438,0.32240%,18,0.33100%
L3MY5C01T,G向单暗线,20260210,5647,0.37992%,21,0.37188%
L3MY5C01U,G向单暗线,20260210,5634,0.28516%,16,0.28399%
L3MY5C01V,G向单暗线,20260211,5646,0.34067%,19,0.33652%
L3MY5C01W,G向单暗线,20260210,5652,0.34856%,20,0.35386%
L3MY5C01X,G向单暗线,20260209,5471,0.34517%,19,0.34729%
L3MY5C01Y,G向单暗线,20260212,5661,0.36484%,21,0.37096%
L3MY5C01Z,G向单暗线,20260305,5629,0.38660%,22,0.39083%
L3MY5C020,G向单暗线,20260305,5626,0.28099%,16,0.28439%
L3MY5C021,G向单暗线,20260227,5630,0.26954%,15,0.26643%
L3MY5C022,G向单暗线,20260304,5655,0.29740%,17,0.30062%
L3MY5C023,G向单暗线,20260228,5651,0.35645%,20,0.35392%
L3MY5C024,G向单暗线,20260305,5602,0.34333%,19,0.33916%
L3MY5C025,G向单暗线,20260228,5648,0.32035%,18,0.31870%
L3MY5C026,G向单暗线,20260227,5664,0.25409%,14,0.24718%
L3MY5C027,G向单暗线,20260305,5659,0.25892%,15,0.26506%
L3MY5C028,G向单暗线,20260305,5650,0.26499%,15,0.26549%
L3MY5C029,G向单暗线,20260306,5636,0.37648%,21,0.37260%
L3MY5C02A,G向单暗线,20260305,5664,0.26340%,15,0.26483%
L3MY5C02B,G向单暗线,20260228,5646,0.28739%,16,0.28339%
L3MY5C02C,G向单暗线,20260228,5652,0.30621%,17,0.30078%
L3MY5C02D,G向单暗线,20260305,5656,0.29619%,17,0.30057%
L3MY5C02E,G向单暗线,20260306,5637,0.26283%,15,0.26610%
L3MY5C02F,G向单暗线,20260305,5651,0.37255%,21,0.37162%
L3MY5C02G,G向单暗线,20260304,5644,0.27985%,16,0.28349%
L3MY5C02H,G向单暗线,20260304,5621,0.33020%,19,0.33802%
L3MY5C02J,G向单暗线,20260305,5655,0.31757%,18,0.31830%
L3MY5C02K,G向单暗线,20260305,5646,0.31879%,18,0.31881%
L3MY5C02L,G向单暗线,20260304,5644,0.31210%,18,0.31892%
L3MY5C02M,G向单暗线,20260305,5635,0.27130%,15,0.26619%
L3MY5C02N,G向单暗线,20260228,5648,0.34925%,20,0.35411%
L3MY5C02P,G向单暗线,20260403,5632,0.32568%,18,0.31960%
L3MY5C02Q,G向单暗线,20260305,5655,0.28601%,16,0.28294%
L3MY5C02R,G向单暗线,20260303,5657,0.30729%,17,0.30051%
L3MY5C02S,G向单暗线,20260304,5650,0.27896%,16,0.28319%
L3MY61001,G向单暗线,20260324,5598,0.25855%,14,0.25009%
L3MY61002,G向单暗线,20260324,5630,0.31897%,18,0.31972%
L3MY61003,G向单暗线,20260324,5484,0.29164%,16,0.29176%
L3MY61004,G向单暗线,20260324,5629,0.27632%,16,0.28424%
L3MY61005,G向单暗线,20260324,5653,0.32479%,18,0.31842%
L3MY61006,G向单暗线,20260324,5627,0.29324%,17,0.30211%
L3MY61007,G向单暗线,20260324,5257,0.22150%,12,0.22827%
L3MY61008,G向单暗线,20260325,5632,0.31497%,18,0.31960%
L3MY61009,G向单暗线,20260323,5617,0.34751%,20,0.35606%
L3MY6100A,G向单暗线,20260322,5641,0.30505%,17,0.30137%
L3MY6100B,G向单暗线,20260323,5498,0.32295%,18,0.32739%
L3MY6100C,G向单暗线,20260325,5653,0.27891%,16,0.28304%
L3MY6100D,G向单暗线,20260324,5455,0.27618%,15,0.27498%
L3MY6100E,G向单暗线,20260415,5482,0.34057%,19,0.34659%
L3MY6100F,G向单暗线,20260324,5633,0.25389%,14,0.24854%
L3MY6100G,G向单暗线,20260325,5651,0.28972%,16,0.28314%
L3MY6100H,G向单暗线,20260323,5661,0.25865%,15,0.26497%
L3MY6100J,G向单暗线,20260324,5597,0.28138%,16,0.28587%
L3MY62001,G向单暗线,20260325,5641,0.24048%,14,0.24818%
L3MY62002,G向单暗线,20260415,5350,0.24597%,13,0.24299%
L3MY62004,G向单暗线,20260325,5259,0.24794%,13,0.24720%
L3MY62005,G向单暗线,20260325,5627,0.27580%,16,0.28434%
L3MY62006,G向单暗线,20260326,5542,0.35864%,20,0.36088%
L3MY62007,G向单暗线,20260325,5607,0.23358%,13,0.23185%
L3MY62008,G向单暗线,20260326,5629,0.25871%,15,0.26648%
L3MY62009,G向单暗线,20260414,5396,0.23225%,13,0.24092%
L3MY6200A,G向单暗线,20260414,5414,0.24865%,13,0.24012%
L3MY6200B,G向单暗线,20260415,5427,0.28834%,16,0.29482%
L3MY6200C,G向单暗线,20260326,5624,0.35469%,20,0.35562%
L3MY6200D,G向单暗线,20260325,5543,0.33620%,19,0.34277%
L3MY6200F,G向单暗线,20260329,5459,0.28493%,16,0.29309%
L3MY6200G,G向单暗线,20260414,5437,0.31130%,17,0.31267%
L3MY6200H,G向单暗线,20260414,5409,0.26237%,14,0.25883%
L3MY6200J,G向单暗线,20260325,5646,0.26978%,15,0.26567%
L3MY6200K,G向单暗线,20260414,5403,0.26142%,14,0.25912%
L3MY6200L,G向单暗线,20260329,5424,0.28269%,15,0.27655%
L3MY6200M,G向单暗线,20260414,5396,0.31785%,17,0.31505%
L3MY6200N,G向单暗线,20260414,5420,0.24479%,13,0.23985%
L3MY6200P,G向单暗线,20260329,5651,0.28116%,16,0.28314%
L3MY6200Q,G向单暗线,20260414,5400,0.25323%,14,0.25926%
L3MY6200R,G向单暗线,20260415,5488,0.31537%,17,0.30977%
L3MY63001,G向单暗线,20260422,5544,0.34908%,19,0.34271%
L3MY63002,G向单暗线,20260419,5572,0.27184%,15,0.26920%
L3MY63003,G向单暗线,20260420,5385,0.38272%,21,0.38997%
L3MY63004,G向单暗线,20260418,5580,0.28636%,16,0.28674%
L3MY63005,G向单暗线,20260414,5483,0.27790%,15,0.27357%
L3MY63006,G向单暗线,20260425,4980,0.46342%,23,0.46185%
L3MY63007,G向单暗线,20260425,2809,0.39844%,11,0.39160%
L3MY63008,G向单暗线,20260420,5525,0.41878%,23,0.41629%
L3MY63009,G向单暗线,20260424,5562,0.32625%,18,0.32362%
L3MY6300A,G向单暗线,20260420,5582,0.44644%,25,0.44787%
L3MY6300B,G向单暗线,20260419,5496,0.32398%,18,0.32751%
L3MY6300C,G向单暗线,20260418,5523,0.24723%,14,0.25349%
L3MY6300E,G向单暗线,20260426,5583,0.43565%,24,0.42988%
L3MY6300F,G向单暗线,20260421,5479,0.37261%,20,0.36503%
L3MY6300G,G向单暗线,20260425,5565,0.35323%,20,0.35939%
L3MY6300H,G向单暗线,20260419,5577,0.25861%,14,0.25103%
L3MY6300J,G向单暗线,20260421,5495,0.46312%,25,0.45496%
L3MY6300K,G向单暗线,20260421,5586,0.44457%,25,0.44755%
L3MY6300L,G向单暗线,20260418,5547,0.33192%,18,0.32450%
L3MY6300M,G向单暗线,20260422,5548,0.38844%,22,0.39654%
L3MY6300N,G向单暗线,20260419,5595,0.30414%,17,0.30384%
L3MY6300Q,G向单暗线,20260418,5557,0.31874%,18,0.32392%
L3MY6300R,G向单暗线,20260414,5519,0.31852%,18,0.32615%
L3MY6300S,G向单暗线,20260426,5635,0.29954%,17,0.30169%
L3MY6300T,G向单暗线,20260420,5472,0.45933%,25,0.45687%
L3MY6300U,G向单暗线,20260421,5409,0.35725%,19,0.35127%
L3MY6300V,G向单暗线,20260421,5533,0.47160%,26,0.46991%
L3MY6300W,G向单暗线,20260421,5552,0.37398%,21,0.37824%
L3MY6300X,G向单暗线,20260423,5499,0.33763%,19,0.34552%
L3MY6300Y,G向单暗线,20260418,5587,0.27069%,15,0.26848%
L3MY63010,G向单暗线,20260418,5572,0.24949%,14,0.25126%
L3MY63012,G向单暗线,20260423,5622,0.40349%,23,0.40911%
L3MY63013,G向单暗线,20260426,5384,0.32851%,18,0.33432%
L3MY63014,G向单暗线,20260425,5433,0.35707%,19,0.34971%
L3MY63015,G向单暗线,20260419,5510,0.29807%,16,0.29038%
L3MY63016,G向单暗线,20260419,5623,0.25933%,15,0.26676%
L3MY6301A,G向单暗线,20260421,5497,0.37029%,20,0.36383%
L3MY6301B,G向单暗线,20260425,5615,0.36675%,21,0.37400%
L3MY6301C,G向单暗线,20260418,5600,0.28820%,16,0.28571%
L3MY6301D,G向单暗线,20260421,5532,0.34961%,19,0.34346%
L3MY6301F,G向单暗线,20260425,5581,0.38881%,22,0.39419%
L3MY6301G,G向单暗线,20260426,5596,0.43338%,24,0.42888%
L3MY6301H,G向单暗线,20260422,5546,0.37570%,21,0.37865%
L3MY6301J,G向单暗线,20260425,5613,0.40616%,23,0.40976%
L3MY6301Q,G向单暗线,20260422,5498,0.35068%,19,0.34558%
L3MY6301S,G向单暗线,20260426,5638,0.44147%,25,0.44342%
L3MY6301U,G向单暗线,20260424,5619,0.40588%,23,0.40933%
L3MY6301V,G向单暗线,20260425,5541,0.42405%,23,0.41509%
L3MY6301X,G向单暗线,20260422,5535,0.39131%,22,0.39747%
L3MY63029,G向单暗线,20260425,5616,0.46480%,26,0.46296%
L3MY5C00B,G向微亮线,20260126,5651,0.00000%,0,0.00000%
L3MY61004,G向微亮线,20260324,5629,0.00000%,0,0.00000%
L3MY61009,G向微亮线,20260323,5617,0.00000%,0,0.00000%
L3MY63005,G向微亮线,20260414,5483,0.00000%,0,0.00000%
L3MY6300L,G向微亮线,20260418,5547,0.00000%,0,0.00000%
L3MY5C00J,G向群亮线,20260130,5654,0.00000%,0,0.00000%
L3MY5C00M,G向群亮线,20260127,5598,0.00000%,0,0.00000%
L3MY5C022,G向群亮线,20260304,5655,0.00000%,0,0.00000%
L3MY5C02B,G向群亮线,20260228,5646,0.00000%,0,0.00000%
L3MY5C02K,G向群亮线,20260305,5646,0.00000%,0,0.00000%
L3MY5C02N,G向群亮线,20260228,5648,0.00000%,0,0.00000%
L3MY6100E,G向群亮线,20260415,5482,0.00000%,0,0.00000%
L3MY6100G,G向群亮线,20260325,5651,0.00000%,0,0.00000%
L3MY6100H,G向群亮线,20260323,5661,0.00000%,0,0.00000%
L3MY62002,G向群亮线,20260415,5350,0.00000%,0,0.00000%
L3MY62004,G向群亮线,20260325,5259,0.00000%,0,0.00000%
L3MY62007,G向群亮线,20260325,5607,0.00000%,0,0.00000%
L3MY62008,G向群亮线,20260326,5629,0.00000%,0,0.00000%
L3MY62009,G向群亮线,20260414,5396,0.00000%,0,0.00000%
L3MY6200B,G向群亮线,20260415,5427,0.00000%,0,0.00000%
L3MY6200G,G向群亮线,20260414,5437,0.00000%,0,0.00000%
L3MY6301F,G向群亮线,20260425,5581,0.00000%,0,0.00000%
L3MY5C027,G向群暗线,20260305,5659,0.00000%,0,0.00000%
L3MY5C02P,G向群暗线,20260403,5632,0.00000%,0,0.00000%
L3MY61007,G向群暗线,20260324,5257,0.00000%,0,0.00000%
L3MY61009,G向群暗线,20260323,5617,0.00000%,0,0.00000%
L3MY62005,G向群暗线,20260325,5627,0.00000%,0,0.00000%
L3MY6200C,G向群暗线,20260326,5624,0.00000%,0,0.00000%
L3MY5C00C,PCD裂纹亮线,20260126,5630,0.00000%,0,0.00000%
L3MY5C026,PCD裂纹亮线,20260227,5664,0.00000%,0,0.00000%
L3MY63016,PCD裂纹亮线,20260419,5623,0.00000%,0,0.00000%
L3MY5C001,S向亮线,20260126,5616,0.47930%,27,0.48077%
L3MY5C002,S向亮线,20260126,5584,0.51150%,29,0.51934%
L3MY5C003,S向亮线,20260125,5656,0.00000%,0,0.00000%
L3MY5C004,S向亮线,20260129,5653,0.40078%,23,0.40686%
L3MY5C005,S向亮线,20260211,5220,0.36998%,19,0.36398%
L3MY5C006,S向亮线,20260127,5657,0.35751%,20,0.35354%
L3MY5C007,S向亮线,20260127,5633,0.38086%,21,0.37280%
L3MY5C008,S向亮线,20260129,5660,0.43239%,24,0.42403%
L3MY5C009,S向亮线,20260126,5635,0.38567%,22,0.39042%
L3MY5C00A,S向亮线,20260126,5255,0.41050%,22,0.41865%
L3MY5C00B,S向亮线,20260126,5651,0.37140%,21,0.37162%
L3MY5C00C,S向亮线,20260126,5630,0.37940%,21,0.37300%
L3MY5C00D,S向亮线,20260126,5646,0.36103%,20,0.35423%
L3MY5C00E,S向亮线,20260126,5617,0.51655%,29,0.51629%
L3MY5C00F,S向亮线,20260128,5627,0.37749%,21,0.37320%
L3MY5C00G,S向亮线,20260128,5650,0.42199%,24,0.42478%
L3MY5C00H,S向亮线,20260127,5629,0.36581%,21,0.37307%
L3MY5C00J,S向亮线,20260130,5654,0.43411%,25,0.44216%
L3MY5C00K,S向亮线,20260127,5643,0.44788%,25,0.44303%
L3MY5C00L,S向亮线,20260129,5644,0.33913%,19,0.33664%
L3MY5C00M,S向亮线,20260127,5598,0.44454%,25,0.44659%
L3MY5C00N,S向亮线,20260128,5657,0.37255%,21,0.37122%
L3MY5C00P,S向亮线,20260128,5664,0.35209%,20,0.35311%
L3MY5C00Q,S向亮线,20260128,5651,0.31149%,18,0.31853%
L3MY5C00R,S向亮线,20260130,5448,0.41358%,23,0.42217%
L3MY5C00S,S向亮线,20260130,5624,0.47627%,27,0.48009%
L3MY5C00T,S向亮线,20260128,5622,0.41321%,23,0.40911%
L3MY5C00U,S向亮线,20260129,5633,0.32862%,19,0.33730%
L3MY5C00V,S向亮线,20260129,5622,0.34249%,19,0.33796%
L3MY5C00W,S向亮线,20260131,5650,0.47816%,27,0.47788%
L3MY5C00X,S向亮线,20260129,5651,0.45436%,26,0.46010%
L3MY5C00Y,S向亮线,20260201,5655,0.41428%,23,0.40672%
L3MY5C00Z,S向亮线,20260130,5629,0.50534%,28,0.49742%
L3MY5C010,S向亮线,20260211,5628,0.29446%,17,0.30206%
L3MY5C011,S向亮线,20260211,5544,0.28831%,16,0.28860%
L3MY5C012,S向亮线,20260211,5658,0.34349%,19,0.33581%
L3MY5C013,S向亮线,20260130,5659,0.35730%,20,0.35342%
L3MY5C014,S向亮线,20260204,5637,0.28060%,16,0.28384%
L3MY5C015,S向亮线,20260211,5352,0.37350%,20,0.37369%
L3MY5C016,S向亮线,20260131,5667,0.36350%,21,0.37057%
L3MY5C017,S向亮线,20260205,5663,0.28386%,16,0.28254%
L3MY5C018,S向亮线,20260205,5616,0.34981%,20,0.35613%
L3MY5C019,S向亮线,20260204,5665,0.39748%,23,0.40600%
L3MY5C01A,S向亮线,20260211,5648,0.36656%,21,0.37181%
L3MY5C01B,S向亮线,20260207,5634,0.31275%,18,0.31949%
L3MY5C01C,S向亮线,20260209,5624,0.31519%,18,0.32006%
L3MY5C01D,S向亮线,20260212,5643,0.30787%,17,0.30126%
L3MY5C01E,S向亮线,20260210,5631,0.31412%,18,0.31966%
L3MY5C01F,S向亮线,20260210,5634,0.30706%,17,0.30174%
L3MY5C01G,S向亮线,20260210,5637,0.28121%,16,0.28384%
L3MY5C01H,S向亮线,20260305,5650,0.39394%,22,0.38938%
L3MY5C01J,S向亮线,20260207,5663,0.37202%,21,0.37083%
L3MY5C01K,S向亮线,20260209,5610,0.36374%,20,0.35651%
L3MY5C01L,S向亮线,20260212,5651,0.37937%,21,0.37162%
L3MY5C01M,S向亮线,20260201,5672,0.37408%,21,0.37024%
L3MY5C01N,S向亮线,20260210,5656,0.25980%,15,0.26521%
L3MY5C01P,S向亮线,20260214,5653,0.24939%,14,0.24766%
L3MY5C01Q,S向亮线,20260210,5610,0.28203%,16,0.28520%
L3MY5C01R,S向亮线,20260202,5665,0.24915%,14,0.24713%
L3MY5C01S,S向亮线,20260210,5438,0.24820%,13,0.23906%
L3MY5C01T,S向亮线,20260210,5647,0.30919%,17,0.30104%
L3MY5C01U,S向亮线,20260210,5634,0.26605%,15,0.26624%
L3MY5C01V,S向亮线,20260211,5646,0.36981%,21,0.37194%
L3MY5C01W,S向亮线,20260210,5652,0.26438%,15,0.26539%
L3MY5C01X,S向亮线,20260209,5471,0.28683%,16,0.29245%
L3MY5C01Y,S向亮线,20260212,5661,0.34988%,20,0.35329%
L3MY5C01Z,S向亮线,20260305,5629,0.34023%,19,0.33754%
L3MY5C020,S向亮线,20260305,5626,0.37274%,21,0.37327%
L3MY5C021,S向亮线,20260227,5630,0.57384%,32,0.56838%
L3MY5C022,S向亮线,20260304,5655,0.35851%,20,0.35367%
L3MY5C023,S向亮线,20260228,5651,0.48682%,28,0.49549%
L3MY5C024,S向亮线,20260305,5602,0.37104%,21,0.37487%
L3MY5C025,S向亮线,20260228,5648,0.61359%,35,0.61969%
L3MY5C026,S向亮线,20260227,5664,0.57664%,33,0.58263%
L3MY5C027,S向亮线,20260305,5659,0.33207%,19,0.33575%
L3MY5C028,S向亮线,20260305,5650,0.27944%,16,0.28319%
L3MY5C029,S向亮线,20260306,5636,0.30116%,17,0.30163%
L3MY5C02A,S向亮线,20260305,5664,0.28127%,16,0.28249%
L3MY5C02B,S向亮线,20260228,5646,0.65892%,37,0.65533%
L3MY5C02C,S向亮线,20260228,5652,0.64170%,36,0.63694%
L3MY5C02D,S向亮线,20260305,5656,0.33776%,19,0.33593%
L3MY5C02E,S向亮线,20260306,5637,0.34867%,20,0.35480%
L3MY5C02F,S向亮线,20260305,5651,0.41265%,23,0.40701%
L3MY5C02G,S向亮线,20260304,5644,0.28522%,16,0.28349%
L3MY5C02H,S向亮线,20260304,5621,0.36706%,21,0.37360%
L3MY5C02J,S向亮线,20260305,5655,0.31972%,18,0.31830%
L3MY5C02K,S向亮线,20260305,5646,0.33886%,19,0.33652%
L3MY5C02L,S向亮线,20260304,5644,0.36917%,21,0.37208%
L3MY5C02M,S向亮线,20260305,5635,0.32694%,18,0.31943%
L3MY5C02N,S向亮线,20260228,5648,0.67901%,38,0.67280%
L3MY5C02P,S向亮线,20260403,5632,0.29261%,16,0.28409%
L3MY5C02Q,S向亮线,20260305,5655,0.27935%,16,0.28294%
L3MY5C02R,S向亮线,20260303,5657,0.28381%,16,0.28284%
L3MY5C02S,S向亮线,20260304,5650,0.35211%,20,0.35398%
L3MY61001,S向亮线,20260324,5598,0.28290%,16,0.28582%
L3MY61002,S向亮线,20260324,5630,0.29125%,16,0.28419%
L3MY61003,S向亮线,20260324,5484,0.28912%,16,0.29176%
L3MY61004,S向亮线,20260324,5629,0.31125%,18,0.31977%
L3MY61005,S向亮线,20260324,5653,0.33507%,19,0.33610%
L3MY61006,S向亮线,20260324,5627,0.31822%,18,0.31989%
L3MY61007,S向亮线,20260324,5257,0.34032%,18,0.34240%
L3MY61008,S向亮线,20260325,5632,0.32540%,18,0.31960%
L3MY61009,S向亮线,20260323,5617,0.29492%,17,0.30265%
L3MY6100A,S向亮线,20260322,5641,0.43490%,25,0.44318%
L3MY6100B,S向亮线,20260323,5498,0.33373%,18,0.32739%
L3MY6100C,S向亮线,20260325,5653,0.40294%,23,0.40686%
L3MY6100D,S向亮线,20260324,5455,0.32754%,18,0.32997%
L3MY6100E,S向亮线,20260415,5482,0.32267%,18,0.32835%
L3MY6100F,S向亮线,20260324,5633,0.28679%,16,0.28404%
L3MY6100G,S向亮线,20260325,5651,0.28877%,16,0.28314%
L3MY6100H,S向亮线,20260323,5661,0.27059%,15,0.26497%
L3MY6100J,S向亮线,20260324,5597,0.33439%,19,0.33947%
L3MY62001,S向亮线,20260325,5641,0.39874%,22,0.39000%
L3MY62002,S向亮线,20260415,5350,0.29535%,16,0.29907%
L3MY62004,S向亮线,20260325,5259,0.30480%,16,0.30424%
L3MY62005,S向亮线,20260325,5627,0.29865%,17,0.30211%
L3MY62006,S向亮线,20260326,5542,0.34092%,19,0.34284%
L3MY62007,S向亮线,20260325,5607,0.39816%,22,0.39237%
L3MY62008,S向亮线,20260326,5629,0.38775%,22,0.39083%
L3MY62009,S向亮线,20260414,5396,0.28808%,16,0.29652%
L3MY6200A,S向亮线,20260414,5414,0.33070%,18,0.33247%
L3MY6200B,S向亮线,20260415,5427,0.30905%,17,0.31325%
L3MY6200C,S向亮线,20260326,5624,0.39932%,22,0.39118%
L3MY6200D,S向亮线,20260325,5543,0.37854%,21,0.37886%
L3MY6200F,S向亮线,20260329,5459,0.35773%,20,0.36637%
L3MY6200G,S向亮线,20260414,5437,0.31068%,17,0.31267%
L3MY6200H,S向亮线,20260414,5409,0.32047%,17,0.31429%
L3MY6200J,S向亮线,20260325,5646,0.29001%,16,0.28339%
L3MY6200K,S向亮线,20260414,5403,0.35684%,19,0.35166%
L3MY6200L,S向亮线,20260329,5424,0.37406%,20,0.36873%
L3MY6200M,S向亮线,20260414,5396,0.34649%,19,0.35211%
L3MY6200N,S向亮线,20260414,5420,0.33169%,18,0.33210%
L3MY6200P,S向亮线,20260329,5651,0.38552%,22,0.38931%
L3MY6200Q,S向亮线,20260414,5400,0.33674%,18,0.33333%
L3MY6200R,S向亮线,20260415,5488,0.35056%,19,0.34621%
L3MY63001,S向亮线,20260422,5544,0.30303%,17,0.30664%
L3MY63002,S向亮线,20260419,5572,0.32754%,18,0.32304%
L3MY63003,S向亮线,20260420,5385,0.38514%,21,0.38997%
L3MY63004,S向亮线,20260418,5580,0.36914%,21,0.37634%
L3MY63005,S向亮线,20260414,5483,0.35595%,20,0.36476%
L3MY63006,S向亮线,20260425,4980,0.30808%,15,0.30120%
L3MY63007,S向亮线,20260425,2809,0.30175%,8,0.28480%
L3MY63008,S向亮线,20260420,5525,0.39857%,22,0.39819%
L3MY63009,S向亮线,20260424,5562,0.40377%,22,0.39554%
L3MY6300A,S向亮线,20260420,5582,0.39051%,22,0.39412%
L3MY6300B,S向亮线,20260419,5496,0.38267%,21,0.38210%
L3MY6300C,S向亮线,20260418,5523,0.29132%,16,0.28970%
L3MY6300E,S向亮线,20260426,5583,0.33383%,19,0.34032%
L3MY6300F,S向亮线,20260421,5479,0.30904%,17,0.31028%
L3MY6300G,S向亮线,20260425,5565,0.29951%,17,0.30548%
L3MY6300H,S向亮线,20260419,5577,0.36904%,21,0.37655%
L3MY6300J,S向亮线,20260421,5495,0.40464%,22,0.40036%
L3MY6300K,S向亮线,20260421,5586,0.35016%,20,0.35804%
L3MY6300L,S向亮线,20260418,5547,0.34585%,19,0.34253%
L3MY6300M,S向亮线,20260422,5548,0.29045%,16,0.28839%
L3MY6300N,S向亮线,20260419,5595,0.32450%,18,0.32172%
L3MY6300Q,S向亮线,20260418,5557,0.27343%,15,0.26993%
L3MY6300R,S向亮线,20260414,5519,0.31531%,17,0.30803%
L3MY6300S,S向亮线,20260426,5635,0.34123%,19,0.33718%
L3MY6300T,S向亮线,20260420,5472,0.29826%,16,0.29240%
L3MY6300U,S向亮线,20260421,5409,0.31422%,17,0.31429%
L3MY6300V,S向亮线,20260421,5533,0.33880%,19,0.34339%
L3MY6300W,S向亮线,20260421,5552,0.29016%,16,0.28818%
L3MY6300X,S向亮线,20260423,5499,0.30985%,17,0.30915%
L3MY6300Y,S向亮线,20260418,5587,0.30883%,17,0.30428%
L3MY63010,S向亮线,20260418,5572,0.25433%,14,0.25126%
L3MY63012,S向亮线,20260423,5622,0.30295%,17,0.30238%
L3MY63013,S向亮线,20260426,5384,0.24369%,13,0.24146%
L3MY63014,S向亮线,20260425,5433,0.34240%,19,0.34971%
L3MY63015,S向亮线,20260419,5510,0.35299%,19,0.34483%
L3MY63016,S向亮线,20260419,5623,0.33782%,19,0.33790%
L3MY6301A,S向亮线,20260421,5497,0.28971%,16,0.29107%
L3MY6301B,S向亮线,20260425,5615,0.32884%,18,0.32057%
L3MY6301C,S向亮线,20260418,5600,0.29224%,16,0.28571%
L3MY6301D,S向亮线,20260421,5532,0.28612%,16,0.28923%
L3MY6301F,S向亮线,20260425,5581,0.30067%,17,0.30460%
L3MY6301G,S向亮线,20260426,5596,0.34887%,20,0.35740%
L3MY6301H,S向亮线,20260422,5546,0.34963%,19,0.34259%
L3MY6301J,S向亮线,20260425,5613,0.34762%,20,0.35632%
L3MY6301Q,S向亮线,20260422,5498,0.23491%,13,0.23645%
L3MY6301S,S向亮线,20260426,5638,0.26659%,15,0.26605%
L3MY6301U,S向亮线,20260424,5619,0.33446%,19,0.33814%
L3MY6301V,S向亮线,20260425,5541,0.28425%,16,0.28876%
L3MY6301X,S向亮线,20260422,5535,0.28600%,16,0.28907%
L3MY63029,S向亮线,20260425,5616,0.27727%,16,0.28490%
L3MY5C001,S向单暗线,20260126,5616,0.31353%,18,0.32051%
L3MY5C002,S向单暗线,20260126,5584,0.28186%,16,0.28653%
L3MY5C003,S向单暗线,20260125,5656,0.00000%,0,0.00000%
L3MY5C004,S向单暗线,20260129,5653,0.24950%,14,0.24766%
L3MY5C005,S向单暗线,20260211,5220,0.23520%,12,0.22989%
L3MY5C006,S向单暗线,20260127,5657,0.30198%,17,0.30051%
L3MY5C007,S向单暗线,20260127,5633,0.25349%,14,0.24854%
L3MY5C008,S向单暗线,20260129,5660,0.27496%,16,0.28269%
L3MY5C009,S向单暗线,20260126,5635,0.32060%,18,0.31943%
L3MY5C00A,S向单暗线,20260126,5255,0.25471%,13,0.24738%
L3MY5C00B,S向单暗线,20260126,5651,0.31311%,18,0.31853%
L3MY5C00C,S向单暗线,20260126,5630,0.31127%,18,0.31972%
L3MY5C00D,S向单暗线,20260126,5646,0.27902%,16,0.28339%
L3MY5C00E,S向单暗线,20260126,5617,0.29070%,16,0.28485%
L3MY5C00F,S向单暗线,20260128,5627,0.24735%,14,0.24880%
L3MY5C00G,S向单暗线,20260128,5650,0.28341%,16,0.28319%
L3MY5C00H,S向单暗线,20260127,5629,0.27489%,15,0.26648%
L3MY5C00J,S向单暗线,20260130,5654,0.28337%,16,0.28299%
L3MY5C00K,S向单暗线,20260127,5643,0.33155%,19,0.33670%
L3MY5C00L,S向单暗线,20260129,5644,0.23898%,13,0.23033%
L3MY5C00M,S向单暗线,20260127,5598,0.26565%,15,0.26795%
L3MY5C00N,S向单暗线,20260128,5657,0.29945%,17,0.30051%
L3MY5C00P,S向单暗线,20260128,5664,0.22945%,13,0.22952%
L3MY5C00Q,S向单暗线,20260128,5651,0.24744%,14,0.24774%
L3MY5C00R,S向单暗线,20260130,5448,0.27004%,15,0.27533%
L3MY5C00S,S向单暗线,20260130,5624,0.26638%,15,0.26671%
L3MY5C00T,S向单暗线,20260128,5622,0.25557%,14,0.24902%
L3MY5C00U,S向单暗线,20260129,5633,0.20041%,11,0.19528%
L3MY5C00V,S向单暗线,20260129,5622,0.28897%,16,0.28460%
L3MY5C00W,S向单暗线,20260131,5650,0.27301%,15,0.26549%
L3MY5C00X,S向单暗线,20260129,5651,0.23287%,13,0.23005%
L3MY5C00Y,S向单暗线,20260201,5655,0.23032%,13,0.22989%
L3MY5C00Z,S向单暗线,20260130,5629,0.28806%,16,0.28424%
L3MY5C010,S向单暗线,20260211,5628,0.31675%,18,0.31983%
L3MY5C011,S向单暗线,20260211,5544,0.23830%,13,0.23449%
L3MY5C012,S向单暗线,20260211,5658,0.24531%,14,0.24744%
L3MY5C013,S向单暗线,20260130,5659,0.21063%,12,0.21205%
L3MY5C014,S向单暗线,20260204,5637,0.28990%,16,0.28384%
L3MY5C015,S向单暗线,20260211,5352,0.22072%,12,0.22422%
L3MY5C016,S向单暗线,20260131,5667,0.35196%,20,0.35292%
L3MY5C017,S向单暗线,20260205,5663,0.34807%,20,0.35317%
L3MY5C018,S向单暗线,20260205,5616,0.24293%,14,0.24929%
L3MY5C019,S向单暗线,20260204,5665,0.31669%,18,0.31774%
L3MY5C01A,S向单暗线,20260211,5648,0.21936%,12,0.21246%
L3MY5C01B,S向单暗线,20260207,5634,0.23889%,13,0.23074%
L3MY5C01C,S向单暗线,20260209,5624,0.33342%,19,0.33784%
L3MY5C01D,S向单暗线,20260212,5643,0.24705%,14,0.24809%
L3MY5C01E,S向单暗线,20260210,5631,0.24060%,14,0.24862%
L3MY5C01F,S向单暗线,20260210,5634,0.24301%,14,0.24849%
L3MY5C01G,S向单暗线,20260210,5637,0.29912%,17,0.30158%
L3MY5C01H,S向单暗线,20260305,5650,0.29791%,17,0.30088%
L3MY5C01J,S向单暗线,20260207,5663,0.22095%,13,0.22956%
L3MY5C01K,S向单暗线,20260209,5610,0.25254%,14,0.24955%
L3MY5C01L,S向单暗线,20260212,5651,0.31943%,18,0.31853%
L3MY5C01M,S向单暗线,20260201,5672,0.27038%,15,0.26446%
L3MY5C01N,S向单暗线,20260210,5656,0.24703%,14,0.24752%
L3MY5C01P,S向单暗线,20260214,5653,0.21958%,12,0.21228%
L3MY5C01Q,S向单暗线,20260210,5610,0.25855%,15,0.26738%
L3MY5C01R,S向单暗线,20260202,5665,0.28690%,16,0.28244%
L3MY5C01S,S向单暗线,20260210,5438,0.24403%,13,0.23906%
L3MY5C01T,S向单暗线,20260210,5647,0.26146%,15,0.26563%
L3MY5C01U,S向单暗线,20260210,5634,0.25966%,15,0.26624%
L3MY5C01V,S向单暗线,20260211,5646,0.22038%,12,0.21254%
L3MY5C01W,S向单暗线,20260210,5652,0.27142%,15,0.26539%
L3MY5C01X,S向单暗线,20260209,5471,0.31630%,17,0.31073%
L3MY5C01Y,S向单暗线,20260212,5661,0.24670%,14,0.24731%
L3MY5C01Z,S向单暗线,20260305,5629,0.25883%,15,0.26648%
L3MY5C020,S向单暗线,20260305,5626,0.32815%,18,0.31994%
L3MY5C021,S向单暗线,20260227,5630,0.24057%,14,0.24867%
L3MY5C022,S向单暗线,20260304,5655,0.28673%,16,0.28294%
L3MY5C023,S向单暗线,20260228,5651,0.22257%,13,0.23005%
L3MY5C024,S向单暗线,20260305,5602,0.29885%,17,0.30346%
L3MY5C025,S向单暗线,20260228,5648,0.23144%,13,0.23017%
L3MY5C026,S向单暗线,20260227,5664,0.21802%,12,0.21186%
L3MY5C027,S向单暗线,20260305,5659,0.24964%,14,0.24739%
L3MY5C028,S向单暗线,20260305,5650,0.32996%,19,0.33628%
L3MY5C029,S向单暗线,20260306,5636,0.38102%,21,0.37260%
L3MY5C02A,S向单暗线,20260305,5664,0.34545%,20,0.35311%
L3MY5C02B,S向单暗线,20260228,5646,0.21410%,12,0.21254%
L3MY5C02C,S向单暗线,20260228,5652,0.21989%,12,0.21231%
L3MY5C02D,S向单暗线,20260305,5656,0.31930%,18,0.31825%
L3MY5C02E,S向单暗线,20260306,5637,0.28389%,16,0.28384%
L3MY5C02F,S向单暗线,20260305,5651,0.26962%,15,0.26544%
L3MY5C02G,S向单暗线,20260304,5644,0.23347%,13,0.23033%
L3MY5C02H,S向单暗线,20260304,5621,0.22825%,13,0.23128%
L3MY5C02J,S向单暗线,20260305,5655,0.30279%,17,0.30062%
L3MY5C02K,S向单暗线,20260305,5646,0.28853%,16,0.28339%
L3MY5C02L,S向单暗线,20260304,5644,0.25080%,14,0.24805%
L3MY5C02M,S向单暗线,20260305,5635,0.27204%,15,0.26619%
L3MY5C02N,S向单暗线,20260228,5648,0.17525%,10,0.17705%
L3MY5C02P,S向单暗线,20260403,5632,0.13505%,8,0.14205%
L3MY5C02Q,S向单暗线,20260305,5655,0.31256%,18,0.31830%
L3MY5C02R,S向单暗线,20260303,5657,0.27418%,16,0.28284%
L3MY5C02S,S向单暗线,20260304,5650,0.27524%,16,0.28319%
L3MY61001,S向单暗线,20260324,5598,0.23424%,13,0.23223%
L3MY61002,S向单暗线,20260324,5630,0.26390%,15,0.26643%
L3MY61003,S向单暗线,20260324,5484,0.28683%,16,0.29176%
L3MY61004,S向单暗线,20260324,5629,0.27260%,15,0.26648%
L3MY61005,S向单暗线,20260324,5653,0.26549%,15,0.26535%
L3MY61006,S向单暗线,20260324,5627,0.33727%,19,0.33766%
L3MY61007,S向单暗线,20260324,5257,0.27104%,14,0.26631%
L3MY61008,S向单暗线,20260325,5632,0.29741%,17,0.30185%
L3MY61009,S向单暗线,20260323,5617,0.31410%,18,0.32046%
L3MY6100A,S向单暗线,20260322,5641,0.32333%,18,0.31909%
L3MY6100B,S向单暗线,20260323,5498,0.28184%,15,0.27283%
L3MY6100C,S向单暗线,20260325,5653,0.21715%,12,0.21228%
L3MY6100D,S向单暗线,20260324,5455,0.27171%,15,0.27498%
L3MY6100E,S向单暗线,20260415,5482,0.28392%,16,0.29186%
L3MY6100F,S向单暗线,20260324,5633,0.29022%,16,0.28404%
L3MY6100G,S向单暗线,20260325,5651,0.26206%,15,0.26544%
L3MY6100H,S向单暗线,20260323,5661,0.37028%,21,0.37096%
L3MY6100J,S向单暗线,20260324,5597,0.28019%,16,0.28587%
L3MY62001,S向单暗线,20260325,5641,0.29894%,17,0.30137%
L3MY62002,S向单暗线,20260415,5350,0.21198%,11,0.20561%
L3MY62004,S向单暗线,20260325,5259,0.29185%,15,0.28523%
L3MY62005,S向单暗线,20260325,5627,0.22975%,13,0.23103%
L3MY62006,S向单暗线,20260326,5542,0.28175%,16,0.28870%
L3MY62007,S向单暗线,20260325,5607,0.29888%,17,0.30319%
L3MY62008,S向单暗线,20260326,5629,0.28089%,16,0.28424%
L3MY62009,S向单暗线,20260414,5396,0.21996%,12,0.22239%
L3MY6200A,S向单暗线,20260414,5414,0.24278%,13,0.24012%
L3MY6200B,S向单暗线,20260415,5427,0.27505%,15,0.27640%
L3MY6200C,S向单暗线,20260326,5624,0.29696%,17,0.30228%
L3MY6200D,S向单暗线,20260325,5543,0.25361%,14,0.25257%
L3MY6200F,S向单暗线,20260329,5459,0.30878%,17,0.31141%
L3MY6200G,S向单暗线,20260414,5437,0.28594%,16,0.29428%
L3MY6200H,S向单暗线,20260414,5409,0.24868%,13,0.24034%
L3MY6200J,S向单暗线,20260325,5646,0.29553%,17,0.30110%
L3MY6200K,S向单暗线,20260414,5403,0.30022%,16,0.29613%
L3MY6200L,S向单暗线,20260329,5424,0.24054%,13,0.23968%
L3MY6200M,S向单暗线,20260414,5396,0.28181%,15,0.27798%
L3MY6200N,S向单暗线,20260414,5420,0.30424%,16,0.29520%
L3MY6200P,S向单暗线,20260329,5651,0.26673%,15,0.26544%
L3MY6200Q,S向单暗线,20260414,5400,0.27160%,15,0.27778%
L3MY6200R,S向单暗线,20260415,5488,0.28826%,16,0.29155%
L3MY63001,S向单暗线,20260422,5544,0.30083%,17,0.30664%
L3MY63002,S向单暗线,20260419,5572,0.28447%,16,0.28715%
L3MY63003,S向单暗线,20260420,5385,0.30952%,17,0.31569%
L3MY63004,S向单暗线,20260418,5580,0.30162%,17,0.30466%
L3MY63005,S向单暗线,20260414,5483,0.29173%,16,0.29181%
L3MY63006,S向单暗线,20260425,4980,0.28495%,14,0.28112%
L3MY63007,S向单暗线,20260425,2809,0.33612%,9,0.32040%
L3MY63008,S向单暗线,20260420,5525,0.26482%,15,0.27149%
L3MY63009,S向单暗线,20260424,5562,0.26981%,15,0.26969%
L3MY6300A,S向单暗线,20260420,5582,0.24533%,14,0.25081%
L3MY6300B,S向单暗线,20260419,5496,0.23362%,13,0.23654%
L3MY6300C,S向单暗线,20260418,5523,0.30399%,17,0.30780%
L3MY6300E,S向单暗线,20260426,5583,0.32991%,18,0.32241%
L3MY6300F,S向单暗线,20260421,5479,0.32704%,18,0.32853%
L3MY6300G,S向单暗线,20260425,5565,0.35587%,20,0.35939%
L3MY6300H,S向单暗线,20260419,5577,0.25362%,14,0.25103%
L3MY6300J,S向单暗线,20260421,5495,0.25975%,14,0.25478%
L3MY6300K,S向单暗线,20260421,5586,0.36353%,20,0.35804%
L3MY6300L,S向单暗线,20260418,5547,0.26592%,15,0.27042%
L3MY6300M,S向单暗线,20260422,5548,0.31445%,17,0.30642%
L3MY6300N,S向单暗线,20260419,5595,0.21037%,12,0.21448%
L3MY6300Q,S向单暗线,20260418,5557,0.29281%,16,0.28793%
L3MY6300R,S向单暗线,20260414,5519,0.26453%,15,0.27179%
L3MY6300S,S向单暗线,20260426,5635,0.24500%,14,0.24845%
L3MY6300T,S向单暗线,20260420,5472,0.25311%,14,0.25585%
L3MY6300U,S向单暗线,20260421,5409,0.30759%,17,0.31429%
L3MY6300V,S向单暗线,20260421,5533,0.31823%,18,0.32532%
L3MY6300W,S向单暗线,20260421,5552,0.28996%,16,0.28818%
L3MY6300X,S向单暗线,20260423,5499,0.20818%,11,0.20004%
L3MY6300Y,S向单暗线,20260418,5587,0.29377%,16,0.28638%
L3MY63010,S向单暗线,20260418,5572,0.30466%,17,0.30510%
L3MY63012,S向单暗线,20260423,5622,0.21383%,12,0.21345%
L3MY63013,S向单暗线,20260426,5384,0.25564%,14,0.26003%
L3MY63014,S向单暗线,20260425,5433,0.30651%,17,0.31290%
L3MY63015,S向单暗线,20260419,5510,0.23795%,13,0.23593%
L3MY63016,S向单暗线,20260419,5623,0.29073%,16,0.28455%
L3MY6301A,S向单暗线,20260421,5497,0.31143%,17,0.30926%
L3MY6301B,S向单暗线,20260425,5615,0.32641%,18,0.32057%
L3MY6301C,S向单暗线,20260418,5600,0.24735%,14,0.25000%
L3MY6301D,S向单暗线,20260421,5532,0.24735%,14,0.25307%
L3MY6301F,S向单暗线,20260425,5581,0.32397%,18,0.32252%
L3MY6301G,S向单暗线,20260426,5596,0.27551%,15,0.26805%
L3MY6301H,S向单暗线,20260422,5546,0.26746%,15,0.27047%
L3MY6301J,S向单暗线,20260425,5613,0.30874%,17,0.30287%
L3MY6301Q,S向单暗线,20260422,5498,0.29166%,16,0.29101%
L3MY6301S,S向单暗线,20260426,5638,0.32933%,19,0.33700%
L3MY6301U,S向单暗线,20260424,5619,0.25586%,14,0.24915%
L3MY6301V,S向单暗线,20260425,5541,0.28634%,16,0.28876%
L3MY6301X,S向单暗线,20260422,5535,0.31292%,17,0.30714%
L3MY63029,S向单暗线,20260425,5616,0.30790%,17,0.30271%
L3MY6100J,S向微亮线,20260324,5597,0.00000%,0,0.00000%
L3MY6300X,S向微亮线,20260423,5499,0.00000%,0,0.00000%
L3MY5C00C,S向群亮线,20260126,5630,0.00000%,0,0.00000%
L3MY5C00Q,S向群亮线,20260128,5651,0.00000%,0,0.00000%
L3MY5C01V,S向群亮线,20260211,5646,0.00000%,0,0.00000%
L3MY5C00H,S向群暗线,20260127,5629,0.00000%,0,0.00000%
L3MY5C015,S向群暗线,20260211,5352,0.00000%,0,0.00000%
L3MY61004,S向群暗线,20260324,5629,0.00000%,0,0.00000%
L3MY6100A,S向群暗线,20260322,5641,0.00000%,0,0.00000%
L3MY6300R,G向分屏Mura,20260414,5519,0.00000%,0,0.00000%
L3MY5C01C,G向带状Mura,20260209,5624,0.00000%,0,0.00000%
L3MY5C01H,G向带状Mura,20260305,5650,0.00000%,0,0.00000%
L3MY5C01L,G向带状Mura,20260212,5651,0.00000%,0,0.00000%
L3MY5C020,G向带状Mura,20260305,5626,0.00000%,0,0.00000%
L3MY5C022,G向带状Mura,20260304,5655,0.00000%,0,0.00000%
L3MY5C028,G向带状Mura,20260305,5650,0.00000%,0,0.00000%
L3MY5C02H,G向带状Mura,20260304,5621,0.00000%,0,0.00000%
L3MY5C02Q,G向带状Mura,20260305,5655,0.00000%,0,0.00000%
L3MY61008,G向带状Mura,20260325,5632,0.00000%,0,0.00000%
L3MY6100A,G向带状Mura,20260322,5641,0.00000%,0,0.00000%
L3MY6200M,G向带状Mura,20260414,5396,0.00000%,0,0.00000%
L3MY63004,G向带状Mura,20260418,5580,0.00000%,0,0.00000%
L3MY5C01F,G向线状Mura,20260210,5634,0.00000%,0,0.00000%
L3MY5C01H,G向线状Mura,20260305,5650,0.00000%,0,0.00000%
L3MY5C024,G向线状Mura,20260305,5602,0.00000%,0,0.00000%
L3MY5C02R,G向线状Mura,20260303,5657,0.00000%,0,0.00000%
L3MY6100C,G向线状Mura,20260325,5653,0.00000%,0,0.00000%
L3MY5C00U,RGB斑,20260129,5633,0.00000%,0,0.00000%
L3MY5C00J,RGB黑斑,20260130,5654,0.00484%,0,0.00000%
L3MY5C016,RGB黑斑,20260131,5667,0.00000%,0,0.00000%
L3MY5C01E,RGB黑斑,20260210,5631,0.00000%,0,0.00000%
L3MY5C01S,RGB黑斑,20260210,5438,0.00000%,0,0.00000%
L3MY5C01T,RGB黑斑,20260210,5647,0.00000%,0,0.00000%
L3MY5C021,RGB黑斑,20260227,5630,0.00492%,0,0.00000%
L3MY5C024,RGB黑斑,20260305,5602,0.00498%,0,0.00000%
L3MY5C027,RGB黑斑,20260305,5659,0.00375%,0,0.00000%
L3MY5C02C,RGB黑斑,20260228,5652,0.00366%,0,0.00000%
L3MY5C02H,RGB黑斑,20260304,5621,0.00499%,0,0.00000%
L3MY5C02Q,RGB黑斑,20260305,5655,0.00497%,0,0.00000%
L3MY5C02R,RGB黑斑,20260303,5657,0.00000%,0,0.00000%
L3MY61001,RGB黑斑,20260324,5598,0.00431%,0,0.00000%
L3MY61002,RGB黑斑,20260324,5630,0.00356%,0,0.00000%
L3MY61004,RGB黑斑,20260324,5629,0.00455%,0,0.00000%
L3MY6100B,RGB黑斑,20260323,5498,0.00451%,0,0.00000%
L3MY6100H,RGB黑斑,20260323,5661,0.00459%,0,0.00000%
L3MY62004,RGB黑斑,20260325,5259,0.00465%,0,0.00000%
L3MY62005,RGB黑斑,20260325,5627,0.00452%,0,0.00000%
L3MY62008,RGB黑斑,20260326,5629,0.00795%,0,0.00000%
L3MY6200F,RGB黑斑,20260329,5459,0.00000%,0,0.00000%
L3MY6200Q,RGB黑斑,20260414,5400,0.00448%,0,0.00000%
L3MY63009,RGB黑斑,20260424,5562,0.00000%,0,0.00000%
L3MY6300T,RGB黑斑,20260420,5472,0.00293%,0,0.00000%
L3MY6300X,RGB黑斑,20260423,5499,0.00499%,0,0.00000%
L3MY5C002,S向带状Mura,20260126,5584,0.03947%,2,0.03582%
L3MY5C004,S向带状Mura,20260129,5653,0.05192%,3,0.05307%
L3MY5C006,S向带状Mura,20260127,5657,0.04853%,3,0.05303%
L3MY5C007,S向带状Mura,20260127,5633,0.04037%,2,0.03551%
L3MY5C008,S向带状Mura,20260129,5660,0.05433%,3,0.05300%
L3MY5C009,S向带状Mura,20260126,5635,0.05192%,3,0.05324%
L3MY5C00A,S向带状Mura,20260126,5255,0.05330%,3,0.05709%
L3MY5C00B,S向带状Mura,20260126,5651,0.05250%,3,0.05309%
L3MY5C00C,S向带状Mura,20260126,5630,0.03943%,2,0.03552%
L3MY5C00E,S向带状Mura,20260126,5617,0.03997%,2,0.03561%
L3MY5C00F,S向带状Mura,20260128,5627,0.06646%,4,0.07109%
L3MY5C00G,S向带状Mura,20260128,5650,0.05115%,3,0.05310%
L3MY5C00H,S向带状Mura,20260127,5629,0.04996%,3,0.05330%
L3MY5C00J,S向带状Mura,20260130,5654,0.06489%,4,0.07075%
L3MY5C00K,S向带状Mura,20260127,5643,0.04217%,2,0.03544%
L3MY5C00M,S向带状Mura,20260127,5598,0.04141%,2,0.03573%
L3MY5C00N,S向带状Mura,20260128,5657,0.05901%,3,0.05303%
L3MY5C00P,S向带状Mura,20260128,5664,0.06815%,4,0.07062%
L3MY5C00Q,S向带状Mura,20260128,5651,0.06866%,4,0.07078%
L3MY5C00S,S向带状Mura,20260130,5624,0.04664%,3,0.05334%
L3MY5C00T,S向带状Mura,20260128,5622,0.05078%,3,0.05336%
L3MY5C00U,S向带状Mura,20260129,5633,0.04486%,3,0.05326%
L3MY5C00W,S向带状Mura,20260131,5650,0.06022%,3,0.05310%
L3MY5C00X,S向带状Mura,20260129,5651,0.05665%,3,0.05309%
L3MY5C00Y,S向带状Mura,20260201,5655,0.00771%,0,0.00000%
L3MY5C00Z,S向带状Mura,20260130,5629,0.06827%,4,0.07106%
L3MY5C010,S向带状Mura,20260211,5628,0.02804%,2,0.03554%
L3MY5C011,S向带状Mura,20260211,5544,0.02696%,1,0.01804%
L3MY5C014,S向带状Mura,20260204,5637,0.02802%,2,0.03548%
L3MY5C016,S向带状Mura,20260131,5667,0.04157%,2,0.03529%
L3MY5C017,S向带状Mura,20260205,5663,0.02341%,1,0.01766%
L3MY5C018,S向带状Mura,20260205,5616,0.02737%,2,0.03561%
L3MY5C019,S向带状Mura,20260204,5665,0.02956%,2,0.03530%
L3MY5C01A,S向带状Mura,20260211,5648,0.02505%,1,0.01771%
L3MY5C01C,S向带状Mura,20260209,5624,0.02715%,2,0.03556%
L3MY5C01E,S向带状Mura,20260210,5631,0.02612%,1,0.01776%
L3MY5C01F,S向带状Mura,20260210,5634,0.02965%,2,0.03550%
L3MY5C01G,S向带状Mura,20260210,5637,0.02994%,2,0.03548%
L3MY5C01H,S向带状Mura,20260305,5650,0.05225%,3,0.05310%
L3MY5C01J,S向带状Mura,20260207,5663,0.02454%,1,0.01766%
L3MY5C01K,S向带状Mura,20260209,5610,0.02626%,1,0.01783%
L3MY5C01N,S向带状Mura,20260210,5656,0.02344%,1,0.01768%
L3MY5C01R,S向带状Mura,20260202,5665,0.02109%,1,0.01765%
L3MY5C01S,S向带状Mura,20260210,5438,0.02130%,1,0.01839%
L3MY5C01U,S向带状Mura,20260210,5634,0.02927%,2,0.03550%
L3MY5C01V,S向带状Mura,20260211,5646,0.02827%,2,0.03542%
L3MY5C01W,S向带状Mura,20260210,5652,0.02839%,2,0.03539%
L3MY5C01X,S向带状Mura,20260209,5471,0.03024%,2,0.03656%
L3MY5C01Y,S向带状Mura,20260212,5661,0.03476%,2,0.03533%
L3MY5C01Z,S向带状Mura,20260305,5629,0.05298%,3,0.05330%
L3MY5C020,S向带状Mura,20260305,5626,0.05022%,3,0.05332%
L3MY5C022,S向带状Mura,20260304,5655,0.07551%,4,0.07073%
L3MY5C024,S向带状Mura,20260305,5602,0.04855%,3,0.05355%
L3MY5C025,S向带状Mura,20260228,5648,0.02209%,1,0.01771%
L3MY5C027,S向带状Mura,20260305,5659,0.05012%,3,0.05301%
L3MY5C028,S向带状Mura,20260305,5650,0.05542%,3,0.05310%
L3MY5C02A,S向带状Mura,20260305,5664,0.04873%,3,0.05297%
L3MY5C02B,S向带状Mura,20260228,5646,0.02176%,1,0.01771%
L3MY5C02C,S向带状Mura,20260228,5652,0.03025%,2,0.03539%
L3MY5C02D,S向带状Mura,20260305,5656,0.05608%,3,0.05304%
L3MY5C02E,S向带状Mura,20260306,5637,0.05146%,3,0.05322%
L3MY5C02G,S向带状Mura,20260304,5644,0.08985%,5,0.08859%
L3MY5C02H,S向带状Mura,20260304,5621,0.08709%,5,0.08895%
L3MY5C02K,S向带状Mura,20260305,5646,0.04589%,3,0.05313%
L3MY5C02L,S向带状Mura,20260304,5644,0.06250%,4,0.07087%
L3MY5C02M,S向带状Mura,20260305,5635,0.04628%,3,0.05324%
L3MY5C02Q,S向带状Mura,20260305,5655,0.05964%,3,0.05305%
L3MY5C02R,S向带状Mura,20260303,5657,0.02961%,2,0.03535%
L3MY61006,S向带状Mura,20260324,5627,0.06084%,3,0.05331%
L3MY61008,S向带状Mura,20260325,5632,0.05334%,3,0.05327%
L3MY6100C,S向带状Mura,20260325,5653,0.05057%,3,0.05307%
L3MY6100D,S向带状Mura,20260324,5455,0.05617%,3,0.05500%
L3MY6100J,S向带状Mura,20260324,5597,0.05283%,3,0.05360%
L3MY62005,S向带状Mura,20260325,5627,0.06099%,3,0.05331%
L3MY62008,S向带状Mura,20260326,5629,0.05688%,3,0.05330%
L3MY62009,S向带状Mura,20260414,5396,0.02199%,1,0.01853%
L3MY6200D,S向带状Mura,20260325,5543,0.06051%,3,0.05412%
L3MY6200G,S向带状Mura,20260414,5437,0.02135%,1,0.01839%
L3MY6200J,S向带状Mura,20260325,5646,0.06001%,3,0.05313%
L3MY6200K,S向带状Mura,20260414,5403,0.02577%,1,0.01851%
L3MY6200L,S向带状Mura,20260329,5424,0.07023%,4,0.07375%
L3MY6200M,S向带状Mura,20260414,5396,0.02076%,1,0.01853%
L3MY6200N,S向带状Mura,20260414,5420,0.02562%,1,0.01845%
L3MY6200P,S向带状Mura,20260329,5651,0.07090%,4,0.07078%
L3MY63001,S向带状Mura,20260422,5544,0.03055%,2,0.03608%
L3MY63003,S向带状Mura,20260420,5385,0.02963%,2,0.03714%
L3MY63004,S向带状Mura,20260418,5580,0.02461%,1,0.01792%
L3MY6300B,S向带状Mura,20260419,5496,0.03115%,2,0.03639%
L3MY6300E,S向带状Mura,20260426,5583,0.02857%,2,0.03582%
L3MY6300F,S向带状Mura,20260421,5479,0.02553%,1,0.01825%
L3MY6300J,S向带状Mura,20260421,5495,0.03417%,2,0.03640%
L3MY6300K,S向带状Mura,20260421,5586,0.03031%,2,0.03580%
L3MY6300M,S向带状Mura,20260422,5548,0.03583%,2,0.03605%
L3MY6300Q,S向带状Mura,20260418,5557,0.03297%,2,0.03599%
L3MY6300T,S向带状Mura,20260420,5472,0.03131%,2,0.03655%
L3MY6300V,S向带状Mura,20260421,5533,0.02560%,1,0.01807%
L3MY6301B,S向带状Mura,20260425,5615,0.03068%,2,0.03562%
L3MY6301H,S向带状Mura,20260422,5546,0.03330%,2,0.03606%
L3MY6301Q,S向带状Mura,20260422,5498,0.03473%,2,0.03638%
L3MY63029,S向带状Mura,20260425,5616,0.02148%,1,0.01781%
L3MY5C007,S向彩色带状Mura,20260127,5633,0.00000%,0,0.00000%
L3MY5C00B,S向彩色带状Mura,20260126,5651,0.00000%,0,0.00000%
L3MY5C00C,S向彩色带状Mura,20260126,5630,0.00000%,0,0.00000%
L3MY5C00D,S向彩色带状Mura,20260126,5646,0.00000%,0,0.00000%
L3MY5C00E,S向彩色带状Mura,20260126,5617,0.00000%,0,0.00000%
L3MY5C00M,S向彩色带状Mura,20260127,5598,0.00000%,0,0.00000%
L3MY6200P,S向彩色带状Mura,20260329,5651,0.00000%,0,0.00000%
L3MY5C003,S向线状Mura,20260125,5656,0.00000%,0,0.00000%
L3MY62004,S向线状Mura,20260325,5259,0.00000%,0,0.00000%
L3MY5C004,右斜黑色带状Mura,20260129,5653,0.00000%,0,0.00000%
L3MY5C01V,右斜黑色带状Mura,20260211,5646,0.00000%,0,0.00000%
L3MY5C022,右斜黑色带状Mura,20260304,5655,0.00000%,0,0.00000%
L3MY5C02P,右斜黑色带状Mura,20260403,5632,0.00000%,0,0.00000%
L3MY5C02S,右斜黑色带状Mura,20260304,5650,0.00000%,0,0.00000%
L3MY62001,右斜黑色带状Mura,20260325,5641,0.00000%,0,0.00000%
L3MY6200G,右斜黑色带状Mura,20260414,5437,0.00000%,0,0.00000%
L3MY5C00S,大圆环Mura,20260130,5624,0.00000%,0,0.00000%
L3MY5C014,大圆环Mura,20260204,5637,0.00000%,0,0.00000%
L3MY5C017,大圆环Mura,20260205,5663,0.00000%,0,0.00000%
L3MY5C020,大圆环Mura,20260305,5626,0.00490%,0,0.00000%
L3MY5C023,大圆环Mura,20260228,5651,0.00514%,0,0.00000%
L3MY5C027,大圆环Mura,20260305,5659,0.00470%,0,0.00000%
L3MY5C02L,大圆环Mura,20260304,5644,0.00000%,0,0.00000%
L3MY5C02P,大圆环Mura,20260403,5632,0.00000%,0,0.00000%
L3MY61007,大圆环Mura,20260324,5257,0.00461%,0,0.00000%
L3MY6100E,大圆环Mura,20260415,5482,0.00000%,0,0.00000%
L3MY6100F,大圆环Mura,20260324,5633,0.00511%,0,0.00000%
L3MY62001,大圆环Mura,20260325,5641,0.00000%,0,0.00000%
L3MY62004,大圆环Mura,20260325,5259,0.00000%,0,0.00000%
L3MY62005,大圆环Mura,20260325,5627,0.00000%,0,0.00000%
L3MY6200C,大圆环Mura,20260326,5624,0.00000%,0,0.00000%
L3MY6200H,大圆环Mura,20260414,5409,0.00412%,0,0.00000%
L3MY6200L,大圆环Mura,20260329,5424,0.00000%,0,0.00000%
L3MY63005,大圆环Mura,20260414,5483,0.00407%,0,0.00000%
L3MY6300L,大圆环Mura,20260418,5547,0.00322%,0,0.00000%
L3MY6300S,大圆环Mura,20260426,5635,0.00000%,0,0.00000%
L3MY63015,大圆环Mura,20260419,5510,0.00000%,0,0.00000%
L3MY63010,孔区环状Mura,20260418,5572,0.00000%,0,0.00000%
L3MY5C001,孔区跑道Mura,20260126,5616,0.07588%,4,0.07123%
L3MY5C002,孔区跑道Mura,20260126,5584,0.07731%,4,0.07163%
L3MY5C003,孔区跑道Mura,20260125,5656,0.08169%,5,0.08840%
L3MY5C004,孔区跑道Mura,20260129,5653,0.09145%,5,0.08845%
L3MY5C005,孔区跑道Mura,20260211,5220,0.07092%,4,0.07663%
L3MY5C006,孔区跑道Mura,20260127,5657,0.09757%,6,0.10606%
L3MY5C007,孔区跑道Mura,20260127,5633,0.10736%,6,0.10652%
L3MY5C008,孔区跑道Mura,20260129,5660,0.07654%,4,0.07067%
L3MY5C009,孔区跑道Mura,20260126,5635,0.09534%,5,0.08873%
L3MY5C00A,孔区跑道Mura,20260126,5255,0.08366%,4,0.07612%
L3MY5C00B,孔区跑道Mura,20260126,5651,0.08809%,5,0.08848%
L3MY5C00C,孔区跑道Mura,20260126,5630,0.07194%,4,0.07105%
L3MY5C00D,孔区跑道Mura,20260126,5646,0.09069%,5,0.08856%
L3MY5C00E,孔区跑道Mura,20260126,5617,0.07390%,4,0.07121%
L3MY5C00F,孔区跑道Mura,20260128,5627,0.07893%,4,0.07109%
L3MY5C00G,孔区跑道Mura,20260128,5650,0.07882%,4,0.07080%
L3MY5C00H,孔区跑道Mura,20260127,5629,0.09549%,5,0.08883%
L3MY5C00J,孔区跑道Mura,20260130,5654,0.10040%,6,0.10612%
L3MY5C00K,孔区跑道Mura,20260127,5643,0.08022%,5,0.08861%
L3MY5C00L,孔区跑道Mura,20260129,5644,0.06869%,4,0.07087%
L3MY5C00M,孔区跑道Mura,20260127,5598,0.09685%,5,0.08932%
L3MY5C00N,孔区跑道Mura,20260128,5657,0.08764%,5,0.08839%
L3MY5C00P,孔区跑道Mura,20260128,5664,0.07773%,4,0.07062%
L3MY5C00Q,孔区跑道Mura,20260128,5651,0.09527%,5,0.08848%
L3MY5C00R,孔区跑道Mura,20260130,5448,0.07662%,4,0.07342%
L3MY5C00S,孔区跑道Mura,20260130,5624,0.08137%,5,0.08890%
L3MY5C00T,孔区跑道Mura,20260128,5622,0.08606%,5,0.08894%
L3MY5C00U,孔区跑道Mura,20260129,5633,0.09000%,5,0.08876%
L3MY5C00V,孔区跑道Mura,20260129,5622,0.07465%,4,0.07115%
L3MY5C00W,孔区跑道Mura,20260131,5650,0.07904%,4,0.07080%
L3MY5C00X,孔区跑道Mura,20260129,5651,0.07694%,4,0.07078%
L3MY5C00Z,孔区跑道Mura,20260130,5629,0.08811%,5,0.08883%
L3MY5C010,孔区跑道Mura,20260211,5628,0.08136%,5,0.08884%
L3MY5C011,孔区跑道Mura,20260211,5544,0.08534%,5,0.09019%
L3MY5C012,孔区跑道Mura,20260211,5658,0.06732%,4,0.07070%
L3MY5C013,孔区跑道Mura,20260130,5659,0.09555%,5,0.08835%
L3MY5C015,孔区跑道Mura,20260211,5352,0.08311%,4,0.07474%
L3MY5C017,孔区跑道Mura,20260205,5663,0.07269%,4,0.07063%
L3MY5C018,孔区跑道Mura,20260205,5616,0.07705%,4,0.07123%
L3MY5C019,孔区跑道Mura,20260204,5665,0.09240%,5,0.08826%
L3MY5C01A,孔区跑道Mura,20260211,5648,0.08783%,5,0.08853%
L3MY5C01B,孔区跑道Mura,20260207,5634,0.06622%,4,0.07100%
L3MY5C01C,孔区跑道Mura,20260209,5624,0.06840%,4,0.07112%
L3MY5C01D,孔区跑道Mura,20260212,5643,0.07233%,4,0.07088%
L3MY5C01E,孔区跑道Mura,20260210,5631,0.06925%,4,0.07104%
L3MY5C01F,孔区跑道Mura,20260210,5634,0.09002%,5,0.08875%
L3MY5C01G,孔区跑道Mura,20260210,5637,0.07142%,4,0.07096%
L3MY5C01H,孔区跑道Mura,20260305,5650,0.09498%,5,0.08850%
L3MY5C01J,孔区跑道Mura,20260207,5663,0.09364%,5,0.08829%
L3MY5C01K,孔区跑道Mura,20260209,5610,0.06611%,4,0.07130%
L3MY5C01L,孔区跑道Mura,20260212,5651,0.08404%,5,0.08848%
L3MY5C01M,孔区跑道Mura,20260201,5672,0.03711%,2,0.03526%
L3MY5C01N,孔区跑道Mura,20260210,5656,0.08064%,5,0.08840%
L3MY5C01P,孔区跑道Mura,20260214,5653,0.11495%,6,0.10614%
L3MY5C01Q,孔区跑道Mura,20260210,5610,0.06350%,4,0.07130%
L3MY5C01S,孔区跑道Mura,20260210,5438,0.06227%,3,0.05517%
L3MY5C01T,孔区跑道Mura,20260210,5647,0.07578%,4,0.07083%
L3MY5C01U,孔区跑道Mura,20260210,5634,0.08831%,5,0.08875%
L3MY5C01V,孔区跑道Mura,20260211,5646,0.07283%,4,0.07085%
L3MY5C01W,孔区跑道Mura,20260210,5652,0.07023%,4,0.07077%
L3MY5C01X,孔区跑道Mura,20260209,5471,0.08912%,5,0.09139%
L3MY5C01Y,孔区跑道Mura,20260212,5661,0.08195%,5,0.08832%
L3MY5C01Z,孔区跑道Mura,20260305,5629,0.09987%,6,0.10659%
L3MY5C020,孔区跑道Mura,20260305,5626,0.09380%,5,0.08887%
L3MY5C021,孔区跑道Mura,20260227,5630,0.06769%,4,0.07105%
L3MY5C022,孔区跑道Mura,20260304,5655,0.07396%,4,0.07073%
L3MY5C023,孔区跑道Mura,20260228,5651,0.07863%,4,0.07078%
L3MY5C024,孔区跑道Mura,20260305,5602,0.09149%,5,0.08925%
L3MY5C025,孔区跑道Mura,20260228,5648,0.09419%,5,0.08853%
L3MY5C026,孔区跑道Mura,20260227,5664,0.09714%,6,0.10593%
L3MY5C027,孔区跑道Mura,20260305,5659,0.07824%,4,0.07068%
L3MY5C028,孔区跑道Mura,20260305,5650,0.07251%,4,0.07080%
L3MY5C029,孔区跑道Mura,20260306,5636,0.10681%,6,0.10646%
L3MY5C02A,孔区跑道Mura,20260305,5664,0.09566%,5,0.08828%
L3MY5C02B,孔区跑道Mura,20260228,5646,0.08775%,5,0.08856%
L3MY5C02C,孔区跑道Mura,20260228,5652,0.08929%,5,0.08846%
L3MY5C02D,孔区跑道Mura,20260305,5656,0.07127%,4,0.07072%
L3MY5C02E,孔区跑道Mura,20260306,5637,0.09125%,5,0.08870%
L3MY5C02F,孔区跑道Mura,20260305,5651,0.09014%,5,0.08848%
L3MY5C02G,孔区跑道Mura,20260304,5644,0.07943%,4,0.07087%
L3MY5C02H,孔区跑道Mura,20260304,5621,0.09172%,5,0.08895%
L3MY5C02J,孔区跑道Mura,20260305,5655,0.09028%,5,0.08842%
L3MY5C02K,孔区跑道Mura,20260305,5646,0.07847%,4,0.07085%
L3MY5C02L,孔区跑道Mura,20260304,5644,0.07214%,4,0.07087%
L3MY5C02M,孔区跑道Mura,20260305,5635,0.07461%,4,0.07098%
L3MY5C02N,孔区跑道Mura,20260228,5648,0.06986%,4,0.07082%
L3MY5C02Q,孔区跑道Mura,20260305,5655,0.08480%,5,0.08842%
L3MY5C02R,孔区跑道Mura,20260303,5657,0.07576%,4,0.07071%
L3MY5C02S,孔区跑道Mura,20260304,5650,0.07995%,5,0.08850%
L3MY61001,孔区跑道Mura,20260324,5598,0.12703%,7,0.12504%
L3MY61002,孔区跑道Mura,20260324,5630,0.15281%,9,0.15986%
L3MY61003,孔区跑道Mura,20260324,5484,0.12561%,7,0.12764%
L3MY61004,孔区跑道Mura,20260324,5629,0.11980%,7,0.12436%
L3MY61005,孔区跑道Mura,20260324,5653,0.10970%,6,0.10614%
L3MY61007,孔区跑道Mura,20260324,5257,0.13802%,7,0.13316%
L3MY6100A,孔区跑道Mura,20260322,5641,0.13890%,8,0.14182%
L3MY6100D,孔区跑道Mura,20260324,5455,0.14448%,8,0.14665%
L3MY6100E,孔区跑道Mura,20260415,5482,0.07672%,4,0.07297%
L3MY6100G,孔区跑道Mura,20260325,5651,0.14025%,8,0.14157%
L3MY6100H,孔区跑道Mura,20260323,5661,0.12989%,7,0.12365%
L3MY6100J,孔区跑道Mura,20260324,5597,0.10584%,6,0.10720%
L3MY62001,孔区跑道Mura,20260325,5641,0.14175%,8,0.14182%
L3MY62002,孔区跑道Mura,20260415,5350,0.09339%,5,0.09346%
L3MY6200A,孔区跑道Mura,20260414,5414,0.08079%,4,0.07388%
L3MY6200B,孔区跑道Mura,20260415,5427,0.07897%,4,0.07371%
L3MY6200G,孔区跑道Mura,20260414,5437,0.08995%,5,0.09196%
L3MY6200H,孔区跑道Mura,20260414,5409,0.09000%,5,0.09244%
L3MY6200K,孔区跑道Mura,20260414,5403,0.10563%,6,0.11105%
L3MY6200N,孔区跑道Mura,20260414,5420,0.09630%,5,0.09225%
L3MY6200R,孔区跑道Mura,20260415,5488,0.09898%,5,0.09111%
L3MY63005,孔区跑道Mura,20260414,5483,0.08852%,5,0.09119%
L3MY63006,孔区跑道Mura,20260425,4980,0.08592%,4,0.08032%
L3MY6300B,孔区跑道Mura,20260419,5496,0.09068%,5,0.09098%
L3MY6300C,孔区跑道Mura,20260418,5523,0.08820%,5,0.09053%
L3MY6300F,孔区跑道Mura,20260421,5479,0.06940%,4,0.07301%
L3MY6300K,孔区跑道Mura,20260421,5586,0.09900%,6,0.10741%
L3MY6300M,孔区跑道Mura,20260422,5548,0.08942%,5,0.09012%
L3MY6300R,孔区跑道Mura,20260414,5519,0.07710%,4,0.07248%
L3MY6300T,孔区跑道Mura,20260420,5472,0.08751%,5,0.09137%
L3MY6300U,孔区跑道Mura,20260421,5409,0.07953%,4,0.07395%
L3MY6300V,孔区跑道Mura,20260421,5533,0.08891%,5,0.09037%
L3MY6300W,孔区跑道Mura,20260421,5552,0.09350%,5,0.09006%
L3MY63010,孔区跑道Mura,20260418,5572,0.07458%,4,0.07179%
L3MY63014,孔区跑道Mura,20260425,5433,0.07334%,4,0.07362%
L3MY63015,孔区跑道Mura,20260419,5510,0.08891%,5,0.09074%
L3MY6301A,孔区跑道Mura,20260421,5497,0.07911%,4,0.07277%
L3MY6301D,孔区跑道Mura,20260421,5532,0.08016%,4,0.07231%
L3MY6301H,孔区跑道Mura,20260422,5546,0.09880%,5,0.09016%
L3MY6301Q,孔区跑道Mura,20260422,5498,0.09804%,5,0.09094%
L3MY6301X,孔区跑道Mura,20260422,5535,0.08487%,5,0.09033%
L3MY5C01B,左斜黑色带状Mura,20260207,5634,0.00000%,0,0.00000%
L3MY5C02J,左斜黑色带状Mura,20260305,5655,0.00000%,0,0.00000%
L3MY62004,左斜黑色带状Mura,20260325,5259,0.00000%,0,0.00000%
L3MY6200H,左斜黑色带状Mura,20260414,5409,0.00000%,0,0.00000%
L3MY6200P,左斜黑色带状Mura,20260329,5651,0.00000%,0,0.00000%
L3MY63005,左斜黑色带状Mura,20260414,5483,0.00000%,0,0.00000%
L3MY5C001,常亮白斑,20260126,5616,0.08061%,5,0.08903%
L3MY5C002,常亮白斑,20260126,5584,0.07199%,4,0.07163%
L3MY5C003,常亮白斑,20260125,5656,0.07275%,4,0.07072%
L3MY5C004,常亮白斑,20260129,5653,0.06294%,4,0.07076%
L3MY5C005,常亮白斑,20260211,5220,0.06490%,3,0.05747%
L3MY5C006,常亮白斑,20260127,5657,0.07037%,4,0.07071%
L3MY5C007,常亮白斑,20260127,5633,0.06180%,3,0.05326%
L3MY5C008,常亮白斑,20260129,5660,0.06930%,4,0.07067%
L3MY5C009,常亮白斑,20260126,5635,0.07587%,4,0.07098%
L3MY5C00A,常亮白斑,20260126,5255,0.08059%,4,0.07612%
L3MY5C00C,常亮白斑,20260126,5630,0.06775%,4,0.07105%
L3MY5C00D,常亮白斑,20260126,5646,0.05474%,3,0.05313%
L3MY5C00E,常亮白斑,20260126,5617,0.06204%,3,0.05341%
L3MY5C00F,常亮白斑,20260128,5627,0.05145%,3,0.05331%
L3MY5C00G,常亮白斑,20260128,5650,0.06804%,4,0.07080%
L3MY5C00H,常亮白斑,20260127,5629,0.05648%,3,0.05330%
L3MY5C00J,常亮白斑,20260130,5654,0.07718%,4,0.07075%
L3MY5C00K,常亮白斑,20260127,5643,0.05490%,3,0.05316%
L3MY5C00L,常亮白斑,20260129,5644,0.07799%,4,0.07087%
L3MY5C00M,常亮白斑,20260127,5598,0.06137%,3,0.05359%
L3MY5C00N,常亮白斑,20260128,5657,0.06073%,3,0.05303%
L3MY5C00P,常亮白斑,20260128,5664,0.06013%,3,0.05297%
L3MY5C00Q,常亮白斑,20260128,5651,0.05032%,3,0.05309%
L3MY5C00R,常亮白斑,20260130,5448,0.08159%,4,0.07342%
L3MY5C00S,常亮白斑,20260130,5624,0.10927%,6,0.10669%
L3MY5C00T,常亮白斑,20260128,5622,0.06173%,3,0.05336%
L3MY5C00U,常亮白斑,20260129,5633,0.08012%,5,0.08876%
L3MY5C00V,常亮白斑,20260129,5622,0.06369%,4,0.07115%
L3MY5C00W,常亮白斑,20260131,5650,0.09013%,5,0.08850%
L3MY5C00X,常亮白斑,20260129,5651,0.05786%,3,0.05309%
L3MY5C00Y,常亮白斑,20260201,5655,0.02960%,2,0.03537%
L3MY5C00Z,常亮白斑,20260130,5629,0.11100%,6,0.10659%
L3MY5C010,常亮白斑,20260211,5628,0.06537%,4,0.07107%
L3MY5C011,常亮白斑,20260211,5544,0.08551%,5,0.09019%
L3MY5C012,常亮白斑,20260211,5658,0.06933%,4,0.07070%
L3MY5C013,常亮白斑,20260130,5659,0.08234%,5,0.08835%
L3MY5C014,常亮白斑,20260204,5637,0.06935%,4,0.07096%
L3MY5C015,常亮白斑,20260211,5352,0.06137%,3,0.05605%
L3MY5C016,常亮白斑,20260131,5667,0.10916%,6,0.10588%
L3MY5C017,常亮白斑,20260205,5663,0.08126%,5,0.08829%
L3MY5C018,常亮白斑,20260205,5616,0.07494%,4,0.07123%
L3MY5C019,常亮白斑,20260204,5665,0.08450%,5,0.08826%
L3MY5C01A,常亮白斑,20260211,5648,0.06975%,4,0.07082%
L3MY5C01B,常亮白斑,20260207,5634,0.07945%,4,0.07100%
L3MY5C01C,常亮白斑,20260209,5624,0.06734%,4,0.07112%
L3MY5C01D,常亮白斑,20260212,5643,0.06086%,3,0.05316%
L3MY5C01E,常亮白斑,20260210,5631,0.06023%,3,0.05328%
L3MY5C01F,常亮白斑,20260210,5634,0.06601%,4,0.07100%
L3MY5C01G,常亮白斑,20260210,5637,0.08207%,5,0.08870%
L3MY5C01H,常亮白斑,20260305,5650,0.05219%,3,0.05310%
L3MY5C01J,常亮白斑,20260207,5663,0.07596%,4,0.07063%
L3MY5C01K,常亮白斑,20260209,5610,0.08397%,5,0.08913%
L3MY5C01L,常亮白斑,20260212,5651,0.06261%,4,0.07078%
L3MY5C01M,常亮白斑,20260201,5672,0.02889%,2,0.03526%
L3MY5C01N,常亮白斑,20260210,5656,0.07994%,5,0.08840%
L3MY5C01P,常亮白斑,20260214,5653,0.10729%,6,0.10614%
L3MY5C01Q,常亮白斑,20260210,5610,0.07148%,4,0.07130%
L3MY5C01R,常亮白斑,20260202,5665,0.07256%,4,0.07061%
L3MY5C01S,常亮白斑,20260210,5438,0.06905%,4,0.07356%
L3MY5C01T,常亮白斑,20260210,5647,0.08546%,5,0.08854%
L3MY5C01U,常亮白斑,20260210,5634,0.07163%,4,0.07100%
L3MY5C01V,常亮白斑,20260211,5646,0.08061%,5,0.08856%
L3MY5C01W,常亮白斑,20260210,5652,0.06857%,4,0.07077%
L3MY5C01X,常亮白斑,20260209,5471,0.07568%,4,0.07311%
L3MY5C01Y,常亮白斑,20260212,5661,0.05885%,3,0.05299%
L3MY5C01Z,常亮白斑,20260305,5629,0.04509%,3,0.05330%
L3MY5C020,常亮白斑,20260305,5626,0.05007%,3,0.05332%
L3MY5C021,常亮白斑,20260227,5630,0.05824%,3,0.05329%
L3MY5C022,常亮白斑,20260304,5655,0.05748%,3,0.05305%
L3MY5C024,常亮白斑,20260305,5602,0.05360%,3,0.05355%
L3MY5C025,常亮白斑,20260228,5648,0.06823%,4,0.07082%
L3MY5C027,常亮白斑,20260305,5659,0.03903%,2,0.03534%
L3MY5C028,常亮白斑,20260305,5650,0.04413%,2,0.03540%
L3MY5C029,常亮白斑,20260306,5636,0.07743%,4,0.07097%
L3MY5C02A,常亮白斑,20260305,5664,0.05252%,3,0.05297%
L3MY5C02B,常亮白斑,20260228,5646,0.05246%,3,0.05313%
L3MY5C02C,常亮白斑,20260228,5652,0.07404%,4,0.07077%
L3MY5C02D,常亮白斑,20260305,5656,0.04491%,3,0.05304%
L3MY5C02E,常亮白斑,20260306,5637,0.05885%,3,0.05322%
L3MY5C02F,常亮白斑,20260305,5651,0.03972%,2,0.03539%
L3MY5C02G,常亮白斑,20260304,5644,0.04796%,3,0.05315%
L3MY5C02H,常亮白斑,20260304,5621,0.05136%,3,0.05337%
L3MY5C02J,常亮白斑,20260305,5655,0.05332%,3,0.05305%
L3MY5C02K,常亮白斑,20260305,5646,0.04582%,3,0.05313%
L3MY5C02L,常亮白斑,20260304,5644,0.04718%,3,0.05315%
L3MY5C02M,常亮白斑,20260305,5635,0.05614%,3,0.05324%
L3MY5C02N,常亮白斑,20260228,5648,0.06665%,4,0.07082%
L3MY5C02P,常亮白斑,20260403,5632,0.05981%,3,0.05327%
L3MY5C02Q,常亮白斑,20260305,5655,0.05094%,3,0.05305%
L3MY5C02S,常亮白斑,20260304,5650,0.05345%,3,0.05310%
L3MY61001,常亮白斑,20260324,5598,0.08172%,5,0.08932%
L3MY61002,常亮白斑,20260324,5630,0.09979%,6,0.10657%
L3MY61003,常亮白斑,20260324,5484,0.08217%,5,0.09117%
L3MY61004,常亮白斑,20260324,5629,0.10325%,6,0.10659%
L3MY61005,常亮白斑,20260324,5653,0.07181%,4,0.07076%
L3MY61006,常亮白斑,20260324,5627,0.08439%,5,0.08886%
L3MY61007,常亮白斑,20260324,5257,0.09783%,5,0.09511%
L3MY61008,常亮白斑,20260325,5632,0.09756%,5,0.08878%
L3MY61009,常亮白斑,20260323,5617,0.07069%,4,0.07121%
L3MY6100A,常亮白斑,20260322,5641,0.07644%,4,0.07091%
L3MY6100B,常亮白斑,20260323,5498,0.08452%,5,0.09094%
L3MY6100C,常亮白斑,20260325,5653,0.07972%,5,0.08845%
L3MY6100D,常亮白斑,20260324,5455,0.08223%,4,0.07333%
L3MY6100F,常亮白斑,20260324,5633,0.08014%,5,0.08876%
L3MY6100G,常亮白斑,20260325,5651,0.08602%,5,0.08848%
L3MY6100H,常亮白斑,20260323,5661,0.09100%,5,0.08832%
L3MY6100J,常亮白斑,20260324,5597,0.07390%,4,0.07147%
L3MY62001,常亮白斑,20260325,5641,0.07360%,4,0.07091%
L3MY62002,常亮白斑,20260415,5350,0.06072%,3,0.05607%
L3MY62004,常亮白斑,20260325,5259,0.10192%,5,0.09508%
L3MY62005,常亮白斑,20260325,5627,0.07485%,4,0.07109%
L3MY62006,常亮白斑,20260326,5542,0.08258%,5,0.09022%
L3MY62007,常亮白斑,20260325,5607,0.07543%,4,0.07134%
L3MY62008,常亮白斑,20260326,5629,0.10105%,6,0.10659%
L3MY62009,常亮白斑,20260414,5396,0.05860%,3,0.05560%
L3MY6200A,常亮白斑,20260414,5414,0.06265%,3,0.05541%
L3MY6200C,常亮白斑,20260326,5624,0.09682%,5,0.08890%
L3MY6200D,常亮白斑,20260325,5543,0.07564%,4,0.07216%
L3MY6200F,常亮白斑,20260329,5459,0.10245%,6,0.10991%
L3MY6200H,常亮白斑,20260414,5409,0.07844%,4,0.07395%
L3MY6200J,常亮白斑,20260325,5646,0.09765%,6,0.10627%
L3MY6200K,常亮白斑,20260414,5403,0.07863%,4,0.07403%
L3MY6200L,常亮白斑,20260329,5424,0.08995%,5,0.09218%
L3MY6200N,常亮白斑,20260414,5420,0.05809%,3,0.05535%
L3MY6200P,常亮白斑,20260329,5651,0.09826%,6,0.10618%
L3MY6200R,常亮白斑,20260415,5488,0.05622%,3,0.05466%
L3MY63001,常亮白斑,20260422,5544,0.08815%,5,0.09019%
L3MY63002,常亮白斑,20260419,5572,0.05980%,3,0.05384%
L3MY63003,常亮白斑,20260420,5385,0.08597%,5,0.09285%
L3MY63004,常亮白斑,20260418,5580,0.06038%,3,0.05376%
L3MY63005,常亮白斑,20260414,5483,0.07687%,4,0.07295%
L3MY63006,常亮白斑,20260425,4980,0.08148%,4,0.08032%
L3MY63007,常亮白斑,20260425,2809,0.06798%,2,0.07120%
L3MY63008,常亮白斑,20260420,5525,0.06669%,4,0.07240%
L3MY63009,常亮白斑,20260424,5562,0.07521%,4,0.07192%
L3MY6300A,常亮白斑,20260420,5582,0.06705%,4,0.07166%
L3MY6300B,常亮白斑,20260419,5496,0.07623%,4,0.07278%
L3MY6300C,常亮白斑,20260418,5523,0.08590%,5,0.09053%
L3MY6300E,常亮白斑,20260426,5583,0.09246%,5,0.08956%
L3MY6300F,常亮白斑,20260421,5479,0.07180%,4,0.07301%
L3MY6300G,常亮白斑,20260425,5565,0.07611%,4,0.07188%
L3MY6300J,常亮白斑,20260421,5495,0.07614%,4,0.07279%
L3MY6300K,常亮白斑,20260421,5586,0.07793%,4,0.07161%
L3MY6300L,常亮白斑,20260418,5547,0.06653%,4,0.07211%
L3MY6300N,常亮白斑,20260419,5595,0.06446%,4,0.07149%
L3MY6300S,常亮白斑,20260426,5635,0.08078%,5,0.08873%
L3MY6300T,常亮白斑,20260420,5472,0.07983%,4,0.07310%
L3MY6300U,常亮白斑,20260421,5409,0.08329%,5,0.09244%
L3MY6300V,常亮白斑,20260421,5533,0.07149%,4,0.07229%
L3MY6300W,常亮白斑,20260421,5552,0.07986%,4,0.07205%
L3MY6300X,常亮白斑,20260423,5499,0.06496%,4,0.07274%
L3MY63010,常亮白斑,20260418,5572,0.08334%,5,0.08973%
L3MY63012,常亮白斑,20260423,5622,0.07866%,4,0.07115%
L3MY63013,常亮白斑,20260426,5384,0.08319%,4,0.07429%
L3MY63014,常亮白斑,20260425,5433,0.06597%,4,0.07362%
L3MY63015,常亮白斑,20260419,5510,0.08672%,5,0.09074%
L3MY63016,常亮白斑,20260419,5623,0.07784%,4,0.07114%
L3MY6301A,常亮白斑,20260421,5497,0.06452%,4,0.07277%
L3MY6301B,常亮白斑,20260425,5615,0.06620%,4,0.07124%
L3MY6301F,常亮白斑,20260425,5581,0.07921%,4,0.07167%
L3MY6301G,常亮白斑,20260426,5596,0.07379%,4,0.07148%
L3MY6301J,常亮白斑,20260425,5613,0.06527%,4,0.07126%
L3MY6301Q,常亮白斑,20260422,5498,0.07729%,4,0.07275%
L3MY6301S,常亮白斑,20260426,5638,0.08217%,5,0.08868%
L3MY6301U,常亮白斑,20260424,5619,0.08583%,5,0.08898%
L3MY6301V,常亮白斑,20260425,5541,0.07204%,4,0.07219%
L3MY6301X,常亮白斑,20260422,5535,0.06779%,4,0.07227%
L3MY5C001,常暗黑斑Mura,20260126,5616,0.04115%,2,0.03561%
L3MY5C002,常暗黑斑Mura,20260126,5584,0.03712%,2,0.03582%
L3MY5C003,常暗黑斑Mura,20260125,5656,0.04345%,2,0.03536%
L3MY5C005,常暗黑斑Mura,20260211,5220,0.04251%,2,0.03831%
L3MY5C006,常暗黑斑Mura,20260127,5657,0.04052%,2,0.03535%
L3MY5C007,常暗黑斑Mura,20260127,5633,0.04051%,2,0.03551%
L3MY5C008,常暗黑斑Mura,20260129,5660,0.05322%,3,0.05300%
L3MY5C009,常暗黑斑Mura,20260126,5635,0.03301%,2,0.03549%
L3MY5C00A,常暗黑斑Mura,20260126,5255,0.04166%,2,0.03806%
L3MY5C00B,常暗黑斑Mura,20260126,5651,0.03567%,2,0.03539%
L3MY5C00C,常暗黑斑Mura,20260126,5630,0.03755%,2,0.03552%
L3MY5C00D,常暗黑斑Mura,20260126,5646,0.03666%,2,0.03542%
L3MY5C00E,常暗黑斑Mura,20260126,5617,0.03316%,2,0.03561%
L3MY5C00F,常暗黑斑Mura,20260128,5627,0.05853%,3,0.05331%
L3MY5C00G,常暗黑斑Mura,20260128,5650,0.05386%,3,0.05310%
L3MY5C00H,常暗黑斑Mura,20260127,5629,0.03245%,2,0.03553%
L3MY5C00J,常暗黑斑Mura,20260130,5654,0.06302%,4,0.07075%
L3MY5C00K,常暗黑斑Mura,20260127,5643,0.03753%,2,0.03544%
L3MY5C00L,常暗黑斑Mura,20260129,5644,0.05529%,3,0.05315%
L3MY5C00M,常暗黑斑Mura,20260127,5598,0.04502%,3,0.05359%
L3MY5C00N,常暗黑斑Mura,20260128,5657,0.04495%,3,0.05303%
L3MY5C00P,常暗黑斑Mura,20260128,5664,0.06074%,3,0.05297%
L3MY5C00Q,常暗黑斑Mura,20260128,5651,0.06283%,4,0.07078%
L3MY5C00T,常暗黑斑Mura,20260128,5622,0.06376%,4,0.07115%
L3MY5C00U,常暗黑斑Mura,20260129,5633,0.05673%,3,0.05326%
L3MY5C00V,常暗黑斑Mura,20260129,5622,0.05459%,3,0.05336%
L3MY5C00W,常暗黑斑Mura,20260131,5650,0.07131%,4,0.07080%
L3MY5C00X,常暗黑斑Mura,20260129,5651,0.04307%,2,0.03539%
L3MY5C00Y,常暗黑斑Mura,20260201,5655,0.02317%,1,0.01768%
L3MY5C00Z,常暗黑斑Mura,20260130,5629,0.06747%,4,0.07106%
L3MY5C010,常暗黑斑Mura,20260211,5628,0.05340%,3,0.05330%
L3MY5C011,常暗黑斑Mura,20260211,5544,0.04398%,2,0.03608%
L3MY5C012,常暗黑斑Mura,20260211,5658,0.05053%,3,0.05302%
L3MY5C013,常暗黑斑Mura,20260130,5659,0.06704%,4,0.07068%
L3MY5C014,常暗黑斑Mura,20260204,5637,0.06589%,4,0.07096%
L3MY5C015,常暗黑斑Mura,20260211,5352,0.05780%,3,0.05605%
L3MY5C016,常暗黑斑Mura,20260131,5667,0.05582%,3,0.05294%
L3MY5C017,常暗黑斑Mura,20260205,5663,0.04604%,3,0.05298%
L3MY5C019,常暗黑斑Mura,20260204,5665,0.05941%,3,0.05296%
L3MY5C01A,常暗黑斑Mura,20260211,5648,0.05387%,3,0.05312%
L3MY5C01B,常暗黑斑Mura,20260207,5634,0.05356%,3,0.05325%
L3MY5C01C,常暗黑斑Mura,20260209,5624,0.03961%,2,0.03556%
L3MY5C01D,常暗黑斑Mura,20260212,5643,0.05880%,3,0.05316%
L3MY5C01E,常暗黑斑Mura,20260210,5631,0.04884%,3,0.05328%
L3MY5C01G,常暗黑斑Mura,20260210,5637,0.06277%,4,0.07096%
L3MY5C01H,常暗黑斑Mura,20260305,5650,0.03966%,2,0.03540%
L3MY5C01J,常暗黑斑Mura,20260207,5663,0.05579%,3,0.05298%
L3MY5C01K,常暗黑斑Mura,20260209,5610,0.04053%,2,0.03565%
L3MY5C01L,常暗黑斑Mura,20260212,5651,0.04770%,3,0.05309%
L3MY5C01M,常暗黑斑Mura,20260201,5672,0.02314%,1,0.01763%
L3MY5C01N,常暗黑斑Mura,20260210,5656,0.04691%,3,0.05304%
L3MY5C01P,常暗黑斑Mura,20260214,5653,0.00000%,0,0.00000%
L3MY5C01Q,常暗黑斑Mura,20260210,5610,0.04888%,3,0.05348%
L3MY5C01R,常暗黑斑Mura,20260202,5665,0.03480%,2,0.03530%
L3MY5C01T,常暗黑斑Mura,20260210,5647,0.05952%,3,0.05313%
L3MY5C01U,常暗黑斑Mura,20260210,5634,0.05394%,3,0.05325%
L3MY5C01V,常暗黑斑Mura,20260211,5646,0.05219%,3,0.05313%
L3MY5C01W,常暗黑斑Mura,20260210,5652,0.05223%,3,0.05308%
L3MY5C01X,常暗黑斑Mura,20260209,5471,0.04976%,3,0.05483%
L3MY5C01Y,常暗黑斑Mura,20260212,5661,0.05785%,3,0.05299%
L3MY5C01Z,常暗黑斑Mura,20260305,5629,0.03334%,2,0.03553%
L3MY5C020,常暗黑斑Mura,20260305,5626,0.03554%,2,0.03555%
L3MY5C021,常暗黑斑Mura,20260227,5630,0.04858%,3,0.05329%
L3MY5C022,常暗黑斑Mura,20260304,5655,0.02259%,1,0.01768%
L3MY5C023,常暗黑斑Mura,20260228,5651,0.04964%,3,0.05309%
L3MY5C024,常暗黑斑Mura,20260305,5602,0.04288%,2,0.03570%
L3MY5C025,常暗黑斑Mura,20260228,5648,0.05889%,3,0.05312%
L3MY5C027,常暗黑斑Mura,20260305,5659,0.04124%,2,0.03534%
L3MY5C028,常暗黑斑Mura,20260305,5650,0.03261%,2,0.03540%
L3MY5C029,常暗黑斑Mura,20260306,5636,0.05603%,3,0.05323%
L3MY5C02A,常暗黑斑Mura,20260305,5664,0.03732%,2,0.03531%
L3MY5C02B,常暗黑斑Mura,20260228,5646,0.05275%,3,0.05313%
L3MY5C02C,常暗黑斑Mura,20260228,5652,0.04247%,2,0.03539%
L3MY5C02D,常暗黑斑Mura,20260305,5656,0.03246%,2,0.03536%
L3MY5C02E,常暗黑斑Mura,20260306,5637,0.06110%,3,0.05322%
L3MY5C02F,常暗黑斑Mura,20260305,5651,0.03763%,2,0.03539%
L3MY5C02G,常暗黑斑Mura,20260304,5644,0.02568%,1,0.01772%
L3MY5C02H,常暗黑斑Mura,20260304,5621,0.02700%,2,0.03558%
L3MY5C02J,常暗黑斑Mura,20260305,5655,0.03825%,2,0.03537%
L3MY5C02K,常暗黑斑Mura,20260305,5646,0.04568%,3,0.05313%
L3MY5C02L,常暗黑斑Mura,20260304,5644,0.02859%,2,0.03544%
L3MY5C02M,常暗黑斑Mura,20260305,5635,0.04095%,2,0.03549%
L3MY5C02N,常暗黑斑Mura,20260228,5648,0.05223%,3,0.05312%
L3MY5C02P,常暗黑斑Mura,20260403,5632,0.05672%,3,0.05327%
L3MY5C02S,常暗黑斑Mura,20260304,5650,0.02007%,1,0.01770%
L3MY61001,常暗黑斑Mura,20260324,5598,0.06638%,4,0.07145%
L3MY61002,常暗黑斑Mura,20260324,5630,0.05901%,3,0.05329%
L3MY61003,常暗黑斑Mura,20260324,5484,0.05194%,3,0.05470%
L3MY61004,常暗黑斑Mura,20260324,5629,0.05815%,3,0.05330%
L3MY61005,常暗黑斑Mura,20260324,5653,0.06766%,4,0.07076%
L3MY61006,常暗黑斑Mura,20260324,5627,0.05792%,3,0.05331%
L3MY61007,常暗黑斑Mura,20260324,5257,0.05925%,3,0.05707%
L3MY61008,常暗黑斑Mura,20260325,5632,0.07895%,4,0.07102%
L3MY61009,常暗黑斑Mura,20260323,5617,0.05060%,3,0.05341%
L3MY6100A,常暗黑斑Mura,20260322,5641,0.06644%,4,0.07091%
L3MY6100B,常暗黑斑Mura,20260323,5498,0.06531%,4,0.07275%
L3MY6100C,常暗黑斑Mura,20260325,5653,0.08373%,5,0.08845%
L3MY6100D,常暗黑斑Mura,20260324,5455,0.06015%,3,0.05500%
L3MY6100F,常暗黑斑Mura,20260324,5633,0.06446%,4,0.07101%
L3MY6100G,常暗黑斑Mura,20260325,5651,0.07549%,4,0.07078%
L3MY6100J,常暗黑斑Mura,20260324,5597,0.06819%,4,0.07147%
L3MY62001,常暗黑斑Mura,20260325,5641,0.07356%,4,0.07091%
L3MY62002,常暗黑斑Mura,20260415,5350,0.04128%,2,0.03738%
L3MY62004,常暗黑斑Mura,20260325,5259,0.07881%,4,0.07606%
L3MY62005,常暗黑斑Mura,20260325,5627,0.08146%,5,0.08886%
L3MY62006,常暗黑斑Mura,20260326,5542,0.06899%,4,0.07218%
L3MY62007,常暗黑斑Mura,20260325,5607,0.08005%,4,0.07134%
L3MY62008,常暗黑斑Mura,20260326,5629,0.07597%,4,0.07106%
L3MY6200A,常暗黑斑Mura,20260414,5414,0.05119%,3,0.05541%
L3MY6200B,常暗黑斑Mura,20260415,5427,0.04611%,3,0.05528%
L3MY6200C,常暗黑斑Mura,20260326,5624,0.06700%,4,0.07112%
L3MY6200D,常暗黑斑Mura,20260325,5543,0.08297%,5,0.09020%
L3MY6200F,常暗黑斑Mura,20260329,5459,0.08561%,5,0.09159%
L3MY6200H,常暗黑斑Mura,20260414,5409,0.05356%,3,0.05546%
L3MY6200J,常暗黑斑Mura,20260325,5646,0.07258%,4,0.07085%
L3MY6200L,常暗黑斑Mura,20260329,5424,0.07008%,4,0.07375%
L3MY6200M,常暗黑斑Mura,20260414,5396,0.04654%,3,0.05560%
L3MY6200N,常暗黑斑Mura,20260414,5420,0.04815%,3,0.05535%
L3MY6200P,常暗黑斑Mura,20260329,5651,0.06739%,4,0.07078%
L3MY63001,常暗黑斑Mura,20260422,5544,0.04738%,3,0.05411%
L3MY63002,常暗黑斑Mura,20260419,5572,0.04291%,2,0.03589%
L3MY63003,常暗黑斑Mura,20260420,5385,0.05411%,3,0.05571%
L3MY63005,常暗黑斑Mura,20260414,5483,0.05264%,3,0.05471%
L3MY63006,常暗黑斑Mura,20260425,4980,0.05865%,3,0.06024%
L3MY63007,常暗黑斑Mura,20260425,2809,0.06519%,2,0.07120%
L3MY63008,常暗黑斑Mura,20260420,5525,0.05430%,3,0.05430%
L3MY63009,常暗黑斑Mura,20260424,5562,0.04873%,3,0.05394%
L3MY6300A,常暗黑斑Mura,20260420,5582,0.04216%,2,0.03583%
L3MY6300C,常暗黑斑Mura,20260418,5523,0.04539%,3,0.05432%
L3MY6300E,常暗黑斑Mura,20260426,5583,0.05450%,3,0.05373%
L3MY6300F,常暗黑斑Mura,20260421,5479,0.04864%,3,0.05475%
L3MY6300H,常暗黑斑Mura,20260419,5577,0.06042%,3,0.05379%
L3MY6300J,常暗黑斑Mura,20260421,5495,0.03976%,2,0.03640%
L3MY6300K,常暗黑斑Mura,20260421,5586,0.04216%,2,0.03580%
L3MY6300L,常暗黑斑Mura,20260418,5547,0.04534%,3,0.05408%
L3MY6300M,常暗黑斑Mura,20260422,5548,0.04206%,2,0.03605%
L3MY6300N,常暗黑斑Mura,20260419,5595,0.05189%,3,0.05362%
L3MY6300R,常暗黑斑Mura,20260414,5519,0.05338%,3,0.05436%
L3MY6300S,常暗黑斑Mura,20260426,5635,0.06787%,4,0.07098%
L3MY6300U,常暗黑斑Mura,20260421,5409,0.04987%,3,0.05546%
L3MY6300V,常暗黑斑Mura,20260421,5533,0.05554%,3,0.05422%
L3MY6300X,常暗黑斑Mura,20260423,5499,0.04606%,3,0.05456%
L3MY63010,常暗黑斑Mura,20260418,5572,0.04887%,3,0.05384%
L3MY63012,常暗黑斑Mura,20260423,5622,0.04616%,3,0.05336%
L3MY63013,常暗黑斑Mura,20260426,5384,0.05888%,3,0.05572%
L3MY63015,常暗黑斑Mura,20260419,5510,0.05659%,3,0.05445%
L3MY6301A,常暗黑斑Mura,20260421,5497,0.04343%,2,0.03638%
L3MY6301B,常暗黑斑Mura,20260425,5615,0.05766%,3,0.05343%
L3MY6301C,常暗黑斑Mura,20260418,5600,0.05300%,3,0.05357%
L3MY6301D,常暗黑斑Mura,20260421,5532,0.05050%,3,0.05423%
L3MY6301F,常暗黑斑Mura,20260425,5581,0.05481%,3,0.05375%
L3MY6301G,常暗黑斑Mura,20260426,5596,0.05196%,3,0.05361%
L3MY6301H,常暗黑斑Mura,20260422,5546,0.04416%,2,0.03606%
L3MY6301J,常暗黑斑Mura,20260425,5613,0.06351%,4,0.07126%
L3MY6301Q,常暗黑斑Mura,20260422,5498,0.05412%,3,0.05457%
L3MY6301S,常暗黑斑Mura,20260426,5638,0.05758%,3,0.05321%
L3MY6301U,常暗黑斑Mura,20260424,5619,0.05531%,3,0.05339%
L3MY6301V,常暗黑斑Mura,20260425,5541,0.05397%,3,0.05414%
L3MY63029,常暗黑斑Mura,20260425,5616,0.05715%,3,0.05342%
L3MY5C007,流星状划线,20260127,5633,0.00419%,0,0.00000%
L3MY5C008,流星状划线,20260129,5660,0.00759%,0,0.00000%
L3MY5C00A,流星状划线,20260126,5255,0.00532%,0,0.00000%
L3MY5C00D,流星状划线,20260126,5646,0.00417%,0,0.00000%
L3MY5C00E,流星状划线,20260126,5617,0.00522%,0,0.00000%
L3MY5C00F,流星状划线,20260128,5627,0.00315%,0,0.00000%
L3MY5C00H,流星状划线,20260127,5629,0.00370%,0,0.00000%
L3MY5C00J,流星状划线,20260130,5654,0.01081%,1,0.01769%
L3MY5C00K,流星状划线,20260127,5643,0.00327%,0,0.00000%
L3MY5C00L,流星状划线,20260129,5644,0.00684%,0,0.00000%
L3MY5C00N,流星状划线,20260128,5657,0.00390%,0,0.00000%
L3MY5C00P,流星状划线,20260128,5664,0.00363%,0,0.00000%
L3MY5C00S,流星状划线,20260130,5624,0.01110%,1,0.01778%
L3MY5C00T,流星状划线,20260128,5622,0.00378%,0,0.00000%
L3MY5C00W,流星状划线,20260131,5650,0.01253%,1,0.01770%
L3MY5C00Z,流星状划线,20260130,5629,0.01044%,1,0.01777%
L3MY5C010,流星状划线,20260211,5628,0.00417%,0,0.00000%
L3MY5C012,流星状划线,20260211,5658,0.00397%,0,0.00000%
L3MY5C013,流星状划线,20260130,5659,0.00940%,1,0.01767%
L3MY5C015,流星状划线,20260211,5352,0.00445%,0,0.00000%
L3MY5C016,流星状划线,20260131,5667,0.01392%,1,0.01765%
L3MY5C01C,流星状划线,20260209,5624,0.00930%,1,0.01778%
L3MY5C01E,流星状划线,20260210,5631,0.00731%,0,0.00000%
L3MY5C01P,流星状划线,20260214,5653,0.00000%,0,0.00000%
L3MY5C01S,流星状划线,20260210,5438,0.00706%,0,0.00000%
L3MY5C01Z,流星状划线,20260305,5629,0.00518%,0,0.00000%
L3MY5C020,流星状划线,20260305,5626,0.00481%,0,0.00000%
L3MY5C02D,流星状划线,20260305,5656,0.00413%,0,0.00000%
L3MY5C02E,流星状划线,20260306,5637,0.00973%,1,0.01774%
L3MY5C02H,流星状划线,20260304,5621,0.00457%,0,0.00000%
L3MY5C02J,流星状划线,20260305,5655,0.00426%,0,0.00000%
L3MY5C02K,流星状划线,20260305,5646,0.00494%,0,0.00000%
L3MY5C02N,流星状划线,20260228,5648,0.00533%,0,0.00000%
L3MY5C02P,流星状划线,20260403,5632,0.00000%,0,0.00000%
L3MY61004,流星状划线,20260324,5629,0.00419%,0,0.00000%
L3MY62004,流星状划线,20260325,5259,0.00612%,0,0.00000%
L3MY62008,流星状划线,20260326,5629,0.00992%,1,0.01777%
L3MY6200A,流星状划线,20260414,5414,0.00398%,0,0.00000%
L3MY6200C,流星状划线,20260326,5624,0.00820%,0,0.00000%
L3MY6200F,流星状划线,20260329,5459,0.00000%,0,0.00000%
L3MY6200L,流星状划线,20260329,5424,0.00000%,0,0.00000%
L3MY63008,流星状划线,20260420,5525,0.00750%,0,0.00000%
L3MY6300F,流星状划线,20260421,5479,0.00776%,0,0.00000%
L3MY6300L,流星状划线,20260418,5547,0.00690%,0,0.00000%
L3MY6300Q,流星状划线,20260418,5557,0.00601%,0,0.00000%
L3MY6300Y,流星状划线,20260418,5587,0.00513%,0,0.00000%
L3MY5C014,灰阶块状白斑Mura,20260204,5637,0.00000%,0,0.00000%
L3MY5C02G,灰阶块状白斑Mura,20260304,5644,0.00000%,0,0.00000%
L3MY5C006,灰阶小白斑Mura,20260127,5657,0.00000%,0,0.00000%
L3MY5C00D,灰阶小白斑Mura,20260126,5646,0.00000%,0,0.00000%
L3MY5C01F,灰阶小白斑Mura,20260210,5634,0.00000%,0,0.00000%
L3MY5C01Q,灰阶点状白斑Mura,20260210,5610,0.00000%,0,0.00000%
L3MY5C025,灰阶点状白斑Mura,20260228,5648,0.00000%,0,0.00000%
L3MY62005,灰阶点状白斑Mura,20260325,5627,0.00000%,0,0.00000%
L3MY6301G,灰阶点状白斑Mura,20260426,5596,0.00000%,0,0.00000%
L3MY5C01C,环状Mura,20260209,5624,0.00000%,0,0.00000%
L3MY5C02R,环状Mura,20260303,5657,0.00000%,0,0.00000%
L3MY5C001,白画面黑斑Mura,20260126,5616,0.09982%,6,0.10684%
L3MY5C002,白画面黑斑Mura,20260126,5584,0.08989%,5,0.08954%
L3MY5C003,白画面黑斑Mura,20260125,5656,0.00000%,0,0.00000%
L3MY5C004,白画面黑斑Mura,20260129,5653,0.11166%,6,0.10614%
L3MY5C005,白画面黑斑Mura,20260211,5220,0.09012%,5,0.09579%
L3MY5C006,白画面黑斑Mura,20260127,5657,0.09808%,6,0.10606%
L3MY5C007,白画面黑斑Mura,20260127,5633,0.08985%,5,0.08876%
L3MY5C008,白画面黑斑Mura,20260129,5660,0.11045%,6,0.10601%
L3MY5C009,白画面黑斑Mura,20260126,5635,0.10349%,6,0.10648%
L3MY5C00A,白画面黑斑Mura,20260126,5255,0.07722%,4,0.07612%
L3MY5C00B,白画面黑斑Mura,20260126,5651,0.08391%,5,0.08848%
L3MY5C00C,白画面黑斑Mura,20260126,5630,0.09288%,5,0.08881%
L3MY5C00D,白画面黑斑Mura,20260126,5646,0.09659%,5,0.08856%
L3MY5C00E,白画面黑斑Mura,20260126,5617,0.10431%,6,0.10682%
L3MY5C00F,白画面黑斑Mura,20260128,5627,0.08267%,5,0.08886%
L3MY5C00G,白画面黑斑Mura,20260128,5650,0.07205%,4,0.07080%
L3MY5C00H,白画面黑斑Mura,20260127,5629,0.07154%,4,0.07106%
L3MY5C00J,白画面黑斑Mura,20260130,5654,0.10648%,6,0.10612%
L3MY5C00K,白画面黑斑Mura,20260127,5643,0.08005%,5,0.08861%
L3MY5C00L,白画面黑斑Mura,20260129,5644,0.11389%,6,0.10631%
L3MY5C00M,白画面黑斑Mura,20260127,5598,0.07160%,4,0.07145%
L3MY5C00N,白画面黑斑Mura,20260128,5657,0.08929%,5,0.08839%
L3MY5C00P,白画面黑斑Mura,20260128,5664,0.06968%,4,0.07062%
L3MY5C00Q,白画面黑斑Mura,20260128,5651,0.08296%,5,0.08848%
L3MY5C00R,白画面黑斑Mura,20260130,5448,0.08286%,5,0.09178%
L3MY5C00S,白画面黑斑Mura,20260130,5624,0.10606%,6,0.10669%
L3MY5C00T,白画面黑斑Mura,20260128,5622,0.08022%,5,0.08894%
L3MY5C00U,白画面黑斑Mura,20260129,5633,0.11646%,7,0.12427%
L3MY5C00V,白画面黑斑Mura,20260129,5622,0.09830%,6,0.10672%
L3MY5C00W,白画面黑斑Mura,20260131,5650,0.06309%,4,0.07080%
L3MY5C00X,白画面黑斑Mura,20260129,5651,0.08688%,5,0.08848%
L3MY5C00Y,白画面黑斑Mura,20260201,5655,0.08044%,5,0.08842%
L3MY5C00Z,白画面黑斑Mura,20260130,5629,0.08491%,5,0.08883%
L3MY5C010,白画面黑斑Mura,20260211,5628,0.09821%,6,0.10661%
L3MY5C011,白画面黑斑Mura,20260211,5544,0.08356%,5,0.09019%
L3MY5C012,白画面黑斑Mura,20260211,5658,0.08345%,5,0.08837%
L3MY5C013,白画面黑斑Mura,20260130,5659,0.08014%,5,0.08835%
L3MY5C014,白画面黑斑Mura,20260204,5637,0.09138%,5,0.08870%
L3MY5C015,白画面黑斑Mura,20260211,5352,0.08008%,4,0.07474%
L3MY5C016,白画面黑斑Mura,20260131,5667,0.09158%,5,0.08823%
L3MY5C017,白画面黑斑Mura,20260205,5663,0.09441%,5,0.08829%
L3MY5C018,白画面黑斑Mura,20260205,5616,0.07604%,4,0.07123%
L3MY5C019,白画面黑斑Mura,20260204,5665,0.08409%,5,0.08826%
L3MY5C01B,白画面黑斑Mura,20260207,5634,0.08293%,5,0.08875%
L3MY5C01C,白画面黑斑Mura,20260209,5624,0.06566%,4,0.07112%
L3MY5C01D,白画面黑斑Mura,20260212,5643,0.08869%,5,0.08861%
L3MY5C01E,白画面黑斑Mura,20260210,5631,0.07158%,4,0.07104%
L3MY5C01F,白画面黑斑Mura,20260210,5634,0.08315%,5,0.08875%
L3MY5C01G,白画面黑斑Mura,20260210,5637,0.08225%,5,0.08870%
L3MY5C01H,白画面黑斑Mura,20260305,5650,0.10602%,6,0.10619%
L3MY5C01J,白画面黑斑Mura,20260207,5663,0.09191%,5,0.08829%
L3MY5C01K,白画面黑斑Mura,20260209,5610,0.05843%,3,0.05348%
L3MY5C01L,白画面黑斑Mura,20260212,5651,0.07038%,4,0.07078%
L3MY5C01M,白画面黑斑Mura,20260201,5672,0.09113%,5,0.08815%
L3MY5C01N,白画面黑斑Mura,20260210,5656,0.08036%,5,0.08840%
L3MY5C01P,白画面黑斑Mura,20260214,5653,0.11466%,6,0.10614%
L3MY5C01Q,白画面黑斑Mura,20260210,5610,0.07417%,4,0.07130%
L3MY5C01R,白画面黑斑Mura,20260202,5665,0.10670%,6,0.10591%
L3MY5C01S,白画面黑斑Mura,20260210,5438,0.08674%,5,0.09195%
L3MY5C01T,白画面黑斑Mura,20260210,5647,0.06439%,4,0.07083%
L3MY5C01U,白画面黑斑Mura,20260210,5634,0.08693%,5,0.08875%
L3MY5C01V,白画面黑斑Mura,20260211,5646,0.07758%,4,0.07085%
L3MY5C01W,白画面黑斑Mura,20260210,5652,0.06023%,3,0.05308%
L3MY5C01X,白画面黑斑Mura,20260209,5471,0.07109%,4,0.07311%
L3MY5C01Y,白画面黑斑Mura,20260212,5661,0.06993%,4,0.07066%
L3MY5C01Z,白画面黑斑Mura,20260305,5629,0.11018%,6,0.10659%
L3MY5C020,白画面黑斑Mura,20260305,5626,0.11281%,6,0.10665%
L3MY5C021,白画面黑斑Mura,20260227,5630,0.08481%,5,0.08881%
L3MY5C022,白画面黑斑Mura,20260304,5655,0.08731%,5,0.08842%
L3MY5C024,白画面黑斑Mura,20260305,5602,0.08962%,5,0.08925%
L3MY5C025,白画面黑斑Mura,20260228,5648,0.08810%,5,0.08853%
L3MY5C026,白画面黑斑Mura,20260227,5664,0.06395%,4,0.07062%
L3MY5C027,白画面黑斑Mura,20260305,5659,0.09794%,6,0.10603%
L3MY5C028,白画面黑斑Mura,20260305,5650,0.11212%,6,0.10619%
L3MY5C029,白画面黑斑Mura,20260306,5636,0.07416%,4,0.07097%
L3MY5C02A,白画面黑斑Mura,20260305,5664,0.09049%,5,0.08828%
L3MY5C02B,白画面黑斑Mura,20260228,5646,0.09661%,5,0.08856%
L3MY5C02C,白画面黑斑Mura,20260228,5652,0.07213%,4,0.07077%
L3MY5C02D,白画面黑斑Mura,20260305,5656,0.11417%,6,0.10608%
L3MY5C02E,白画面黑斑Mura,20260306,5637,0.09632%,5,0.08870%
L3MY5C02F,白画面黑斑Mura,20260305,5651,0.11439%,6,0.10618%
L3MY5C02G,白画面黑斑Mura,20260304,5644,0.10128%,6,0.10631%
L3MY5C02H,白画面黑斑Mura,20260304,5621,0.09666%,5,0.08895%
L3MY5C02J,白画面黑斑Mura,20260305,5655,0.11374%,6,0.10610%
L3MY5C02K,白画面黑斑Mura,20260305,5646,0.08094%,5,0.08856%
L3MY5C02L,白画面黑斑Mura,20260304,5644,0.11800%,7,0.12403%
L3MY5C02M,白画面黑斑Mura,20260305,5635,0.10314%,6,0.10648%
L3MY5C02N,白画面黑斑Mura,20260228,5648,0.09455%,5,0.08853%
L3MY5C02P,白画面黑斑Mura,20260403,5632,0.09909%,6,0.10653%
L3MY5C02Q,白画面黑斑Mura,20260305,5655,0.08074%,5,0.08842%
L3MY5C02R,白画面黑斑Mura,20260303,5657,0.07271%,4,0.07071%
L3MY5C02S,白画面黑斑Mura,20260304,5650,0.12186%,7,0.12389%
L3MY61001,白画面黑斑Mura,20260324,5598,0.13631%,8,0.14291%
L3MY61002,白画面黑斑Mura,20260324,5630,0.11671%,7,0.12433%
L3MY61003,白画面黑斑Mura,20260324,5484,0.13077%,7,0.12764%
L3MY61004,白画面黑斑Mura,20260324,5629,0.13406%,8,0.14212%
L3MY61005,白画面黑斑Mura,20260324,5653,0.15994%,9,0.15921%
L3MY61006,白画面黑斑Mura,20260324,5627,0.15392%,9,0.15994%
L3MY61007,白画面黑斑Mura,20260324,5257,0.16604%,9,0.17120%
L3MY61008,白画面黑斑Mura,20260325,5632,0.18171%,10,0.17756%
L3MY61009,白画面黑斑Mura,20260323,5617,0.12279%,7,0.12462%
L3MY6100A,白画面黑斑Mura,20260322,5641,0.15231%,9,0.15955%
L3MY6100B,白画面黑斑Mura,20260323,5498,0.10785%,6,0.10913%
L3MY6100C,白画面黑斑Mura,20260325,5653,0.14700%,8,0.14152%
L3MY6100D,白画面黑斑Mura,20260324,5455,0.14468%,8,0.14665%
L3MY6100E,白画面黑斑Mura,20260415,5482,0.13760%,8,0.14593%
L3MY6100F,白画面黑斑Mura,20260324,5633,0.15807%,9,0.15977%
L3MY6100G,白画面黑斑Mura,20260325,5651,0.14560%,8,0.14157%
L3MY6100H,白画面黑斑Mura,20260323,5661,0.14988%,8,0.14132%
L3MY6100J,白画面黑斑Mura,20260324,5597,0.13680%,8,0.14293%
L3MY62001,白画面黑斑Mura,20260325,5641,0.15537%,9,0.15955%
L3MY62002,白画面黑斑Mura,20260415,5350,0.11219%,6,0.11215%
L3MY62004,白画面黑斑Mura,20260325,5259,0.16698%,9,0.17114%
L3MY62005,白画面黑斑Mura,20260325,5627,0.15701%,9,0.15994%
L3MY62006,白画面黑斑Mura,20260326,5542,0.12654%,7,0.12631%
L3MY62007,白画面黑斑Mura,20260325,5607,0.17753%,10,0.17835%
L3MY62008,白画面黑斑Mura,20260326,5629,0.17138%,10,0.17765%
L3MY6200A,白画面黑斑Mura,20260414,5414,0.10995%,6,0.11082%
L3MY6200B,白画面黑斑Mura,20260415,5427,0.15010%,8,0.14741%
L3MY6200C,白画面黑斑Mura,20260326,5624,0.17214%,10,0.17781%
L3MY6200D,白画面黑斑Mura,20260325,5543,0.14854%,8,0.14433%
L3MY6200F,白画面黑斑Mura,20260329,5459,0.12896%,7,0.12823%
L3MY6200G,白画面黑斑Mura,20260414,5437,0.14630%,8,0.14714%
L3MY6200H,白画面黑斑Mura,20260414,5409,0.11648%,6,0.11093%
L3MY6200J,白画面黑斑Mura,20260325,5646,0.17870%,10,0.17712%
L3MY6200K,白画面黑斑Mura,20260414,5403,0.12477%,7,0.12956%
L3MY6200L,白画面黑斑Mura,20260329,5424,0.13892%,8,0.14749%
L3MY6200M,白画面黑斑Mura,20260414,5396,0.09931%,5,0.09266%
L3MY6200N,白画面黑斑Mura,20260414,5420,0.10377%,6,0.11070%
L3MY6200P,白画面黑斑Mura,20260329,5651,0.17941%,10,0.17696%
L3MY6200Q,白画面黑斑Mura,20260414,5400,0.11970%,6,0.11111%
L3MY6200R,白画面黑斑Mura,20260415,5488,0.14137%,8,0.14577%
L3MY63001,白画面黑斑Mura,20260422,5544,0.12850%,7,0.12626%
L3MY63002,白画面黑斑Mura,20260419,5572,0.11655%,6,0.10768%
L3MY63003,白画面黑斑Mura,20260420,5385,0.13194%,7,0.12999%
L3MY63004,白画面黑斑Mura,20260418,5580,0.11636%,6,0.10753%
L3MY63005,白画面黑斑Mura,20260414,5483,0.11261%,6,0.10943%
L3MY63006,白画面黑斑Mura,20260425,4980,0.15865%,8,0.16064%
L3MY63007,白画面黑斑Mura,20260425,2809,0.14025%,4,0.14240%
L3MY63008,白画面黑斑Mura,20260420,5525,0.15776%,9,0.16290%
L3MY63009,白画面黑斑Mura,20260424,5562,0.19658%,11,0.19777%
L3MY6300A,白画面黑斑Mura,20260420,5582,0.14569%,8,0.14332%
L3MY6300B,白画面黑斑Mura,20260419,5496,0.13045%,7,0.12737%
L3MY6300C,白画面黑斑Mura,20260418,5523,0.13745%,8,0.14485%
L3MY6300E,白画面黑斑Mura,20260426,5583,0.13287%,7,0.12538%
L3MY6300G,白画面黑斑Mura,20260425,5565,0.14671%,8,0.14376%
L3MY6300H,白画面黑斑Mura,20260419,5577,0.12575%,7,0.12552%
L3MY6300K,白画面黑斑Mura,20260421,5586,0.15133%,8,0.14322%
L3MY6300L,白画面黑斑Mura,20260418,5547,0.10212%,6,0.10817%
L3MY6300M,白画面黑斑Mura,20260422,5548,0.16213%,9,0.16222%
L3MY6300N,白画面黑斑Mura,20260419,5595,0.14779%,8,0.14298%
L3MY6300Q,白画面黑斑Mura,20260418,5557,0.12289%,7,0.12597%
L3MY6300R,白画面黑斑Mura,20260414,5519,0.14397%,8,0.14495%
L3MY6300S,白画面黑斑Mura,20260426,5635,0.16652%,9,0.15972%
L3MY6300T,白画面黑斑Mura,20260420,5472,0.13610%,7,0.12792%
L3MY6300U,白画面黑斑Mura,20260421,5409,0.16986%,9,0.16639%
L3MY6300V,白画面黑斑Mura,20260421,5533,0.16497%,9,0.16266%
L3MY6300W,白画面黑斑Mura,20260421,5552,0.14277%,8,0.14409%
L3MY6300X,白画面黑斑Mura,20260423,5499,0.17505%,10,0.18185%
L3MY6300Y,白画面黑斑Mura,20260418,5587,0.13675%,8,0.14319%
L3MY63010,白画面黑斑Mura,20260418,5572,0.12782%,7,0.12563%
L3MY63012,白画面黑斑Mura,20260423,5622,0.16316%,9,0.16009%
L3MY63013,白画面黑斑Mura,20260426,5384,0.13214%,7,0.13001%
L3MY63015,白画面黑斑Mura,20260419,5510,0.14407%,8,0.14519%
L3MY63016,白画面黑斑Mura,20260419,5623,0.16151%,9,0.16006%
L3MY6301A,白画面黑斑Mura,20260421,5497,0.13639%,7,0.12734%
L3MY6301B,白画面黑斑Mura,20260425,5615,0.14326%,8,0.14248%
L3MY6301C,白画面黑斑Mura,20260418,5600,0.11606%,6,0.10714%
L3MY6301D,白画面黑斑Mura,20260421,5532,0.15344%,8,0.14461%
L3MY6301F,白画面黑斑Mura,20260425,5581,0.15920%,9,0.16126%
L3MY6301G,白画面黑斑Mura,20260426,5596,0.13140%,7,0.12509%
L3MY6301J,白画面黑斑Mura,20260425,5613,0.17228%,10,0.17816%
L3MY6301Q,白画面黑斑Mura,20260422,5498,0.15469%,9,0.16370%
L3MY6301S,白画面黑斑Mura,20260426,5638,0.11558%,7,0.12416%
L3MY6301U,白画面黑斑Mura,20260424,5619,0.16000%,9,0.16017%
L3MY6301V,白画面黑斑Mura,20260425,5541,0.13566%,8,0.14438%
L3MY6301X,白画面黑斑Mura,20260422,5535,0.16900%,9,0.16260%
L3MY63029,白画面黑斑Mura,20260425,5616,0.15531%,9,0.16026%
L3MY5C00T,雪花状Mura,20260128,5622,0.00451%,0,0.00000%
L3MY5C00U,雪花状Mura,20260129,5633,0.00312%,0,0.00000%
L3MY5C01S,雪花状Mura,20260210,5438,0.00000%,0,0.00000%
L3MY5C01U,雪花状Mura,20260210,5634,0.00000%,0,0.00000%
L3MY61008,雪花状Mura,20260325,5632,0.00000%,0,0.00000%
L3MY6300F,雪花状Mura,20260421,5479,0.00343%,0,0.00000%
L3MY6300Q,雪花状Mura,20260418,5557,0.00315%,0,0.00000%
L3MY6300U,雪花状Mura,20260421,5409,0.00391%,0,0.00000%
L3MY6300W,雪花状Mura,20260421,5552,0.00401%,0,0.00000%
L3MY63015,雪花状Mura,20260419,5510,0.00000%,0,0.00000%
L3MY6301A,雪花状Mura,20260421,5497,0.00373%,0,0.00000%
L3MY6301D,雪花状Mura,20260421,5532,0.00274%,0,0.00000%
L3MY6301Q,雪花状Mura,20260422,5498,0.00357%,0,0.00000%
L3MY6301X,雪花状Mura,20260422,5535,0.00369%,0,0.00000%
L3MY5C012,青/粉斑Mura,20260211,5658,0.00000%,0,0.00000%
L3MY5C001,B暗点,20260126,5616,0.05522%,3,0.05342%
L3MY5C002,B暗点,20260126,5584,0.05563%,3,0.05372%
L3MY5C003,B暗点,20260125,5656,0.00000%,0,0.00000%
L3MY5C004,B暗点,20260129,5653,0.03704%,2,0.03538%
L3MY5C005,B暗点,20260211,5220,0.05074%,3,0.05747%
L3MY5C006,B暗点,20260127,5657,0.05593%,3,0.05303%
L3MY5C007,B暗点,20260127,5633,0.04397%,2,0.03551%
L3MY5C008,B暗点,20260129,5660,0.03864%,2,0.03534%
L3MY5C009,B暗点,20260126,5635,0.04544%,3,0.05324%
L3MY5C00A,B暗点,20260126,5255,0.04758%,3,0.05709%
L3MY5C00B,B暗点,20260126,5651,0.04951%,3,0.05309%
L3MY5C00C,B暗点,20260126,5630,0.04079%,2,0.03552%
L3MY5C00D,B暗点,20260126,5646,0.04846%,3,0.05313%
L3MY5C00F,B暗点,20260128,5627,0.04226%,2,0.03554%
L3MY5C00G,B暗点,20260128,5650,0.04202%,2,0.03540%
L3MY5C00H,B暗点,20260127,5629,0.04621%,3,0.05330%
L3MY5C00J,B暗点,20260130,5654,0.06118%,3,0.05306%
L3MY5C00K,B暗点,20260127,5643,0.04456%,3,0.05316%
L3MY5C00L,B暗点,20260129,5644,0.05212%,3,0.05315%
L3MY5C00M,B暗点,20260127,5598,0.04275%,2,0.03573%
L3MY5C00N,B暗点,20260128,5657,0.04484%,3,0.05303%
L3MY5C00P,B暗点,20260128,5664,0.03613%,2,0.03531%
L3MY5C00R,B暗点,20260130,5448,0.05413%,3,0.05507%
L3MY5C00S,B暗点,20260130,5624,0.04265%,2,0.03556%
L3MY5C00T,B暗点,20260128,5622,0.04311%,2,0.03557%
L3MY5C00U,B暗点,20260129,5633,0.05287%,3,0.05326%
L3MY5C00V,B暗点,20260129,5622,0.04545%,3,0.05336%
L3MY5C00W,B暗点,20260131,5650,0.05701%,3,0.05310%
L3MY5C00X,B暗点,20260129,5651,0.04051%,2,0.03539%
L3MY5C00Y,B暗点,20260201,5655,0.05055%,3,0.05305%
L3MY5C00Z,B暗点,20260130,5629,0.04885%,3,0.05330%
L3MY5C010,B暗点,20260211,5628,0.03491%,2,0.03554%
L3MY5C011,B暗点,20260211,5544,0.04984%,3,0.05411%
L3MY5C012,B暗点,20260211,5658,0.04793%,3,0.05302%
L3MY5C013,B暗点,20260130,5659,0.04244%,2,0.03534%
L3MY5C014,B暗点,20260204,5637,0.03573%,2,0.03548%
L3MY5C015,B暗点,20260211,5352,0.04862%,3,0.05605%
L3MY5C016,B暗点,20260131,5667,0.04670%,3,0.05294%
L3MY5C017,B暗点,20260205,5663,0.03429%,2,0.03532%
L3MY5C018,B暗点,20260205,5616,0.04012%,2,0.03561%
L3MY5C019,B暗点,20260204,5665,0.04910%,3,0.05296%
L3MY5C01C,B暗点,20260209,5624,0.04318%,2,0.03556%
L3MY5C01D,B暗点,20260212,5643,0.03948%,2,0.03544%
L3MY5C01E,B暗点,20260210,5631,0.03089%,2,0.03552%
L3MY5C01F,B暗点,20260210,5634,0.02749%,2,0.03550%
L3MY5C01G,B暗点,20260210,5637,0.03892%,2,0.03548%
L3MY5C01H,B暗点,20260305,5650,0.03502%,2,0.03540%
L3MY5C01J,B暗点,20260207,5663,0.03836%,2,0.03532%
L3MY5C01K,B暗点,20260209,5610,0.04723%,3,0.05348%
L3MY5C01L,B暗点,20260212,5651,0.04422%,2,0.03539%
L3MY5C01M,B暗点,20260201,5672,0.04508%,3,0.05289%
L3MY5C01N,B暗点,20260210,5656,0.03053%,2,0.03536%
L3MY5C01P,B暗点,20260214,5653,0.00000%,0,0.00000%
L3MY5C01Q,B暗点,20260210,5610,0.03969%,2,0.03565%
L3MY5C01R,B暗点,20260202,5665,0.03751%,2,0.03530%
L3MY5C01S,B暗点,20260210,5438,0.03094%,2,0.03678%
L3MY5C01T,B暗点,20260210,5647,0.02885%,2,0.03542%
L3MY5C01U,B暗点,20260210,5634,0.03716%,2,0.03550%
L3MY5C01V,B暗点,20260211,5646,0.04008%,2,0.03542%
L3MY5C01W,B暗点,20260210,5652,0.03383%,2,0.03539%
L3MY5C01X,B暗点,20260209,5471,0.03881%,2,0.03656%
L3MY5C01Y,B暗点,20260212,5661,0.04193%,2,0.03533%
L3MY5C01Z,B暗点,20260305,5629,0.03646%,2,0.03553%
L3MY5C020,B暗点,20260305,5626,0.03105%,2,0.03555%
L3MY5C022,B暗点,20260304,5655,0.03135%,2,0.03537%
L3MY5C024,B暗点,20260305,5602,0.03494%,2,0.03570%
L3MY5C025,B暗点,20260228,5648,0.13737%,8,0.14164%
L3MY5C026,B暗点,20260227,5664,0.11032%,6,0.10593%
L3MY5C027,B暗点,20260305,5659,0.02548%,1,0.01767%
L3MY5C028,B暗点,20260305,5650,0.02802%,2,0.03540%
L3MY5C029,B暗点,20260306,5636,0.02692%,2,0.03549%
L3MY5C02A,B暗点,20260305,5664,0.03638%,2,0.03531%
L3MY5C02B,B暗点,20260228,5646,0.11840%,7,0.12398%
L3MY5C02C,B暗点,20260228,5652,0.11011%,6,0.10616%
L3MY5C02D,B暗点,20260305,5656,0.03673%,2,0.03536%
L3MY5C02E,B暗点,20260306,5637,0.01908%,1,0.01774%
L3MY5C02F,B暗点,20260305,5651,0.03292%,2,0.03539%
L3MY5C02G,B暗点,20260304,5644,0.02525%,1,0.01772%
L3MY5C02J,B暗点,20260305,5655,0.03246%,2,0.03537%
L3MY5C02K,B暗点,20260305,5646,0.02952%,2,0.03542%
L3MY5C02L,B暗点,20260304,5644,0.02852%,2,0.03544%
L3MY5C02M,B暗点,20260305,5635,0.03589%,2,0.03549%
L3MY5C02N,B暗点,20260228,5648,0.15001%,8,0.14164%
L3MY5C02P,B暗点,20260403,5632,0.09905%,6,0.10653%
L3MY5C02Q,B暗点,20260305,5655,0.02779%,2,0.03537%
L3MY5C02R,B暗点,20260303,5657,0.03911%,2,0.03535%
L3MY5C02S,B暗点,20260304,5650,0.02345%,1,0.01770%
L3MY61001,B暗点,20260324,5598,0.08569%,5,0.08932%
L3MY61002,B暗点,20260324,5630,0.09010%,5,0.08881%
L3MY61003,B暗点,20260324,5484,0.10271%,6,0.10941%
L3MY61004,B暗点,20260324,5629,0.07670%,4,0.07106%
L3MY61005,B暗点,20260324,5653,0.07647%,4,0.07076%
L3MY61006,B暗点,20260324,5627,0.10454%,6,0.10663%
L3MY61007,B暗点,20260324,5257,0.10176%,5,0.09511%
L3MY61008,B暗点,20260325,5632,0.10692%,6,0.10653%
L3MY6100B,B暗点,20260323,5498,0.10701%,6,0.10913%
L3MY6100C,B暗点,20260325,5653,0.12546%,7,0.12383%
L3MY6100D,B暗点,20260324,5455,0.09523%,5,0.09166%
L3MY6100F,B暗点,20260324,5633,0.07267%,4,0.07101%
L3MY6100G,B暗点,20260325,5651,0.11587%,7,0.12387%
L3MY6100H,B暗点,20260323,5661,0.10442%,6,0.10599%
L3MY6100J,B暗点,20260324,5597,0.09083%,5,0.08933%
L3MY62001,B暗点,20260325,5641,0.12322%,7,0.12409%
L3MY62002,B暗点,20260415,5350,0.04249%,2,0.03738%
L3MY62004,B暗点,20260325,5259,0.11325%,6,0.11409%
L3MY62005,B暗点,20260325,5627,0.10257%,6,0.10663%
L3MY62006,B暗点,20260326,5542,0.11748%,7,0.12631%
L3MY62007,B暗点,20260325,5607,0.08580%,5,0.08917%
L3MY62008,B暗点,20260326,5629,0.09223%,5,0.08883%
L3MY6200A,B暗点,20260414,5414,0.03089%,2,0.03694%
L3MY6200C,B暗点,20260326,5624,0.09467%,5,0.08890%
L3MY6200D,B暗点,20260325,5543,0.08854%,5,0.09020%
L3MY6200F,B暗点,20260329,5459,0.12842%,7,0.12823%
L3MY6200G,B暗点,20260414,5437,0.03873%,2,0.03678%
L3MY6200J,B暗点,20260325,5646,0.09520%,5,0.08856%
L3MY6200L,B暗点,20260329,5424,0.09179%,5,0.09218%
L3MY6200M,B暗点,20260414,5396,0.04327%,2,0.03706%
L3MY6200N,B暗点,20260414,5420,0.04433%,2,0.03690%
L3MY6200Q,B暗点,20260414,5400,0.04211%,2,0.03704%
L3MY63001,B暗点,20260422,5544,0.03743%,2,0.03608%
L3MY63002,B暗点,20260419,5572,0.04585%,3,0.05384%
L3MY63003,B暗点,20260420,5385,0.04170%,2,0.03714%
L3MY63006,B暗点,20260425,4980,0.03870%,2,0.04016%
L3MY63008,B暗点,20260420,5525,0.05073%,3,0.05430%
L3MY6300A,B暗点,20260420,5582,0.04785%,3,0.05374%
L3MY6300C,B暗点,20260418,5523,0.03723%,2,0.03621%
L3MY6300E,B暗点,20260426,5583,0.03295%,2,0.03582%
L3MY6300F,B暗点,20260421,5479,0.04313%,2,0.03650%
L3MY6300G,B暗点,20260425,5565,0.04120%,2,0.03594%
L3MY6300H,B暗点,20260419,5577,0.03773%,2,0.03586%
L3MY6300J,B暗点,20260421,5495,0.03730%,2,0.03640%
L3MY6300L,B暗点,20260418,5547,0.04085%,2,0.03606%
L3MY6300M,B暗点,20260422,5548,0.03767%,2,0.03605%
L3MY6300N,B暗点,20260419,5595,0.04096%,2,0.03575%
L3MY6300Q,B暗点,20260418,5557,0.03865%,2,0.03599%
L3MY6300S,B暗点,20260426,5635,0.03019%,2,0.03549%
L3MY6300U,B暗点,20260421,5409,0.03316%,2,0.03698%
L3MY6300V,B暗点,20260421,5533,0.04650%,3,0.05422%
L3MY6300Y,B暗点,20260418,5587,0.03883%,2,0.03580%
L3MY63010,B暗点,20260418,5572,0.03626%,2,0.03589%
L3MY63013,B暗点,20260426,5384,0.03031%,2,0.03715%
L3MY63014,B暗点,20260425,5433,0.03443%,2,0.03681%
L3MY63016,B暗点,20260419,5623,0.04226%,2,0.03557%
L3MY6301B,B暗点,20260425,5615,0.04340%,2,0.03562%
L3MY6301D,B暗点,20260421,5532,0.04619%,3,0.05423%
L3MY6301G,B暗点,20260426,5596,0.03907%,2,0.03574%
L3MY6301Q,B暗点,20260422,5498,0.03679%,2,0.03638%
L3MY6301S,B暗点,20260426,5638,0.03086%,2,0.03547%
L3MY6301U,B暗点,20260424,5619,0.03725%,2,0.03559%
L3MY63029,B暗点,20260425,5616,0.04352%,2,0.03561%
L3MY5C004,HBM亮点,20260129,5653,0.00844%,0,0.00000%
L3MY5C009,HBM亮点,20260126,5635,0.00440%,0,0.00000%
L3MY5C00A,HBM亮点,20260126,5255,0.00418%,0,0.00000%
L3MY5C00D,HBM亮点,20260126,5646,0.00460%,0,0.00000%
L3MY5C00J,HBM亮点,20260130,5654,0.01143%,1,0.01769%
L3MY5C00Q,HBM亮点,20260128,5651,0.00436%,0,0.00000%
L3MY5C00R,HBM亮点,20260130,5448,0.01140%,1,0.01836%
L3MY5C00S,HBM亮点,20260130,5624,0.01061%,1,0.01778%
L3MY5C00W,HBM亮点,20260131,5650,0.01210%,1,0.01770%
L3MY5C00X,HBM亮点,20260129,5651,0.00839%,0,0.00000%
L3MY5C00Y,HBM亮点,20260201,5655,0.00000%,0,0.00000%
L3MY5C00Z,HBM亮点,20260130,5629,0.01055%,1,0.01777%
L3MY5C010,HBM亮点,20260211,5628,0.00478%,0,0.00000%
L3MY5C013,HBM亮点,20260130,5659,0.01036%,1,0.01767%
L3MY5C016,HBM亮点,20260131,5667,0.01396%,1,0.01765%
L3MY5C01M,HBM亮点,20260201,5672,0.00000%,0,0.00000%
L3MY5C024,HBM亮点,20260305,5602,0.01222%,1,0.01785%
L3MY5C025,HBM亮点,20260228,5648,0.00403%,0,0.00000%
L3MY5C029,HBM亮点,20260306,5636,0.01409%,1,0.01774%
L3MY5C02C,HBM亮点,20260228,5652,0.00485%,0,0.00000%
L3MY5C02F,HBM亮点,20260305,5651,0.01294%,1,0.01770%
L3MY5C02G,HBM亮点,20260304,5644,0.00452%,0,0.00000%
L3MY5C02H,HBM亮点,20260304,5621,0.00433%,0,0.00000%
L3MY5C02J,HBM亮点,20260305,5655,0.01578%,1,0.01768%
L3MY5C02K,HBM亮点,20260305,5646,0.01085%,1,0.01771%
L3MY5C02M,HBM亮点,20260305,5635,0.01530%,1,0.01775%
L3MY5C02Q,HBM亮点,20260305,5655,0.01568%,1,0.01768%
L3MY5C02S,HBM亮点,20260304,5650,0.00531%,0,0.00000%
L3MY62004,HBM亮点,20260325,5259,0.00944%,0,0.00000%
L3MY62006,HBM亮点,20260326,5542,0.00885%,0,0.00000%
L3MY6200B,HBM亮点,20260415,5427,0.00570%,0,0.00000%
L3MY63002,HBM亮点,20260419,5572,0.00539%,0,0.00000%
L3MY6300B,HBM亮点,20260419,5496,0.00613%,0,0.00000%
L3MY6300E,HBM亮点,20260426,5583,0.00985%,1,0.01791%
L3MY6300F,HBM亮点,20260421,5479,0.00699%,0,0.00000%
L3MY6300H,HBM亮点,20260419,5577,0.00616%,0,0.00000%
L3MY6300S,HBM亮点,20260426,5635,0.00820%,0,0.00000%
L3MY6300T,HBM亮点,20260420,5472,0.00591%,0,0.00000%
L3MY6300Y,HBM亮点,20260418,5587,0.00613%,0,0.00000%
L3MY63016,HBM亮点,20260419,5623,0.00656%,0,0.00000%
L3MY5C001,L3亮点,20260126,5616,0.00498%,0,0.00000%
L3MY5C004,L3亮点,20260129,5653,0.00729%,0,0.00000%
L3MY5C008,L3亮点,20260129,5660,0.00659%,0,0.00000%
L3MY5C00B,L3亮点,20260126,5651,0.00406%,0,0.00000%
L3MY5C00E,L3亮点,20260126,5617,0.00483%,0,0.00000%
L3MY5C00H,L3亮点,20260127,5629,0.00331%,0,0.00000%
L3MY5C00L,L3亮点,20260129,5644,0.00790%,0,0.00000%
L3MY5C00M,L3亮点,20260127,5598,0.00424%,0,0.00000%
L3MY5C00N,L3亮点,20260128,5657,0.00360%,0,0.00000%
L3MY5C00S,L3亮点,20260130,5624,0.00504%,0,0.00000%
L3MY5C00V,L3亮点,20260129,5622,0.00575%,0,0.00000%
L3MY5C00X,L3亮点,20260129,5651,0.00845%,0,0.00000%
L3MY5C016,L3亮点,20260131,5667,0.01371%,1,0.01765%
L3MY5C019,L3亮点,20260204,5665,0.00954%,1,0.01765%
L3MY5C01C,L3亮点,20260209,5624,0.00917%,1,0.01778%
L3MY5C01T,L3亮点,20260210,5647,0.00806%,0,0.00000%
L3MY5C01Y,L3亮点,20260212,5661,0.00860%,0,0.00000%
L3MY5C020,L3亮点,20260305,5626,0.00437%,0,0.00000%
L3MY5C027,L3亮点,20260305,5659,0.00475%,0,0.00000%
L3MY5C028,L3亮点,20260305,5650,0.00467%,0,0.00000%
L3MY5C029,L3亮点,20260306,5636,0.00000%,0,0.00000%
L3MY5C02A,L3亮点,20260305,5664,0.00408%,0,0.00000%
L3MY5C02B,L3亮点,20260228,5646,0.00507%,0,0.00000%
L3MY5C02G,L3亮点,20260304,5644,0.00431%,0,0.00000%
L3MY5C02J,L3亮点,20260305,5655,0.00405%,0,0.00000%
L3MY5C02K,L3亮点,20260305,5646,0.00420%,0,0.00000%
L3MY5C02M,L3亮点,20260305,5635,0.00461%,0,0.00000%
L3MY5C02N,L3亮点,20260228,5648,0.00434%,0,0.00000%
L3MY5C02P,L3亮点,20260403,5632,0.00000%,0,0.00000%
L3MY5C02Q,L3亮点,20260305,5655,0.00484%,0,0.00000%
L3MY5C02S,L3亮点,20260304,5650,0.00529%,0,0.00000%
L3MY61003,L3亮点,20260324,5484,0.00430%,0,0.00000%
L3MY61004,L3亮点,20260324,5629,0.00373%,0,0.00000%
L3MY61005,L3亮点,20260324,5653,0.00500%,0,0.00000%
L3MY61007,L3亮点,20260324,5257,0.00526%,0,0.00000%
L3MY6100J,L3亮点,20260324,5597,0.00498%,0,0.00000%
L3MY62004,L3亮点,20260325,5259,0.00548%,0,0.00000%
L3MY6200C,L3亮点,20260326,5624,0.00978%,1,0.01778%
L3MY6200L,L3亮点,20260329,5424,0.01810%,1,0.01844%
L3MY6300A,L3亮点,20260420,5582,0.00758%,0,0.00000%
L3MY6300M,L3亮点,20260422,5548,0.00416%,0,0.00000%
L3MY5C00G,RGB亮点,20260128,5650,0.00000%,0,0.00000%
L3MY5C00Q,RGB亮点,20260128,5651,0.00000%,0,0.00000%
L3MY5C00V,RGB亮点,20260129,5622,0.00000%,0,0.00000%
L3MY5C00Y,RGB亮点,20260201,5655,0.00000%,0,0.00000%
L3MY5C01D,RGB亮点,20260212,5643,0.00000%,0,0.00000%
L3MY5C01H,RGB亮点,20260305,5650,0.00000%,0,0.00000%
L3MY5C01M,RGB亮点,20260201,5672,0.00000%,0,0.00000%
L3MY5C029,RGB亮点,20260306,5636,0.00000%,0,0.00000%
L3MY5C02P,RGB亮点,20260403,5632,0.00000%,0,0.00000%
L3MY61009,RGB亮点,20260323,5617,0.00000%,0,0.00000%
L3MY62001,RGB亮点,20260325,5641,0.00000%,0,0.00000%
L3MY62005,RGB亮点,20260325,5627,0.00000%,0,0.00000%
L3MY5C001,单亮点,20260126,5616,0.01927%,1,0.01781%
L3MY5C002,单亮点,20260126,5584,0.02159%,1,0.01791%
L3MY5C003,单亮点,20260125,5656,0.02321%,1,0.01768%
L3MY5C004,单亮点,20260129,5653,0.02680%,2,0.03538%
L3MY5C005,单亮点,20260211,5220,0.02173%,1,0.01916%
L3MY5C006,单亮点,20260127,5657,0.02727%,2,0.03535%
L3MY5C007,单亮点,20260127,5633,0.02600%,1,0.01775%
L3MY5C008,单亮点,20260129,5660,0.03266%,2,0.03534%
L3MY5C009,单亮点,20260126,5635,0.02645%,1,0.01775%
L3MY5C00A,单亮点,20260126,5255,0.01999%,1,0.01903%
L3MY5C00B,单亮点,20260126,5651,0.02380%,1,0.01770%
L3MY5C00C,单亮点,20260126,5630,0.02366%,1,0.01776%
L3MY5C00D,单亮点,20260126,5646,0.02014%,1,0.01771%
L3MY5C00E,单亮点,20260126,5617,0.02364%,1,0.01780%
L3MY5C00G,单亮点,20260128,5650,0.02237%,1,0.01770%
L3MY5C00J,单亮点,20260130,5654,0.02456%,1,0.01769%
L3MY5C00K,单亮点,20260127,5643,0.02415%,1,0.01772%
L3MY5C00L,单亮点,20260129,5644,0.02288%,1,0.01772%
L3MY5C00M,单亮点,20260127,5598,0.03152%,2,0.03573%
L3MY5C00N,单亮点,20260128,5657,0.02974%,2,0.03535%
L3MY5C00P,单亮点,20260128,5664,0.02728%,2,0.03531%
L3MY5C00Q,单亮点,20260128,5651,0.02321%,1,0.01770%
L3MY5C00R,单亮点,20260130,5448,0.01767%,1,0.01836%
L3MY5C00S,单亮点,20260130,5624,0.02358%,1,0.01778%
L3MY5C00T,单亮点,20260128,5622,0.02996%,2,0.03557%
L3MY5C00U,单亮点,20260129,5633,0.03142%,2,0.03551%
L3MY5C00V,单亮点,20260129,5622,0.02641%,1,0.01779%
L3MY5C00W,单亮点,20260131,5650,0.02676%,2,0.03540%
L3MY5C00X,单亮点,20260129,5651,0.02665%,2,0.03539%
L3MY5C00Y,单亮点,20260201,5655,0.00928%,1,0.01768%
L3MY5C00Z,单亮点,20260130,5629,0.02097%,1,0.01777%
L3MY5C011,单亮点,20260211,5544,0.02500%,1,0.01804%
L3MY5C012,单亮点,20260211,5658,0.02812%,2,0.03535%
L3MY5C013,单亮点,20260130,5659,0.02326%,1,0.01767%
L3MY5C014,单亮点,20260204,5637,0.02486%,1,0.01774%
L3MY5C015,单亮点,20260211,5352,0.02511%,1,0.01868%
L3MY5C016,单亮点,20260131,5667,0.02892%,2,0.03529%
L3MY5C018,单亮点,20260205,5616,0.02569%,1,0.01781%
L3MY5C019,单亮点,20260204,5665,0.02090%,1,0.01765%
L3MY5C01B,单亮点,20260207,5634,0.02370%,1,0.01775%
L3MY5C01C,单亮点,20260209,5624,0.02875%,2,0.03556%
L3MY5C01D,单亮点,20260212,5643,0.02081%,1,0.01772%
L3MY5C01F,单亮点,20260210,5634,0.02234%,1,0.01775%
L3MY5C01G,单亮点,20260210,5637,0.02944%,2,0.03548%
L3MY5C01H,单亮点,20260305,5650,0.01606%,1,0.01770%
L3MY5C01J,单亮点,20260207,5663,0.02896%,2,0.03532%
L3MY5C01K,单亮点,20260209,5610,0.02414%,1,0.01783%
L3MY5C01L,单亮点,20260212,5651,0.02413%,1,0.01770%
L3MY5C01M,单亮点,20260201,5672,0.01066%,1,0.01763%
L3MY5C01N,单亮点,20260210,5656,0.02655%,2,0.03536%
L3MY5C01P,单亮点,20260214,5653,0.00000%,0,0.00000%
L3MY5C01Q,单亮点,20260210,5610,0.02778%,2,0.03565%
L3MY5C01R,单亮点,20260202,5665,0.02448%,1,0.01765%
L3MY5C01S,单亮点,20260210,5438,0.02513%,1,0.01839%
L3MY5C01T,单亮点,20260210,5647,0.02741%,2,0.03542%
L3MY5C01U,单亮点,20260210,5634,0.02129%,1,0.01775%
L3MY5C01V,单亮点,20260211,5646,0.02396%,1,0.01771%
L3MY5C01X,单亮点,20260209,5471,0.02709%,1,0.01828%
L3MY5C01Y,单亮点,20260212,5661,0.02440%,1,0.01766%
L3MY5C01Z,单亮点,20260305,5629,0.01810%,1,0.01777%
L3MY5C020,单亮点,20260305,5626,0.01425%,1,0.01777%
L3MY5C021,单亮点,20260227,5630,0.02177%,1,0.01776%
L3MY5C022,单亮点,20260304,5655,0.02681%,2,0.03537%
L3MY5C023,单亮点,20260228,5651,0.02792%,2,0.03539%
L3MY5C024,单亮点,20260305,5602,0.01833%,1,0.01785%
L3MY5C025,单亮点,20260228,5648,0.02439%,1,0.01771%
L3MY5C026,单亮点,20260227,5664,0.02015%,1,0.01766%
L3MY5C027,单亮点,20260305,5659,0.01839%,1,0.01767%
L3MY5C028,单亮点,20260305,5650,0.01667%,1,0.01770%
L3MY5C029,单亮点,20260306,5636,0.02634%,1,0.01774%
L3MY5C02A,单亮点,20260305,5664,0.01908%,1,0.01766%
L3MY5C02B,单亮点,20260228,5646,0.02625%,1,0.01771%
L3MY5C02C,单亮点,20260228,5652,0.02998%,2,0.03539%
L3MY5C02D,单亮点,20260305,5656,0.01447%,1,0.01768%
L3MY5C02G,单亮点,20260304,5644,0.02459%,1,0.01772%
L3MY5C02H,单亮点,20260304,5621,0.02020%,1,0.01779%
L3MY5C02J,单亮点,20260305,5655,0.01684%,1,0.01768%
L3MY5C02K,单亮点,20260305,5646,0.01832%,1,0.01771%
L3MY5C02L,单亮点,20260304,5644,0.02091%,1,0.01772%
L3MY5C02M,单亮点,20260305,5635,0.01623%,1,0.01775%
L3MY5C02N,单亮点,20260228,5648,0.02278%,1,0.01771%
L3MY5C02P,单亮点,20260403,5632,0.00000%,0,0.00000%
L3MY5C02Q,单亮点,20260305,5655,0.01693%,1,0.01768%
L3MY5C02R,单亮点,20260303,5657,0.00000%,0,0.00000%
L3MY61001,单亮点,20260324,5598,0.02657%,1,0.01786%
L3MY61002,单亮点,20260324,5630,0.02403%,1,0.01776%
L3MY61003,单亮点,20260324,5484,0.02378%,1,0.01823%
L3MY61005,单亮点,20260324,5653,0.02092%,1,0.01769%
L3MY61007,单亮点,20260324,5257,0.02102%,1,0.01902%
L3MY61008,单亮点,20260325,5632,0.02318%,1,0.01776%
L3MY6100A,单亮点,20260322,5641,0.02334%,1,0.01773%
L3MY6100B,单亮点,20260323,5498,0.02421%,1,0.01819%
L3MY6100G,单亮点,20260325,5651,0.02494%,1,0.01770%
L3MY6100H,单亮点,20260323,5661,0.01997%,1,0.01766%
L3MY6100J,单亮点,20260324,5597,0.02241%,1,0.01787%
L3MY62001,单亮点,20260325,5641,0.02606%,1,0.01773%
L3MY62004,单亮点,20260325,5259,0.02463%,1,0.01902%
L3MY6200A,单亮点,20260414,5414,0.03322%,2,0.03694%
L3MY6200C,单亮点,20260326,5624,0.03332%,2,0.03556%
L3MY6200J,单亮点,20260325,5646,0.01948%,1,0.01771%
L3MY6200L,单亮点,20260329,5424,0.01708%,1,0.01844%
L3MY5C004,可修复暗点,20260129,5653,0.02029%,1,0.01769%
L3MY5C005,可修复暗点,20260211,5220,0.01672%,1,0.01916%
L3MY5C00A,可修复暗点,20260126,5255,0.01809%,1,0.01903%
L3MY5C00D,可修复暗点,20260126,5646,0.01634%,1,0.01771%
L3MY5C00F,可修复暗点,20260128,5627,0.01506%,1,0.01777%
L3MY5C00H,可修复暗点,20260127,5629,0.01620%,1,0.01777%
L3MY5C00K,可修复暗点,20260127,5643,0.01753%,1,0.01772%
L3MY5C00M,可修复暗点,20260127,5598,0.01547%,1,0.01786%
L3MY5C00Q,可修复暗点,20260128,5651,0.01310%,1,0.01770%
L3MY5C00T,可修复暗点,20260128,5622,0.01596%,1,0.01779%
L3MY5C00U,可修复暗点,20260129,5633,0.01812%,1,0.01775%
L3MY5C00W,可修复暗点,20260131,5650,0.01088%,1,0.01770%
L3MY5C012,可修复暗点,20260211,5658,0.01846%,1,0.01767%
L3MY5C014,可修复暗点,20260204,5637,0.01959%,1,0.01774%
L3MY5C015,可修复暗点,20260211,5352,0.01773%,1,0.01868%
L3MY5C016,可修复暗点,20260131,5667,0.01538%,1,0.01765%
L3MY5C017,可修复暗点,20260205,5663,0.02194%,1,0.01766%
L3MY5C018,可修复暗点,20260205,5616,0.01578%,1,0.01781%
L3MY5C019,可修复暗点,20260204,5665,0.01852%,1,0.01765%
L3MY5C01A,可修复暗点,20260211,5648,0.01761%,1,0.01771%
L3MY5C01B,可修复暗点,20260207,5634,0.01565%,1,0.01775%
L3MY5C01C,可修复暗点,20260209,5624,0.01590%,1,0.01778%
L3MY5C01D,可修复暗点,20260212,5643,0.01831%,1,0.01772%
L3MY5C01F,可修复暗点,20260210,5634,0.01635%,1,0.01775%
L3MY5C01G,可修复暗点,20260210,5637,0.01893%,1,0.01774%
L3MY5C01J,可修复暗点,20260207,5663,0.01533%,1,0.01766%
L3MY5C01N,可修复暗点,20260210,5656,0.01352%,1,0.01768%
L3MY5C01P,可修复暗点,20260214,5653,0.00000%,0,0.00000%
L3MY5C01Q,可修复暗点,20260210,5610,0.01615%,1,0.01783%
L3MY5C01S,可修复暗点,20260210,5438,0.01825%,1,0.01839%
L3MY5C01T,可修复暗点,20260210,5647,0.01653%,1,0.01771%
L3MY5C01V,可修复暗点,20260211,5646,0.01864%,1,0.01771%
L3MY5C01X,可修复暗点,20260209,5471,0.01656%,1,0.01828%
L3MY5C01Z,可修复暗点,20260305,5629,0.01898%,1,0.01777%
L3MY5C020,可修复暗点,20260305,5626,0.01885%,1,0.01777%
L3MY5C021,可修复暗点,20260227,5630,0.02290%,1,0.01776%
L3MY5C022,可修复暗点,20260304,5655,0.01174%,1,0.01768%
L3MY5C023,可修复暗点,20260228,5651,0.01941%,1,0.01770%
L3MY5C024,可修复暗点,20260305,5602,0.01594%,1,0.01785%
L3MY5C026,可修复暗点,20260227,5664,0.01750%,1,0.01766%
L3MY5C027,可修复暗点,20260305,5659,0.01765%,1,0.01767%
L3MY5C028,可修复暗点,20260305,5650,0.02117%,1,0.01770%
L3MY5C029,可修复暗点,20260306,5636,0.02717%,2,0.03549%
L3MY5C02A,可修复暗点,20260305,5664,0.01830%,1,0.01766%
L3MY5C02B,可修复暗点,20260228,5646,0.01538%,1,0.01771%
L3MY5C02C,可修复暗点,20260228,5652,0.02049%,1,0.01769%
L3MY5C02D,可修复暗点,20260305,5656,0.02095%,1,0.01768%
L3MY5C02E,可修复暗点,20260306,5637,0.02388%,1,0.01774%
L3MY5C02F,可修复暗点,20260305,5651,0.01847%,1,0.01770%
L3MY5C02H,可修复暗点,20260304,5621,0.01512%,1,0.01779%
L3MY5C02J,可修复暗点,20260305,5655,0.01584%,1,0.01768%
L3MY5C02N,可修复暗点,20260228,5648,0.02014%,1,0.01771%
L3MY5C02Q,可修复暗点,20260305,5655,0.01836%,1,0.01768%
L3MY5C02R,可修复暗点,20260303,5657,0.00000%,0,0.00000%
L3MY5C02S,可修复暗点,20260304,5650,0.01322%,1,0.01770%
L3MY61001,可修复暗点,20260324,5598,0.01788%,1,0.01786%
L3MY61004,可修复暗点,20260324,5629,0.01430%,1,0.01777%
L3MY61005,可修复暗点,20260324,5653,0.02092%,1,0.01769%
L3MY61008,可修复暗点,20260325,5632,0.01482%,1,0.01776%
L3MY6100A,可修复暗点,20260322,5641,0.02158%,1,0.01773%
L3MY6100B,可修复暗点,20260323,5498,0.01964%,1,0.01819%
L3MY6100C,可修复暗点,20260325,5653,0.01592%,1,0.01769%
L3MY6100D,可修复暗点,20260324,5455,0.01905%,1,0.01833%
L3MY6100F,可修复暗点,20260324,5633,0.02080%,1,0.01775%
L3MY6100J,可修复暗点,20260324,5597,0.01665%,1,0.01787%
L3MY62004,可修复暗点,20260325,5259,0.01693%,1,0.01902%
L3MY62006,可修复暗点,20260326,5542,0.02305%,1,0.01804%
L3MY6200D,可修复暗点,20260325,5543,0.01651%,1,0.01804%
L3MY5C004,大面积亮点,20260129,5653,0.01127%,1,0.01769%
L3MY5C008,大面积亮点,20260129,5660,0.01023%,1,0.01767%
L3MY5C00E,大面积亮点,20260126,5617,0.00817%,0,0.00000%
L3MY5C00R,大面积亮点,20260130,5448,0.01188%,1,0.01836%
L3MY5C00S,大面积亮点,20260130,5624,0.00923%,1,0.01778%
L3MY5C00X,大面积亮点,20260129,5651,0.01004%,1,0.01770%
L3MY5C012,大面积亮点,20260211,5658,0.00934%,1,0.01767%
L3MY5C01A,大面积亮点,20260211,5648,0.00793%,0,0.00000%
L3MY5C01E,大面积亮点,20260210,5631,0.00854%,0,0.00000%
L3MY5C01M,大面积亮点,20260201,5672,0.00724%,0,0.00000%
L3MY5C01R,大面积亮点,20260202,5665,0.00633%,0,0.00000%
L3MY5C01S,大面积亮点,20260210,5438,0.00755%,0,0.00000%
L3MY5C01T,大面积亮点,20260210,5647,0.00799%,0,0.00000%
L3MY5C01U,大面积亮点,20260210,5634,0.00969%,1,0.01775%
L3MY5C01X,大面积亮点,20260209,5471,0.00946%,1,0.01828%
L3MY5C01Z,大面积亮点,20260305,5629,0.00932%,1,0.01777%
L3MY5C023,大面积亮点,20260228,5651,0.00979%,1,0.01770%
L3MY5C028,大面积亮点,20260305,5650,0.00739%,0,0.00000%
L3MY5C029,大面积亮点,20260306,5636,0.01123%,1,0.01774%
L3MY5C02D,大面积亮点,20260305,5656,0.00938%,1,0.01768%
L3MY5C02J,大面积亮点,20260305,5655,0.01056%,1,0.01768%
L3MY5C02M,大面积亮点,20260305,5635,0.00740%,0,0.00000%
L3MY5C02S,大面积亮点,20260304,5650,0.01063%,1,0.01770%
L3MY61001,大面积亮点,20260324,5598,0.01668%,1,0.01786%
L3MY61002,大面积亮点,20260324,5630,0.01575%,1,0.01776%
L3MY61004,大面积亮点,20260324,5629,0.01962%,1,0.01777%
L3MY61005,大面积亮点,20260324,5653,0.01455%,1,0.01769%
L3MY6100A,大面积亮点,20260322,5641,0.01383%,1,0.01773%
L3MY6100F,大面积亮点,20260324,5633,0.01814%,1,0.01775%
L3MY6100H,大面积亮点,20260323,5661,0.01503%,1,0.01766%
L3MY6200H,大面积亮点,20260414,5409,0.00762%,0,0.00000%
L3MY63007,大面积亮点,20260425,2809,0.01331%,0,0.00000%
L3MY6300A,大面积亮点,20260420,5582,0.00994%,1,0.01791%
L3MY6300G,大面积亮点,20260425,5565,0.01167%,1,0.01797%
L3MY6300M,大面积亮点,20260422,5548,0.00605%,0,0.00000%
L3MY6300T,大面积亮点,20260420,5472,0.00825%,0,0.00000%
L3MY6300X,大面积亮点,20260423,5499,0.01076%,1,0.01819%
L3MY6301C,大面积亮点,20260418,5600,0.01008%,1,0.01786%
L3MY6301H,大面积亮点,20260422,5546,0.00745%,0,0.00000%
L3MY6301J,大面积亮点,20260425,5613,0.01265%,1,0.01782%
L3MY5C00G,微亮点,20260128,5650,0.00000%,0,0.00000%
L3MY5C00L,微亮点,20260129,5644,0.00000%,0,0.00000%
L3MY5C00M,微亮点,20260127,5598,0.00000%,0,0.00000%
L3MY5C012,微亮点,20260211,5658,0.00000%,0,0.00000%
L3MY5C024,微亮点,20260305,5602,0.00000%,0,0.00000%
L3MY5C02M,微亮点,20260305,5635,0.00000%,0,0.00000%
L3MY61003,微亮点,20260324,5484,0.00000%,0,0.00000%
L3MY61006,微亮点,20260324,5627,0.00000%,0,0.00000%
L3MY62004,微亮点,20260325,5259,0.00000%,0,0.00000%
L3MY6200B,微亮点,20260415,5427,0.00000%,0,0.00000%
L3MY6200K,微亮点,20260414,5403,0.00000%,0,0.00000%
L3MY6200L,微亮点,20260329,5424,0.00000%,0,0.00000%
L3MY63004,微亮点,20260418,5580,0.00000%,0,0.00000%
L3MY63005,微亮点,20260414,5483,0.00000%,0,0.00000%
L3MY6300B,微亮点,20260419,5496,0.00000%,0,0.00000%
L3MY6300C,微亮点,20260418,5523,0.00000%,0,0.00000%
L3MY5C001,微暗点,20260126,5616,0.00000%,0,0.00000%
L3MY5C008,微暗点,20260129,5660,0.00342%,0,0.00000%
L3MY5C00A,微暗点,20260126,5255,0.00000%,0,0.00000%
L3MY5C00H,微暗点,20260127,5629,0.00000%,0,0.00000%
L3MY5C00J,微暗点,20260130,5654,0.00000%,0,0.00000%
L3MY5C00K,微暗点,20260127,5643,0.00000%,0,0.00000%
L3MY5C00R,微暗点,20260130,5448,0.00000%,0,0.00000%
L3MY5C01E,微暗点,20260210,5631,0.00000%,0,0.00000%
L3MY5C023,微暗点,20260228,5651,0.00000%,0,0.00000%
L3MY5C027,微暗点,20260305,5659,0.00000%,0,0.00000%
L3MY61001,微暗点,20260324,5598,0.00000%,0,0.00000%
L3MY61002,微暗点,20260324,5630,0.00000%,0,0.00000%
L3MY6100D,微暗点,20260324,5455,0.00000%,0,0.00000%
L3MY62006,微暗点,20260326,5542,0.00000%,0,0.00000%
L3MY6200J,微暗点,20260325,5646,0.00000%,0,0.00000%
L3MY6300X,微暗点,20260423,5499,0.00000%,0,0.00000%
L3MY5C001,暗点,20260126,5616,0.17003%,10,0.17806%
L3MY5C002,暗点,20260126,5584,0.15602%,9,0.16117%
L3MY5C003,暗点,20260125,5656,0.00000%,0,0.00000%
L3MY5C004,暗点,20260129,5653,0.22532%,13,0.22997%
L3MY5C005,暗点,20260211,5220,0.14837%,8,0.15326%
L3MY5C006,暗点,20260127,5657,0.21884%,12,0.21213%
L3MY5C007,暗点,20260127,5633,0.17069%,10,0.17753%
L3MY5C008,暗点,20260129,5660,0.23864%,14,0.24735%
L3MY5C009,暗点,20260126,5635,0.20390%,11,0.19521%
L3MY5C00A,暗点,20260126,5255,0.21918%,12,0.22835%
L3MY5C00B,暗点,20260126,5651,0.16498%,9,0.15926%
L3MY5C00C,暗点,20260126,5630,0.17029%,10,0.17762%
L3MY5C00D,暗点,20260126,5646,0.14957%,8,0.14169%
L3MY5C00E,暗点,20260126,5617,0.16793%,9,0.16023%
L3MY5C00F,暗点,20260128,5627,0.19741%,11,0.19549%
L3MY5C00G,暗点,20260128,5650,0.24413%,14,0.24779%
L3MY5C00H,暗点,20260127,5629,0.16553%,9,0.15989%
L3MY5C00J,暗点,20260130,5654,0.21504%,12,0.21224%
L3MY5C00K,暗点,20260127,5643,0.22451%,13,0.23037%
L3MY5C00L,暗点,20260129,5644,0.24346%,14,0.24805%
L3MY5C00M,暗点,20260127,5598,0.22232%,12,0.21436%
L3MY5C00N,暗点,20260128,5657,0.26415%,15,0.26516%
L3MY5C00P,暗点,20260128,5664,0.20366%,12,0.21186%
L3MY5C00Q,暗点,20260128,5651,0.22491%,13,0.23005%
L3MY5C00R,暗点,20260130,5448,0.18458%,10,0.18355%
L3MY5C00S,暗点,20260130,5624,0.16275%,9,0.16003%
L3MY5C00T,暗点,20260128,5622,0.23918%,13,0.23123%
L3MY5C00U,暗点,20260129,5633,0.21815%,12,0.21303%
L3MY5C00V,暗点,20260129,5622,0.16844%,9,0.16009%
L3MY5C00W,暗点,20260131,5650,0.18616%,11,0.19469%
L3MY5C00X,暗点,20260129,5651,0.22488%,13,0.23005%
L3MY5C00Y,暗点,20260201,5655,0.22401%,13,0.22989%
L3MY5C00Z,暗点,20260130,5629,0.21763%,12,0.21318%
L3MY5C010,暗点,20260211,5628,0.18261%,10,0.17768%
L3MY5C011,暗点,20260211,5544,0.15835%,9,0.16234%
L3MY5C012,暗点,20260211,5658,0.21021%,12,0.21209%
L3MY5C013,暗点,20260130,5659,0.18912%,11,0.19438%
L3MY5C014,暗点,20260204,5637,0.15873%,9,0.15966%
L3MY5C015,暗点,20260211,5352,0.20714%,11,0.20553%
L3MY5C016,暗点,20260131,5667,0.19657%,11,0.19411%
L3MY5C017,暗点,20260205,5663,0.19088%,11,0.19424%
L3MY5C018,暗点,20260205,5616,0.23802%,13,0.23148%
L3MY5C019,暗点,20260204,5665,0.18953%,11,0.19417%
L3MY5C01A,暗点,20260211,5648,0.16690%,9,0.15935%
L3MY5C01B,暗点,20260207,5634,0.20236%,11,0.19524%
L3MY5C01C,暗点,20260209,5624,0.17043%,10,0.17781%
L3MY5C01D,暗点,20260212,5643,0.14631%,8,0.14177%
L3MY5C01E,暗点,20260210,5631,0.17252%,10,0.17759%
L3MY5C01F,暗点,20260210,5634,0.19198%,11,0.19524%
L3MY5C01G,暗点,20260210,5637,0.24672%,14,0.24836%
L3MY5C01H,暗点,20260305,5650,0.18774%,11,0.19469%
L3MY5C01J,暗点,20260207,5663,0.20541%,12,0.21190%
L3MY5C01K,暗点,20260209,5610,0.24052%,13,0.23173%
L3MY5C01L,暗点,20260212,5651,0.14385%,8,0.14157%
L3MY5C01M,暗点,20260201,5672,0.18623%,11,0.19394%
L3MY5C01N,暗点,20260210,5656,0.19421%,11,0.19448%
L3MY5C01P,暗点,20260214,5653,0.25429%,14,0.24766%
L3MY5C01Q,暗点,20260210,5610,0.18011%,10,0.17825%
L3MY5C01R,暗点,20260202,5665,0.21188%,12,0.21183%
L3MY5C01S,暗点,20260210,5438,0.19719%,11,0.20228%
L3MY5C01T,暗点,20260210,5647,0.24610%,14,0.24792%
L3MY5C01U,暗点,20260210,5634,0.17251%,10,0.17749%
L3MY5C01V,暗点,20260211,5646,0.15266%,9,0.15940%
L3MY5C01W,暗点,20260210,5652,0.16974%,10,0.17693%
L3MY5C01X,暗点,20260209,5471,0.23210%,13,0.23762%
L3MY5C01Y,暗点,20260212,5661,0.18692%,11,0.19431%
L3MY5C01Z,暗点,20260305,5629,0.18795%,11,0.19542%
L3MY5C020,暗点,20260305,5626,0.20746%,12,0.21330%
L3MY5C021,暗点,20260227,5630,0.23701%,13,0.23091%
L3MY5C022,暗点,20260304,5655,0.17257%,10,0.17683%
L3MY5C023,暗点,20260228,5651,0.21884%,12,0.21235%
L3MY5C024,暗点,20260305,5602,0.18479%,10,0.17851%
L3MY5C025,暗点,20260228,5648,0.18232%,10,0.17705%
L3MY5C026,暗点,20260227,5664,0.25616%,15,0.26483%
L3MY5C027,暗点,20260305,5659,0.18156%,10,0.17671%
L3MY5C028,暗点,20260305,5650,0.15730%,9,0.15929%
L3MY5C029,暗点,20260306,5636,0.21006%,12,0.21292%
L3MY5C02A,暗点,20260305,5664,0.20453%,12,0.21186%
L3MY5C02B,暗点,20260228,5646,0.21716%,12,0.21254%
L3MY5C02C,暗点,20260228,5652,0.20424%,12,0.21231%
L3MY5C02D,暗点,20260305,5656,0.14859%,8,0.14144%
L3MY5C02E,暗点,20260306,5637,0.22013%,12,0.21288%
L3MY5C02F,暗点,20260305,5651,0.18007%,10,0.17696%
L3MY5C02G,暗点,20260304,5644,0.18283%,10,0.17718%
L3MY5C02H,暗点,20260304,5621,0.20840%,12,0.21349%
L3MY5C02J,暗点,20260305,5655,0.18979%,11,0.19452%
L3MY5C02K,暗点,20260305,5646,0.21764%,12,0.21254%
L3MY5C02L,暗点,20260304,5644,0.21843%,12,0.21262%
L3MY5C02M,暗点,20260305,5635,0.19261%,11,0.19521%
L3MY5C02N,暗点,20260228,5648,0.20524%,12,0.21246%
L3MY5C02P,暗点,20260403,5632,0.16959%,10,0.17756%
L3MY5C02Q,暗点,20260305,5655,0.21358%,12,0.21220%
L3MY5C02R,暗点,20260303,5657,0.17825%,10,0.17677%
L3MY5C02S,暗点,20260304,5650,0.23763%,13,0.23009%
L3MY61001,暗点,20260324,5598,0.19275%,11,0.19650%
L3MY61002,暗点,20260324,5630,0.17671%,10,0.17762%
L3MY61003,暗点,20260324,5484,0.21942%,12,0.21882%
L3MY61004,暗点,20260324,5629,0.19666%,11,0.19542%
L3MY61005,暗点,20260324,5653,0.22149%,13,0.22997%
L3MY61006,暗点,20260324,5627,0.26046%,15,0.26657%
L3MY61007,暗点,20260324,5257,0.20633%,11,0.20924%
L3MY61008,暗点,20260325,5632,0.22421%,13,0.23082%
L3MY61009,暗点,20260323,5617,0.23502%,13,0.23144%
L3MY6100A,暗点,20260322,5641,0.18526%,10,0.17727%
L3MY6100B,暗点,20260323,5498,0.19230%,11,0.20007%
L3MY6100C,暗点,20260325,5653,0.18846%,11,0.19459%
L3MY6100D,暗点,20260324,5455,0.23430%,13,0.23831%
L3MY6100E,暗点,20260415,5482,0.20502%,11,0.20066%
L3MY6100F,暗点,20260324,5633,0.23265%,13,0.23078%
L3MY6100G,暗点,20260325,5651,0.22047%,12,0.21235%
L3MY6100H,暗点,20260323,5661,0.17470%,10,0.17665%
L3MY6100J,暗点,20260324,5597,0.22627%,13,0.23227%
L3MY62001,暗点,20260325,5641,0.16085%,9,0.15955%
L3MY62002,暗点,20260415,5350,0.18463%,10,0.18692%
L3MY62004,暗点,20260325,5259,0.19900%,10,0.19015%
L3MY62005,暗点,20260325,5627,0.20917%,12,0.21326%
L3MY62006,暗点,20260326,5542,0.15531%,9,0.16240%
L3MY62007,暗点,20260325,5607,0.19478%,11,0.19618%
L3MY62008,暗点,20260326,5629,0.14258%,8,0.14212%
L3MY62009,暗点,20260414,5396,0.25052%,14,0.25945%
L3MY6200A,暗点,20260414,5414,0.24612%,13,0.24012%
L3MY6200B,暗点,20260415,5427,0.21899%,12,0.22112%
L3MY6200C,暗点,20260326,5624,0.21151%,12,0.21337%
L3MY6200D,暗点,20260325,5543,0.20382%,11,0.19845%
L3MY6200F,暗点,20260329,5459,0.21712%,12,0.21982%
L3MY6200G,暗点,20260414,5437,0.22185%,12,0.22071%
L3MY6200H,暗点,20260414,5409,0.18533%,10,0.18488%
L3MY6200J,暗点,20260325,5646,0.20692%,12,0.21254%
L3MY6200K,暗点,20260414,5403,0.19376%,10,0.18508%
L3MY6200L,暗点,20260329,5424,0.20859%,11,0.20280%
L3MY6200M,暗点,20260414,5396,0.21106%,11,0.20385%
L3MY6200N,暗点,20260414,5420,0.18599%,10,0.18450%
L3MY6200P,暗点,20260329,5651,0.18690%,11,0.19466%
L3MY6200Q,暗点,20260414,5400,0.21205%,11,0.20370%
L3MY6200R,暗点,20260415,5488,0.19621%,11,0.20044%
L3MY63001,暗点,20260422,5544,0.25915%,14,0.25253%
L3MY63002,暗点,20260419,5572,0.17454%,10,0.17947%
L3MY63003,暗点,20260420,5385,0.19077%,10,0.18570%
L3MY63004,暗点,20260418,5580,0.21743%,12,0.21505%
L3MY63005,暗点,20260414,5483,0.18260%,10,0.18238%
L3MY63006,暗点,20260425,4980,0.21790%,11,0.22088%
L3MY63007,暗点,20260425,2809,0.23258%,7,0.24920%
L3MY63008,暗点,20260420,5525,0.18386%,10,0.18100%
L3MY63009,暗点,20260424,5562,0.18661%,10,0.17979%
L3MY6300A,暗点,20260420,5582,0.15777%,9,0.16123%
L3MY6300B,暗点,20260419,5496,0.21604%,12,0.21834%
L3MY6300C,暗点,20260418,5523,0.23874%,13,0.23538%
L3MY6300E,暗点,20260426,5583,0.22322%,12,0.21494%
L3MY6300F,暗点,20260421,5479,0.18899%,10,0.18252%
L3MY6300G,暗点,20260425,5565,0.21806%,12,0.21563%
L3MY6300H,暗点,20260419,5577,0.17196%,10,0.17931%
L3MY6300J,暗点,20260421,5495,0.21379%,12,0.21838%
L3MY6300K,暗点,20260421,5586,0.20827%,12,0.21482%
L3MY6300L,暗点,20260418,5547,0.17244%,10,0.18028%
L3MY6300M,暗点,20260422,5548,0.25769%,14,0.25234%
L3MY6300N,暗点,20260419,5595,0.16556%,9,0.16086%
L3MY6300Q,暗点,20260418,5557,0.22421%,12,0.21594%
L3MY6300R,暗点,20260414,5519,0.19155%,11,0.19931%
L3MY6300S,暗点,20260426,5635,0.22717%,13,0.23070%
L3MY6300T,暗点,20260420,5472,0.20454%,11,0.20102%
L3MY6300U,暗点,20260421,5409,0.16462%,9,0.16639%
L3MY6300V,暗点,20260421,5533,0.21581%,12,0.21688%
L3MY6300W,暗点,20260421,5552,0.16944%,9,0.16210%
L3MY6300X,暗点,20260423,5499,0.22099%,12,0.21822%
L3MY6300Y,暗点,20260418,5587,0.19152%,11,0.19689%
L3MY63010,暗点,20260418,5572,0.22619%,13,0.23331%
L3MY63012,暗点,20260423,5622,0.24237%,14,0.24902%
L3MY63013,暗点,20260426,5384,0.17401%,9,0.16716%
L3MY63014,暗点,20260425,5433,0.17459%,9,0.16565%
L3MY63015,暗点,20260419,5510,0.22123%,12,0.21779%
L3MY63016,暗点,20260419,5623,0.20549%,12,0.21341%
L3MY6301A,暗点,20260421,5497,0.23575%,13,0.23649%
L3MY6301B,暗点,20260425,5615,0.19074%,11,0.19590%
L3MY6301C,暗点,20260418,5600,0.24865%,14,0.25000%
L3MY6301D,暗点,20260421,5532,0.18042%,10,0.18077%
L3MY6301F,暗点,20260425,5581,0.17905%,10,0.17918%
L3MY6301G,暗点,20260426,5596,0.21698%,12,0.21444%
L3MY6301H,暗点,20260422,5546,0.22987%,13,0.23440%
L3MY6301J,暗点,20260425,5613,0.16967%,10,0.17816%
L3MY6301Q,暗点,20260422,5498,0.19638%,11,0.20007%
L3MY6301S,暗点,20260426,5638,0.24762%,14,0.24832%
L3MY6301U,暗点,20260424,5619,0.16623%,9,0.16017%
L3MY6301V,暗点,20260425,5541,0.20567%,11,0.19852%
L3MY6301X,暗点,20260422,5535,0.23843%,13,0.23487%
L3MY63029,暗点,20260425,5616,0.22511%,13,0.23148%
L3MY5C002,灰阶暗点,20260126,5584,0.00928%,1,0.01791%
L3MY5C003,灰阶暗点,20260125,5656,0.00826%,0,0.00000%
L3MY5C00A,灰阶暗点,20260126,5255,0.00876%,0,0.00000%
L3MY5C00D,灰阶暗点,20260126,5646,0.00967%,1,0.01771%
L3MY5C00J,灰阶暗点,20260130,5654,0.01123%,1,0.01769%
L3MY5C00P,灰阶暗点,20260128,5664,0.01023%,1,0.01766%
L3MY5C00Q,灰阶暗点,20260128,5651,0.01149%,1,0.01770%
L3MY5C00V,灰阶暗点,20260129,5622,0.01601%,1,0.01779%
L3MY5C00W,灰阶暗点,20260131,5650,0.01122%,1,0.01770%
L3MY5C01F,灰阶暗点,20260210,5634,0.00845%,0,0.00000%
L3MY5C021,灰阶暗点,20260227,5630,0.01098%,1,0.01776%
L3MY5C024,灰阶暗点,20260305,5602,0.01987%,1,0.01785%
L3MY5C02A,灰阶暗点,20260305,5664,0.02096%,1,0.01766%
L3MY5C02B,灰阶暗点,20260228,5646,0.00803%,0,0.00000%
L3MY5C02C,灰阶暗点,20260228,5652,0.00927%,1,0.01769%
L3MY5C02G,灰阶暗点,20260304,5644,0.01157%,1,0.01772%
L3MY5C02L,灰阶暗点,20260304,5644,0.00984%,1,0.01772%
L3MY5C02R,灰阶暗点,20260303,5657,0.00000%,0,0.00000%
L3MY61001,灰阶暗点,20260324,5598,0.01152%,1,0.01786%
L3MY6100B,灰阶暗点,20260323,5498,0.01365%,1,0.01819%
L3MY6100E,灰阶暗点,20260415,5482,0.00628%,0,0.00000%
L3MY62001,灰阶暗点,20260325,5641,0.01907%,1,0.01773%
L3MY62009,灰阶暗点,20260414,5396,0.00839%,0,0.00000%
L3MY6200A,灰阶暗点,20260414,5414,0.00683%,0,0.00000%
L3MY6200B,灰阶暗点,20260415,5427,0.00541%,0,0.00000%
L3MY6200H,灰阶暗点,20260414,5409,0.00893%,0,0.00000%
L3MY6200K,灰阶暗点,20260414,5403,0.00811%,0,0.00000%
L3MY6200L,灰阶暗点,20260329,5424,0.01559%,1,0.01844%
L3MY6200N,灰阶暗点,20260414,5420,0.00665%,0,0.00000%
L3MY6200Q,灰阶暗点,20260414,5400,0.00773%,0,0.00000%
L3MY6200R,灰阶暗点,20260415,5488,0.00609%,0,0.00000%
L3MY63003,灰阶暗点,20260420,5385,0.00986%,1,0.01857%
L3MY63004,灰阶暗点,20260418,5580,0.00938%,1,0.01792%
L3MY63005,灰阶暗点,20260414,5483,0.00956%,1,0.01824%
L3MY63006,灰阶暗点,20260425,4980,0.01072%,1,0.02008%
L3MY63007,灰阶暗点,20260425,2809,0.01127%,0,0.00000%
L3MY6300A,灰阶暗点,20260420,5582,0.01186%,1,0.01791%
L3MY6300B,灰阶暗点,20260419,5496,0.01225%,1,0.01820%
L3MY6300C,灰阶暗点,20260418,5523,0.01082%,1,0.01811%
L3MY6300F,灰阶暗点,20260421,5479,0.01053%,1,0.01825%
L3MY6300G,灰阶暗点,20260425,5565,0.01249%,1,0.01797%
L3MY6300N,灰阶暗点,20260419,5595,0.00972%,1,0.01787%
L3MY6300Q,灰阶暗点,20260418,5557,0.01052%,1,0.01800%
L3MY6300R,灰阶暗点,20260414,5519,0.00819%,0,0.00000%
L3MY6300U,灰阶暗点,20260421,5409,0.00873%,0,0.00000%
L3MY6300Y,灰阶暗点,20260418,5587,0.00949%,1,0.01790%
L3MY63010,灰阶暗点,20260418,5572,0.00990%,1,0.01795%
L3MY63014,灰阶暗点,20260425,5433,0.01226%,1,0.01841%
L3MY63015,灰阶暗点,20260419,5510,0.01247%,1,0.01815%
L3MY6301C,灰阶暗点,20260418,5600,0.00984%,1,0.01786%
L3MY6301G,灰阶暗点,20260426,5596,0.00885%,0,0.00000%
L3MY6301J,灰阶暗点,20260425,5613,0.01154%,1,0.01782%
L3MY5C002,群亮点,20260126,5584,0.04873%,3,0.05372%
L3MY5C003,群亮点,20260125,5656,0.00000%,0,0.00000%
L3MY5C004,群亮点,20260129,5653,0.06666%,4,0.07076%
L3MY5C006,群亮点,20260127,5657,0.05923%,3,0.05303%
L3MY5C008,群亮点,20260129,5660,0.05075%,3,0.05300%
L3MY5C009,群亮点,20260126,5635,0.07001%,4,0.07098%
L3MY5C00B,群亮点,20260126,5651,0.04927%,3,0.05309%
L3MY5C00C,群亮点,20260126,5630,0.06152%,3,0.05329%
L3MY5C00D,群亮点,20260126,5646,0.04708%,3,0.05313%
L3MY5C00E,群亮点,20260126,5617,0.05162%,3,0.05341%
L3MY5C00F,群亮点,20260128,5627,0.05506%,3,0.05331%
L3MY5C00G,群亮点,20260128,5650,0.05659%,3,0.05310%
L3MY5C00H,群亮点,20260127,5629,0.04532%,3,0.05330%
L3MY5C00J,群亮点,20260130,5654,0.06382%,4,0.07075%
L3MY5C00K,群亮点,20260127,5643,0.04371%,2,0.03544%
L3MY5C00L,群亮点,20260129,5644,0.06569%,4,0.07087%
L3MY5C00M,群亮点,20260127,5598,0.05788%,3,0.05359%
L3MY5C00N,群亮点,20260128,5657,0.05745%,3,0.05303%
L3MY5C00P,群亮点,20260128,5664,0.05775%,3,0.05297%
L3MY5C00Q,群亮点,20260128,5651,0.06342%,4,0.07078%
L3MY5C00R,群亮点,20260130,5448,0.05907%,3,0.05507%
L3MY5C00S,群亮点,20260130,5624,0.06703%,4,0.07112%
L3MY5C00T,群亮点,20260128,5622,0.05416%,3,0.05336%
L3MY5C00U,群亮点,20260129,5633,0.05338%,3,0.05326%
L3MY5C00V,群亮点,20260129,5622,0.05532%,3,0.05336%
L3MY5C00W,群亮点,20260131,5650,0.04192%,2,0.03540%
L3MY5C00X,群亮点,20260129,5651,0.06122%,3,0.05309%
L3MY5C00Z,群亮点,20260130,5629,0.06804%,4,0.07106%
L3MY5C010,群亮点,20260211,5628,0.06926%,4,0.07107%
L3MY5C011,群亮点,20260211,5544,0.06384%,4,0.07215%
L3MY5C012,群亮点,20260211,5658,0.07707%,4,0.07070%
L3MY5C014,群亮点,20260204,5637,0.05944%,3,0.05322%
L3MY5C015,群亮点,20260211,5352,0.06077%,3,0.05605%
L3MY5C017,群亮点,20260205,5663,0.04988%,3,0.05298%
L3MY5C018,群亮点,20260205,5616,0.05524%,3,0.05342%
L3MY5C019,群亮点,20260204,5665,0.04969%,3,0.05296%
L3MY5C01B,群亮点,20260207,5634,0.07004%,4,0.07100%
L3MY5C01C,群亮点,20260209,5624,0.04234%,2,0.03556%
L3MY5C01E,群亮点,20260210,5631,0.06089%,3,0.05328%
L3MY5C01F,群亮点,20260210,5634,0.04973%,3,0.05325%
L3MY5C01G,群亮点,20260210,5637,0.06125%,3,0.05322%
L3MY5C01H,群亮点,20260305,5650,0.02155%,1,0.01770%
L3MY5C01J,群亮点,20260207,5663,0.05686%,3,0.05298%
L3MY5C01K,群亮点,20260209,5610,0.05700%,3,0.05348%
L3MY5C01L,群亮点,20260212,5651,0.05675%,3,0.05309%
L3MY5C01M,群亮点,20260201,5672,0.05452%,3,0.05289%
L3MY5C01N,群亮点,20260210,5656,0.06839%,4,0.07072%
L3MY5C01P,群亮点,20260214,5653,0.00000%,0,0.00000%
L3MY5C01Q,群亮点,20260210,5610,0.05741%,3,0.05348%
L3MY5C01S,群亮点,20260210,5438,0.06473%,4,0.07356%
L3MY5C01T,群亮点,20260210,5647,0.05261%,3,0.05313%
L3MY5C01U,群亮点,20260210,5634,0.05250%,3,0.05325%
L3MY5C01V,群亮点,20260211,5646,0.07849%,4,0.07085%
L3MY5C01W,群亮点,20260210,5652,0.05475%,3,0.05308%
L3MY5C01X,群亮点,20260209,5471,0.05831%,3,0.05483%
L3MY5C01Y,群亮点,20260212,5661,0.06257%,4,0.07066%
L3MY5C01Z,群亮点,20260305,5629,0.02356%,1,0.01777%
L3MY5C020,群亮点,20260305,5626,0.02304%,1,0.01777%
L3MY5C021,群亮点,20260227,5630,0.13720%,8,0.14210%
L3MY5C022,群亮点,20260304,5655,0.03242%,2,0.03537%
L3MY5C023,群亮点,20260228,5651,0.13980%,8,0.14157%
L3MY5C024,群亮点,20260305,5602,0.02371%,1,0.01785%
L3MY5C025,群亮点,20260228,5648,0.12418%,7,0.12394%
L3MY5C026,群亮点,20260227,5664,0.15681%,9,0.15890%
L3MY5C027,群亮点,20260305,5659,0.02341%,1,0.01767%
L3MY5C028,群亮点,20260305,5650,0.02559%,1,0.01770%
L3MY5C029,群亮点,20260306,5636,0.02623%,1,0.01774%
L3MY5C02A,群亮点,20260305,5664,0.02558%,1,0.01766%
L3MY5C02B,群亮点,20260228,5646,0.13152%,7,0.12398%
L3MY5C02C,群亮点,20260228,5652,0.15672%,9,0.15924%
L3MY5C02D,群亮点,20260305,5656,0.02500%,1,0.01768%
L3MY5C02E,群亮点,20260306,5637,0.02489%,1,0.01774%
L3MY5C02F,群亮点,20260305,5651,0.03119%,2,0.03539%
L3MY5C02G,群亮点,20260304,5644,0.02788%,2,0.03544%
L3MY5C02H,群亮点,20260304,5621,0.03243%,2,0.03558%
L3MY5C02J,群亮点,20260305,5655,0.03117%,2,0.03537%
L3MY5C02K,群亮点,20260305,5646,0.02453%,1,0.01771%
L3MY5C02L,群亮点,20260304,5644,0.03590%,2,0.03544%
L3MY5C02M,群亮点,20260305,5635,0.02912%,2,0.03549%
L3MY5C02N,群亮点,20260228,5648,0.11438%,6,0.10623%
L3MY5C02P,群亮点,20260403,5632,0.06530%,4,0.07102%
L3MY5C02Q,群亮点,20260305,5655,0.02131%,1,0.01768%
L3MY5C02R,群亮点,20260303,5657,0.03547%,2,0.03535%
L3MY5C02S,群亮点,20260304,5650,0.03639%,2,0.03540%
L3MY61001,群亮点,20260324,5598,0.04028%,2,0.03573%
L3MY61002,群亮点,20260324,5630,0.04989%,3,0.05329%
L3MY61003,群亮点,20260324,5484,0.04645%,3,0.05470%
L3MY61004,群亮点,20260324,5629,0.04322%,2,0.03553%
L3MY61005,群亮点,20260324,5653,0.05114%,3,0.05307%
L3MY61006,群亮点,20260324,5627,0.04771%,3,0.05331%
L3MY61007,群亮点,20260324,5257,0.04797%,3,0.05707%
L3MY61008,群亮点,20260325,5632,0.06177%,3,0.05327%
L3MY61009,群亮点,20260323,5617,0.05227%,3,0.05341%
L3MY6100A,群亮点,20260322,5641,0.04002%,2,0.03545%
L3MY6100B,群亮点,20260323,5498,0.04474%,2,0.03638%
L3MY6100C,群亮点,20260325,5653,0.04416%,2,0.03538%
L3MY6100D,群亮点,20260324,5455,0.04578%,2,0.03666%
L3MY6100E,群亮点,20260415,5482,0.05394%,3,0.05472%
L3MY6100F,群亮点,20260324,5633,0.04998%,3,0.05326%
L3MY6100G,群亮点,20260325,5651,0.04870%,3,0.05309%
L3MY6100H,群亮点,20260323,5661,0.04787%,3,0.05299%
L3MY6100J,群亮点,20260324,5597,0.05788%,3,0.05360%
L3MY62001,群亮点,20260325,5641,0.06427%,4,0.07091%
L3MY62002,群亮点,20260415,5350,0.05909%,3,0.05607%
L3MY62004,群亮点,20260325,5259,0.05591%,3,0.05705%
L3MY62005,群亮点,20260325,5627,0.06423%,4,0.07109%
L3MY62006,群亮点,20260326,5542,0.04324%,2,0.03609%
L3MY62007,群亮点,20260325,5607,0.05888%,3,0.05350%
L3MY62008,群亮点,20260326,5629,0.04244%,2,0.03553%
L3MY62009,群亮点,20260414,5396,0.07406%,4,0.07413%
L3MY6200A,群亮点,20260414,5414,0.06674%,4,0.07388%
L3MY6200B,群亮点,20260415,5427,0.07061%,4,0.07371%
L3MY6200C,群亮点,20260326,5624,0.05428%,3,0.05334%
L3MY6200D,群亮点,20260325,5543,0.06007%,3,0.05412%
L3MY6200F,群亮点,20260329,5459,0.03943%,2,0.03664%
L3MY6200G,群亮点,20260414,5437,0.07070%,4,0.07357%
L3MY6200H,群亮点,20260414,5409,0.06842%,4,0.07395%
L3MY6200J,群亮点,20260325,5646,0.06094%,3,0.05313%
L3MY6200K,群亮点,20260414,5403,0.07403%,4,0.07403%
L3MY6200L,群亮点,20260329,5424,0.04146%,2,0.03687%
L3MY6200N,群亮点,20260414,5420,0.05724%,3,0.05535%
L3MY6200P,群亮点,20260329,5651,0.04703%,3,0.05309%
L3MY6200Q,群亮点,20260414,5400,0.06223%,3,0.05556%
L3MY6200R,群亮点,20260415,5488,0.05238%,3,0.05466%
L3MY63001,群亮点,20260422,5544,0.05734%,3,0.05411%
L3MY63002,群亮点,20260419,5572,0.08070%,4,0.07179%
L3MY63003,群亮点,20260420,5385,0.06364%,3,0.05571%
L3MY63004,群亮点,20260418,5580,0.06902%,4,0.07168%
L3MY63005,群亮点,20260414,5483,0.05077%,3,0.05471%
L3MY63006,群亮点,20260425,4980,0.06901%,3,0.06024%
L3MY63007,群亮点,20260425,2809,0.05696%,2,0.07120%
L3MY63008,群亮点,20260420,5525,0.08852%,5,0.09050%
L3MY63009,群亮点,20260424,5562,0.08008%,4,0.07192%
L3MY6300A,群亮点,20260420,5582,0.08900%,5,0.08957%
L3MY6300B,群亮点,20260419,5496,0.05695%,3,0.05459%
L3MY6300C,群亮点,20260418,5523,0.06421%,4,0.07242%
L3MY6300E,群亮点,20260426,5583,0.06959%,4,0.07165%
L3MY6300F,群亮点,20260421,5479,0.07559%,4,0.07301%
L3MY6300G,群亮点,20260425,5565,0.06270%,3,0.05391%
L3MY6300H,群亮点,20260419,5577,0.06499%,4,0.07172%
L3MY6300J,群亮点,20260421,5495,0.07832%,4,0.07279%
L3MY6300K,群亮点,20260421,5586,0.07471%,4,0.07161%
L3MY6300L,群亮点,20260418,5547,0.04784%,3,0.05408%
L3MY6300M,群亮点,20260422,5548,0.07096%,4,0.07210%
L3MY6300N,群亮点,20260419,5595,0.05528%,3,0.05362%
L3MY6300Q,群亮点,20260418,5557,0.05933%,3,0.05399%
L3MY6300R,群亮点,20260414,5519,0.06011%,3,0.05436%
L3MY6300S,群亮点,20260426,5635,0.05946%,3,0.05324%
L3MY6300T,群亮点,20260420,5472,0.08749%,5,0.09137%
L3MY6300U,群亮点,20260421,5409,0.06569%,4,0.07395%
L3MY6300V,群亮点,20260421,5533,0.05884%,3,0.05422%
L3MY6300W,群亮点,20260421,5552,0.06539%,4,0.07205%
L3MY6300X,群亮点,20260423,5499,0.08988%,5,0.09093%
L3MY6300Y,群亮点,20260418,5587,0.06359%,4,0.07159%
L3MY63010,群亮点,20260418,5572,0.06927%,4,0.07179%
L3MY63012,群亮点,20260423,5622,0.08706%,5,0.08894%
L3MY63013,群亮点,20260426,5384,0.06600%,4,0.07429%
L3MY63014,群亮点,20260425,5433,0.07283%,4,0.07362%
L3MY63015,群亮点,20260419,5510,0.06613%,4,0.07260%
L3MY63016,群亮点,20260419,5623,0.06124%,3,0.05335%
L3MY6301A,群亮点,20260421,5497,0.06636%,4,0.07277%
L3MY6301C,群亮点,20260418,5600,0.05733%,3,0.05357%
L3MY6301D,群亮点,20260421,5532,0.06351%,4,0.07231%
L3MY6301F,群亮点,20260425,5581,0.06360%,4,0.07167%
L3MY6301G,群亮点,20260426,5596,0.06751%,4,0.07148%
L3MY6301H,群亮点,20260422,5546,0.06893%,4,0.07212%
L3MY6301J,群亮点,20260425,5613,0.06894%,4,0.07126%
L3MY6301Q,群亮点,20260422,5498,0.05854%,3,0.05457%
L3MY6301V,群亮点,20260425,5541,0.06943%,4,0.07219%
L3MY6301X,群亮点,20260422,5535,0.05835%,3,0.05420%
L3MY5C001,群暗点,20260126,5616,0.45528%,26,0.46296%
L3MY5C002,群暗点,20260126,5584,0.45648%,25,0.44771%
L3MY5C003,群暗点,20260125,5656,0.00000%,0,0.00000%
L3MY5C004,群暗点,20260129,5653,0.48540%,27,0.47762%
L3MY5C005,群暗点,20260211,5220,0.56455%,29,0.55556%
L3MY5C006,群暗点,20260127,5657,0.46595%,26,0.45961%
L3MY5C007,群暗点,20260127,5633,0.43283%,24,0.42606%
L3MY5C008,群暗点,20260129,5660,0.63017%,36,0.63604%
L3MY5C009,群暗点,20260126,5635,0.48634%,27,0.47915%
L3MY5C00A,群暗点,20260126,5255,0.52587%,28,0.53283%
L3MY5C00B,群暗点,20260126,5651,0.43559%,25,0.44240%
L3MY5C00C,群暗点,20260126,5630,0.39291%,22,0.39076%
L3MY5C00D,群暗点,20260126,5646,0.43540%,25,0.44279%
L3MY5C00E,群暗点,20260126,5617,0.41761%,23,0.40947%
L3MY5C00F,群暗点,20260128,5627,0.55036%,31,0.55092%
L3MY5C00G,群暗点,20260128,5650,0.52312%,30,0.53097%
L3MY5C00H,群暗点,20260127,5629,0.55310%,31,0.55072%
L3MY5C00J,群暗点,20260130,5654,0.53115%,30,0.53060%
L3MY5C00K,群暗点,20260127,5643,0.41760%,24,0.42531%
L3MY5C00L,群暗点,20260129,5644,0.60244%,34,0.60241%
L3MY5C00M,群暗点,20260127,5598,0.44009%,25,0.44659%
L3MY5C00N,群暗点,20260128,5657,0.52424%,30,0.53032%
L3MY5C00P,群暗点,20260128,5664,0.48787%,28,0.49435%
L3MY5C00Q,群暗点,20260128,5651,0.46685%,26,0.46010%
L3MY5C00R,群暗点,20260130,5448,0.43787%,24,0.44053%
L3MY5C00S,群暗点,20260130,5624,0.52660%,30,0.53343%
L3MY5C00T,群暗点,20260128,5622,0.57141%,32,0.56919%
L3MY5C00U,群暗点,20260129,5633,0.57582%,32,0.56808%
L3MY5C00V,群暗点,20260129,5622,0.48516%,27,0.48026%
L3MY5C00W,群暗点,20260131,5650,0.49341%,28,0.49558%
L3MY5C00X,群暗点,20260129,5651,0.56649%,32,0.56627%
L3MY5C00Y,群暗点,20260201,5655,0.61672%,35,0.61892%
L3MY5C00Z,群暗点,20260130,5629,0.38122%,21,0.37307%
L3MY5C010,群暗点,20260211,5628,0.58327%,33,0.58635%
L3MY5C011,群暗点,20260211,5544,0.41299%,23,0.41486%
L3MY5C012,群暗点,20260211,5658,0.54895%,31,0.54790%
L3MY5C013,群暗点,20260130,5659,0.51896%,29,0.51246%
L3MY5C014,群暗点,20260204,5637,0.52958%,30,0.53220%
L3MY5C015,群暗点,20260211,5352,0.46693%,25,0.46712%
L3MY5C016,群暗点,20260131,5667,0.47022%,27,0.47644%
L3MY5C017,群暗点,20260205,5663,0.46303%,26,0.45912%
L3MY5C018,群暗点,20260205,5616,0.56793%,32,0.56980%
L3MY5C019,群暗点,20260204,5665,0.44038%,25,0.44131%
L3MY5C01A,群暗点,20260211,5648,0.50007%,28,0.49575%
L3MY5C01B,群暗点,20260207,5634,0.54465%,31,0.55023%
L3MY5C01C,群暗点,20260209,5624,0.47975%,27,0.48009%
L3MY5C01D,群暗点,20260212,5643,0.45519%,26,0.46075%
L3MY5C01E,群暗点,20260210,5631,0.49805%,28,0.49725%
L3MY5C01F,群暗点,20260210,5634,0.51158%,29,0.51473%
L3MY5C01G,群暗点,20260210,5637,0.60880%,34,0.60316%
L3MY5C01H,群暗点,20260305,5650,0.45161%,26,0.46018%
L3MY5C01J,群暗点,20260207,5663,0.50699%,29,0.51210%
L3MY5C01K,群暗点,20260209,5610,0.49799%,28,0.49911%
L3MY5C01L,群暗点,20260212,5651,0.43047%,24,0.42470%
L3MY5C01M,群暗点,20260201,5672,0.59567%,34,0.59944%
L3MY5C01N,群暗点,20260210,5656,0.59735%,34,0.60113%
L3MY5C01P,群暗点,20260214,5653,0.52427%,30,0.53069%
L3MY5C01Q,群暗点,20260210,5610,0.44106%,25,0.44563%
L3MY5C01R,群暗点,20260202,5665,0.63764%,36,0.63548%
L3MY5C01S,群暗点,20260210,5438,0.59169%,32,0.58845%
L3MY5C01T,群暗点,20260210,5647,0.62898%,36,0.63751%
L3MY5C01U,群暗点,20260210,5634,0.56804%,32,0.56798%
L3MY5C01V,群暗点,20260211,5646,0.44589%,25,0.44279%
L3MY5C01W,群暗点,20260210,5652,0.62610%,35,0.61925%
L3MY5C01X,群暗点,20260209,5471,0.45888%,25,0.45695%
L3MY5C01Y,群暗点,20260212,5661,0.46745%,26,0.45928%
L3MY5C01Z,群暗点,20260305,5629,0.46283%,26,0.46189%
L3MY5C020,群暗点,20260305,5626,0.44880%,25,0.44437%
L3MY5C021,群暗点,20260227,5630,0.51354%,29,0.51510%
L3MY5C022,群暗点,20260304,5655,0.45385%,26,0.45977%
L3MY5C023,群暗点,20260228,5651,0.49428%,28,0.49549%
L3MY5C024,群暗点,20260305,5602,0.34390%,19,0.33916%
L3MY5C025,群暗点,20260228,5648,0.50641%,29,0.51346%
L3MY5C026,群暗点,20260227,5664,0.55918%,32,0.56497%
L3MY5C027,群暗点,20260305,5659,0.33451%,19,0.33575%
L3MY5C028,群暗点,20260305,5650,0.35420%,20,0.35398%
L3MY5C029,群暗点,20260306,5636,0.48189%,27,0.47906%
L3MY5C02A,群暗点,20260305,5664,0.41714%,24,0.42373%
L3MY5C02B,群暗点,20260228,5646,0.43266%,24,0.42508%
L3MY5C02C,群暗点,20260228,5652,0.44515%,25,0.44232%
L3MY5C02D,群暗点,20260305,5656,0.39727%,22,0.38897%
L3MY5C02E,群暗点,20260306,5637,0.46790%,26,0.46124%
L3MY5C02F,群暗点,20260305,5651,0.35335%,20,0.35392%
L3MY5C02G,群暗点,20260304,5644,0.41688%,24,0.42523%
L3MY5C02H,群暗点,20260304,5621,0.38414%,22,0.39139%
L3MY5C02J,群暗点,20260305,5655,0.32910%,19,0.33599%
L3MY5C02K,群暗点,20260305,5646,0.32849%,19,0.33652%
L3MY5C02L,群暗点,20260304,5644,0.47884%,27,0.47838%
L3MY5C02M,群暗点,20260305,5635,0.34217%,19,0.33718%
L3MY5C02N,群暗点,20260228,5648,0.50672%,29,0.51346%
L3MY5C02P,群暗点,20260403,5632,0.49712%,28,0.49716%
L3MY5C02Q,群暗点,20260305,5655,0.43779%,25,0.44209%
L3MY5C02R,群暗点,20260303,5657,0.51641%,29,0.51264%
L3MY5C02S,群暗点,20260304,5650,0.41428%,23,0.40708%
L3MY61001,群暗点,20260324,5598,0.41871%,23,0.41086%
L3MY61002,群暗点,20260324,5630,0.50166%,28,0.49734%
L3MY61003,群暗点,20260324,5484,0.46470%,25,0.45587%
L3MY61004,群暗点,20260324,5629,0.53863%,30,0.53295%
L3MY61005,群暗点,20260324,5653,0.44598%,25,0.44224%
L3MY61006,群暗点,20260324,5627,0.52059%,29,0.51537%
L3MY61007,群暗点,20260324,5257,0.44007%,23,0.43751%
L3MY61008,群暗点,20260325,5632,0.54945%,31,0.55043%
L3MY61009,群暗点,20260323,5617,0.37394%,21,0.37387%
L3MY6100A,群暗点,20260322,5641,0.35285%,20,0.35455%
L3MY6100B,群暗点,20260323,5498,0.44312%,24,0.43652%
L3MY6100C,群暗点,20260325,5653,0.51992%,29,0.51300%
L3MY6100D,群暗点,20260324,5455,0.50120%,27,0.49496%
L3MY6100E,群暗点,20260415,5482,0.43614%,24,0.43780%
L3MY6100F,群暗点,20260324,5633,0.41464%,23,0.40831%
L3MY6100G,群暗点,20260325,5651,0.51417%,29,0.51318%
L3MY6100H,群暗点,20260323,5661,0.42907%,24,0.42395%
L3MY6100J,群暗点,20260324,5597,0.56848%,32,0.57173%
L3MY62001,群暗点,20260325,5641,0.40701%,23,0.40773%
L3MY62002,群暗点,20260415,5350,0.50731%,27,0.50467%
L3MY62004,群暗点,20260325,5259,0.39149%,21,0.39932%
L3MY62005,群暗点,20260325,5627,0.55442%,31,0.55092%
L3MY62006,群暗点,20260326,5542,0.40617%,23,0.41501%
L3MY62007,群暗点,20260325,5607,0.50867%,29,0.51721%
L3MY62008,群暗点,20260326,5629,0.45982%,26,0.46189%
L3MY62009,群暗点,20260414,5396,0.57058%,31,0.57450%
L3MY6200A,群暗点,20260414,5414,0.43650%,24,0.44330%
L3MY6200B,群暗点,20260415,5427,0.54973%,30,0.55279%
L3MY6200C,群暗点,20260326,5624,0.45162%,25,0.44452%
L3MY6200D,群暗点,20260325,5543,0.53153%,29,0.52318%
L3MY6200F,群暗点,20260329,5459,0.50179%,27,0.49460%
L3MY6200G,群暗点,20260414,5437,0.49280%,27,0.49660%
L3MY6200H,群暗点,20260414,5409,0.52985%,29,0.53614%
L3MY6200J,群暗点,20260325,5646,0.44969%,25,0.44279%
L3MY6200K,群暗点,20260414,5403,0.44835%,24,0.44420%
L3MY6200L,群暗点,20260329,5424,0.55126%,30,0.55310%
L3MY6200M,群暗点,20260414,5396,0.52946%,29,0.53744%
L3MY6200N,群暗点,20260414,5420,0.49255%,27,0.49815%
L3MY6200P,群暗点,20260329,5651,0.41264%,23,0.40701%
L3MY6200Q,群暗点,20260414,5400,0.59292%,32,0.59259%
L3MY6200R,群暗点,20260415,5488,0.44660%,25,0.45554%
L3MY63001,群暗点,20260422,5544,0.54610%,30,0.54113%
L3MY63002,群暗点,20260419,5572,0.41849%,23,0.41278%
L3MY63003,群暗点,20260420,5385,0.52171%,28,0.51996%
L3MY63004,群暗点,20260418,5580,0.44412%,25,0.44803%
L3MY63005,群暗点,20260414,5483,0.54235%,30,0.54715%
L3MY63006,群暗点,20260425,4980,0.37543%,19,0.38153%
L3MY63007,群暗点,20260425,2809,0.47649%,13,0.46280%
L3MY63008,群暗点,20260420,5525,0.45817%,25,0.45249%
L3MY6300A,群暗点,20260420,5582,0.42635%,24,0.42995%
L3MY6300B,群暗点,20260419,5496,0.50136%,28,0.50946%
L3MY6300C,群暗点,20260418,5523,0.51586%,28,0.50697%
L3MY6300E,群暗点,20260426,5583,0.42794%,24,0.42988%
L3MY6300F,群暗点,20260421,5479,0.42159%,23,0.41978%
L3MY6300G,群暗点,20260425,5565,0.41746%,23,0.41330%
L3MY6300H,群暗点,20260419,5577,0.51684%,29,0.51999%
L3MY6300J,群暗点,20260421,5495,0.54507%,30,0.54595%
L3MY6300K,群暗点,20260421,5586,0.42750%,24,0.42965%
L3MY6300L,群暗点,20260418,5547,0.58125%,32,0.57689%
L3MY6300M,群暗点,20260422,5548,0.64726%,36,0.64888%
L3MY6300N,群暗点,20260419,5595,0.42109%,24,0.42895%
L3MY6300Q,群暗点,20260418,5557,0.48816%,27,0.48587%
L3MY6300R,群暗点,20260414,5519,0.61065%,34,0.61605%
L3MY6300S,群暗点,20260426,5635,0.56471%,32,0.56788%
L3MY6300T,群暗点,20260420,5472,0.48341%,26,0.47515%
L3MY6300U,群暗点,20260421,5409,0.38992%,21,0.38824%
L3MY6300V,群暗点,20260421,5533,0.53239%,29,0.52413%
L3MY6300W,群暗点,20260421,5552,0.38508%,21,0.37824%
L3MY6300X,群暗点,20260423,5499,0.56472%,31,0.56374%
L3MY6300Y,群暗点,20260418,5587,0.42815%,24,0.42957%
L3MY63010,群暗点,20260418,5572,0.50631%,28,0.50251%
L3MY63012,群暗点,20260423,5622,0.53272%,30,0.53362%
L3MY63013,群暗点,20260426,5384,0.53721%,29,0.53863%
L3MY63014,群暗点,20260425,5433,0.43356%,24,0.44174%
L3MY63015,群暗点,20260419,5510,0.56942%,31,0.56261%
L3MY63016,群暗点,20260419,5623,0.48865%,27,0.48017%
L3MY6301A,群暗点,20260421,5497,0.40095%,22,0.40022%
L3MY6301B,群暗点,20260425,5615,0.54237%,30,0.53428%
L3MY6301C,群暗点,20260418,5600,0.52573%,29,0.51786%
L3MY6301D,群暗点,20260421,5532,0.41409%,23,0.41576%
L3MY6301F,群暗点,20260425,5581,0.44075%,25,0.44795%
L3MY6301G,群暗点,20260426,5596,0.54800%,31,0.55397%
L3MY6301H,群暗点,20260422,5546,0.64558%,36,0.64912%
L3MY6301J,群暗点,20260425,5613,0.46056%,26,0.46321%
L3MY6301Q,群暗点,20260422,5498,0.49831%,27,0.49109%
L3MY6301S,群暗点,20260426,5638,0.59271%,33,0.58531%
L3MY6301U,群暗点,20260424,5619,0.48473%,27,0.48051%
L3MY6301V,群暗点,20260425,5541,0.53807%,30,0.54142%
L3MY6301X,群暗点,20260422,5535,0.58476%,32,0.57814%
L3MY63029,群暗点,20260425,5616,0.50011%,28,0.49858%
L3MY5C002,G向彩色带状Mura,20260126,5584,0.00949%,1,0.01791%
L3MY5C009,G向彩色带状Mura,20260126,5635,0.00902%,1,0.01775%
L3MY5C00A,G向彩色带状Mura,20260126,5255,0.00735%,0,0.00000%
L3MY5C00C,G向彩色带状Mura,20260126,5630,0.00937%,1,0.01776%
L3MY5C00D,G向彩色带状Mura,20260126,5646,0.00969%,1,0.01771%
L3MY5C00E,G向彩色带状Mura,20260126,5617,0.00916%,1,0.01780%
L3MY5C00F,G向彩色带状Mura,20260128,5627,0.00783%,0,0.00000%
L3MY5C00H,G向彩色带状Mura,20260127,5629,0.00761%,0,0.00000%
L3MY5C00L,G向彩色带状Mura,20260129,5644,0.01166%,1,0.01772%
L3MY5C00M,G向彩色带状Mura,20260127,5598,0.00742%,0,0.00000%
L3MY5C00P,G向彩色带状Mura,20260128,5664,0.00687%,0,0.00000%
L3MY5C00Q,G向彩色带状Mura,20260128,5651,0.00737%,0,0.00000%
L3MY5C00S,G向彩色带状Mura,20260130,5624,0.00988%,1,0.01778%
L3MY5C00T,G向彩色带状Mura,20260128,5622,0.00875%,0,0.00000%
L3MY5C00W,G向彩色带状Mura,20260131,5650,0.01515%,1,0.01770%
L3MY5C013,G向彩色带状Mura,20260130,5659,0.01035%,1,0.01767%
L3MY5C016,G向彩色带状Mura,20260131,5667,0.01493%,1,0.01765%
L3MY5C017,G向彩色带状Mura,20260205,5663,0.00625%,0,0.00000%
L3MY5C018,G向彩色带状Mura,20260205,5616,0.00623%,0,0.00000%
L3MY5C01B,G向彩色带状Mura,20260207,5634,0.00846%,0,0.00000%
L3MY5C01H,G向彩色带状Mura,20260305,5650,0.00872%,0,0.00000%
L3MY5C01J,G向彩色带状Mura,20260207,5663,0.01132%,1,0.01766%
L3MY5C01V,G向彩色带状Mura,20260211,5646,0.00997%,1,0.01771%
L3MY5C01Y,G向彩色带状Mura,20260212,5661,0.01173%,1,0.01766%
L3MY5C025,G向彩色带状Mura,20260228,5648,0.01067%,1,0.01771%
L3MY5C028,G向彩色带状Mura,20260305,5650,0.00754%,0,0.00000%
L3MY5C02H,G向彩色带状Mura,20260304,5621,0.01007%,1,0.01779%
L3MY5C02J,G向彩色带状Mura,20260305,5655,0.00916%,1,0.01768%
L3MY6100D,G向彩色带状Mura,20260324,5455,0.00933%,1,0.01833%
L3MY6300L,G向彩色带状Mura,20260418,5547,0.00890%,0,0.00000%
L3MY6300Q,G向彩色带状Mura,20260418,5557,0.01019%,1,0.01800%
L3MY63015,G向彩色带状Mura,20260419,5510,0.01134%,1,0.01815%
L3MY63016,G向彩色带状Mura,20260419,5623,0.01339%,1,0.01778%
L3MY6301B,G向彩色带状Mura,20260425,5615,0.01252%,1,0.01781%
L3MY5C002,G彩短条Mura,20260126,5584,0.03171%,2,0.03582%
L3MY5C005,G彩短条Mura,20260211,5220,0.01942%,1,0.01916%
L3MY5C006,G彩短条Mura,20260127,5657,0.03134%,2,0.03535%
L3MY5C007,G彩短条Mura,20260127,5633,0.02700%,2,0.03551%
L3MY5C009,G彩短条Mura,20260126,5635,0.03232%,2,0.03549%
L3MY5C00A,G彩短条Mura,20260126,5255,0.02973%,2,0.03806%
L3MY5C00B,G彩短条Mura,20260126,5651,0.02944%,2,0.03539%
L3MY5C00C,G彩短条Mura,20260126,5630,0.02878%,2,0.03552%
L3MY5C00E,G彩短条Mura,20260126,5617,0.02664%,1,0.01780%
L3MY5C00F,G彩短条Mura,20260128,5627,0.03318%,2,0.03554%
L3MY5C00G,G彩短条Mura,20260128,5650,0.03373%,2,0.03540%
L3MY5C00H,G彩短条Mura,20260127,5629,0.02950%,2,0.03553%
L3MY5C00K,G彩短条Mura,20260127,5643,0.02235%,1,0.01772%
L3MY5C00L,G彩短条Mura,20260129,5644,0.03897%,2,0.03544%
L3MY5C00M,G彩短条Mura,20260127,5598,0.02890%,2,0.03573%
L3MY5C00N,G彩短条Mura,20260128,5657,0.03298%,2,0.03535%
L3MY5C00P,G彩短条Mura,20260128,5664,0.03288%,2,0.03531%
L3MY5C00T,G彩短条Mura,20260128,5622,0.04112%,2,0.03557%
L3MY5C00V,G彩短条Mura,20260129,5622,0.04752%,3,0.05336%
L3MY5C00W,G彩短条Mura,20260131,5650,0.04251%,2,0.03540%
L3MY5C011,G彩短条Mura,20260211,5544,0.02101%,1,0.01804%
L3MY5C014,G彩短条Mura,20260204,5637,0.01375%,1,0.01774%
L3MY5C016,G彩短条Mura,20260131,5667,0.03101%,2,0.03529%
L3MY5C017,G彩短条Mura,20260205,5663,0.02036%,1,0.01766%
L3MY5C018,G彩短条Mura,20260205,5616,0.02007%,1,0.01781%
L3MY5C019,G彩短条Mura,20260204,5665,0.01451%,1,0.01765%
L3MY5C01D,G彩短条Mura,20260212,5643,0.01902%,1,0.01772%
L3MY5C01E,G彩短条Mura,20260210,5631,0.01391%,1,0.01776%
L3MY5C01F,G彩短条Mura,20260210,5634,0.01357%,1,0.01775%
L3MY5C01H,G彩短条Mura,20260305,5650,0.01784%,1,0.01770%
L3MY5C01J,G彩短条Mura,20260207,5663,0.01498%,1,0.01766%
L3MY5C01K,G彩短条Mura,20260209,5610,0.01534%,1,0.01783%
L3MY5C01N,G彩短条Mura,20260210,5656,0.01669%,1,0.01768%
L3MY5C01Q,G彩短条Mura,20260210,5610,0.01665%,1,0.01783%
L3MY5C01R,G彩短条Mura,20260202,5665,0.01479%,1,0.01765%
L3MY5C01S,G彩短条Mura,20260210,5438,0.01999%,1,0.01839%
L3MY5C01V,G彩短条Mura,20260211,5646,0.02217%,1,0.01771%
L3MY5C01W,G彩短条Mura,20260210,5652,0.01946%,1,0.01769%
L3MY5C01X,G彩短条Mura,20260209,5471,0.01994%,1,0.01828%
L3MY5C01Y,G彩短条Mura,20260212,5661,0.02031%,1,0.01766%
L3MY5C024,G彩短条Mura,20260305,5602,0.01896%,1,0.01785%
L3MY5C025,G彩短条Mura,20260228,5648,0.01859%,1,0.01771%
L3MY5C026,G彩短条Mura,20260227,5664,0.02028%,1,0.01766%
L3MY5C027,G彩短条Mura,20260305,5659,0.01423%,1,0.01767%
L3MY5C028,G彩短条Mura,20260305,5650,0.01603%,1,0.01770%
L3MY5C02A,G彩短条Mura,20260305,5664,0.01584%,1,0.01766%
L3MY5C02C,G彩短条Mura,20260228,5652,0.01605%,1,0.01769%
L3MY5C02E,G彩短条Mura,20260306,5637,0.01135%,1,0.01774%
L3MY5C02H,G彩短条Mura,20260304,5621,0.01623%,1,0.01779%
L3MY5C02L,G彩短条Mura,20260304,5644,0.01310%,1,0.01772%
L3MY61005,G彩短条Mura,20260324,5653,0.01814%,1,0.01769%
L3MY62004,G彩短条Mura,20260325,5259,0.01691%,1,0.01902%
L3MY62006,G彩短条Mura,20260326,5542,0.02024%,1,0.01804%
L3MY62007,G彩短条Mura,20260325,5607,0.01740%,1,0.01783%
L3MY62008,G彩短条Mura,20260326,5629,0.02212%,1,0.01777%
L3MY6200J,G彩短条Mura,20260325,5646,0.01692%,1,0.01771%
L3MY6200L,G彩短条Mura,20260329,5424,0.01303%,1,0.01844%
L3MY6200P,G彩短条Mura,20260329,5651,0.01754%,1,0.01770%
L3MY63002,G彩短条Mura,20260419,5572,0.01868%,1,0.01795%
L3MY63003,G彩短条Mura,20260420,5385,0.01678%,1,0.01857%
L3MY6301B,G彩短条Mura,20260425,5615,0.01843%,1,0.01781%
L3MY5C001,S向棱形彩色带状Mura,20260126,5616,0.02304%,1,0.01781%
L3MY5C002,S向棱形彩色带状Mura,20260126,5584,0.01917%,1,0.01791%
L3MY5C003,S向棱形彩色带状Mura,20260125,5656,0.00000%,0,0.00000%
L3MY5C004,S向棱形彩色带状Mura,20260129,5653,0.02420%,1,0.01769%
L3MY5C006,S向棱形彩色带状Mura,20260127,5657,0.01597%,1,0.01768%
L3MY5C007,S向棱形彩色带状Mura,20260127,5633,0.01846%,1,0.01775%
L3MY5C008,S向棱形彩色带状Mura,20260129,5660,0.02533%,1,0.01767%
L3MY5C009,S向棱形彩色带状Mura,20260126,5635,0.02461%,1,0.01775%
L3MY5C00A,S向棱形彩色带状Mura,20260126,5255,0.02013%,1,0.01903%
L3MY5C00B,S向棱形彩色带状Mura,20260126,5651,0.02207%,1,0.01770%
L3MY5C00C,S向棱形彩色带状Mura,20260126,5630,0.02539%,1,0.01776%
L3MY5C00D,S向棱形彩色带状Mura,20260126,5646,0.01850%,1,0.01771%
L3MY5C00E,S向棱形彩色带状Mura,20260126,5617,0.02576%,1,0.01780%
L3MY5C00F,S向棱形彩色带状Mura,20260128,5627,0.02665%,1,0.01777%
L3MY5C00G,S向棱形彩色带状Mura,20260128,5650,0.02025%,1,0.01770%
L3MY5C00H,S向棱形彩色带状Mura,20260127,5629,0.02299%,1,0.01777%
L3MY5C00J,S向棱形彩色带状Mura,20260130,5654,0.02464%,1,0.01769%
L3MY5C00K,S向棱形彩色带状Mura,20260127,5643,0.02097%,1,0.01772%
L3MY5C00L,S向棱形彩色带状Mura,20260129,5644,0.02058%,1,0.01772%
L3MY5C00M,S向棱形彩色带状Mura,20260127,5598,0.02040%,1,0.01786%
L3MY5C00N,S向棱形彩色带状Mura,20260128,5657,0.02118%,1,0.01768%
L3MY5C00P,S向棱形彩色带状Mura,20260128,5664,0.02580%,1,0.01766%
L3MY5C00Q,S向棱形彩色带状Mura,20260128,5651,0.02563%,1,0.01770%
L3MY5C00R,S向棱形彩色带状Mura,20260130,5448,0.01855%,1,0.01836%
L3MY5C00S,S向棱形彩色带状Mura,20260130,5624,0.01981%,1,0.01778%
L3MY5C00T,S向棱形彩色带状Mura,20260128,5622,0.01973%,1,0.01779%
L3MY5C00U,S向棱形彩色带状Mura,20260129,5633,0.02373%,1,0.01775%
L3MY5C00V,S向棱形彩色带状Mura,20260129,5622,0.02419%,1,0.01779%
L3MY5C00W,S向棱形彩色带状Mura,20260131,5650,0.02177%,1,0.01770%
L3MY5C00X,S向棱形彩色带状Mura,20260129,5651,0.02889%,2,0.03539%
L3MY5C00Z,S向棱形彩色带状Mura,20260130,5629,0.02078%,1,0.01777%
L3MY5C010,S向棱形彩色带状Mura,20260211,5628,0.02667%,2,0.03554%
L3MY5C011,S向棱形彩色带状Mura,20260211,5544,0.02716%,2,0.03608%
L3MY5C014,S向棱形彩色带状Mura,20260204,5637,0.02833%,2,0.03548%
L3MY5C018,S向棱形彩色带状Mura,20260205,5616,0.02817%,2,0.03561%
L3MY5C01H,S向棱形彩色带状Mura,20260305,5650,0.01655%,1,0.01770%
L3MY5C01Q,S向棱形彩色带状Mura,20260210,5610,0.02670%,1,0.01783%
L3MY5C01S,S向棱形彩色带状Mura,20260210,5438,0.02336%,1,0.01839%
L3MY5C01U,S向棱形彩色带状Mura,20260210,5634,0.02173%,1,0.01775%
L3MY5C01V,S向棱形彩色带状Mura,20260211,5646,0.01981%,1,0.01771%
L3MY5C01W,S向棱形彩色带状Mura,20260210,5652,0.02200%,1,0.01769%
L3MY5C024,S向棱形彩色带状Mura,20260305,5602,0.01467%,1,0.01785%
L3MY5C02J,S向棱形彩色带状Mura,20260305,5655,0.02011%,1,0.01768%
L3MY5C02N,S向棱形彩色带状Mura,20260228,5648,0.02100%,1,0.01771%
L3MY61006,S向棱形彩色带状Mura,20260324,5627,0.02277%,1,0.01777%
L3MY61009,S向棱形彩色带状Mura,20260323,5617,0.02509%,1,0.01780%
L3MY6100A,S向棱形彩色带状Mura,20260322,5641,0.02063%,1,0.01773%
L3MY6100J,S向棱形彩色带状Mura,20260324,5597,0.02363%,1,0.01787%
L3MY62007,S向棱形彩色带状Mura,20260325,5607,0.02097%,1,0.01783%
L3MY6200F,S向棱形彩色带状Mura,20260329,5459,0.01824%,1,0.01832%
L3MY6200P,S向棱形彩色带状Mura,20260329,5651,0.01782%,1,0.01770%
L3MY6300B,S向棱形彩色带状Mura,20260419,5496,0.02533%,1,0.01820%
L3MY6300J,S向棱形彩色带状Mura,20260421,5495,0.02135%,1,0.01820%
L3MY6300Q,S向棱形彩色带状Mura,20260418,5557,0.02067%,1,0.01800%
L3MY6300R,S向棱形彩色带状Mura,20260414,5519,0.02328%,1,0.01812%
L3MY63013,S向棱形彩色带状Mura,20260426,5384,0.02242%,1,0.01857%
L3MY5C001,S向边缘Mura,20260126,5616,0.00959%,1,0.01781%
L3MY5C002,S向边缘Mura,20260126,5584,0.00894%,0,0.00000%
L3MY5C005,S向边缘Mura,20260211,5220,0.01098%,1,0.01916%
L3MY5C006,S向边缘Mura,20260127,5657,0.01258%,1,0.01768%
L3MY5C007,S向边缘Mura,20260127,5633,0.01015%,1,0.01775%
L3MY5C00A,S向边缘Mura,20260126,5255,0.00853%,0,0.00000%
L3MY5C00B,S向边缘Mura,20260126,5651,0.00906%,1,0.01770%
L3MY5C00C,S向边缘Mura,20260126,5630,0.00817%,0,0.00000%
L3MY5C00E,S向边缘Mura,20260126,5617,0.00907%,1,0.01780%
L3MY5C00F,S向边缘Mura,20260128,5627,0.01134%,1,0.01777%
L3MY5C00H,S向边缘Mura,20260127,5629,0.01247%,1,0.01777%
L3MY5C00K,S向边缘Mura,20260127,5643,0.00998%,1,0.01772%
L3MY5C00L,S向边缘Mura,20260129,5644,0.01318%,1,0.01772%
L3MY5C00M,S向边缘Mura,20260127,5598,0.01330%,1,0.01786%
L3MY5C00N,S向边缘Mura,20260128,5657,0.01185%,1,0.01768%
L3MY5C00P,S向边缘Mura,20260128,5664,0.01195%,1,0.01766%
L3MY5C00T,S向边缘Mura,20260128,5622,0.01139%,1,0.01779%
L3MY5C00V,S向边缘Mura,20260129,5622,0.01414%,1,0.01779%
L3MY5C00W,S向边缘Mura,20260131,5650,0.01319%,1,0.01770%
L3MY5C011,S向边缘Mura,20260211,5544,0.00920%,1,0.01804%
L3MY5C012,S向边缘Mura,20260211,5658,0.01079%,1,0.01767%
L3MY5C017,S向边缘Mura,20260205,5663,0.01393%,1,0.01766%
L3MY5C018,S向边缘Mura,20260205,5616,0.01122%,1,0.01781%
L3MY5C01C,S向边缘Mura,20260209,5624,0.00741%,0,0.00000%
L3MY5C01D,S向边缘Mura,20260212,5643,0.01127%,1,0.01772%
L3MY5C01F,S向边缘Mura,20260210,5634,0.00928%,1,0.01775%
L3MY5C01J,S向边缘Mura,20260207,5663,0.00870%,0,0.00000%
L3MY5C01L,S向边缘Mura,20260212,5651,0.01000%,1,0.01770%
L3MY5C01M,S向边缘Mura,20260201,5672,0.00949%,1,0.01763%
L3MY5C01N,S向边缘Mura,20260210,5656,0.00855%,0,0.00000%
L3MY5C01P,S向边缘Mura,20260214,5653,0.00000%,0,0.00000%
L3MY5C01Q,S向边缘Mura,20260210,5610,0.00718%,0,0.00000%
L3MY5C01S,S向边缘Mura,20260210,5438,0.00718%,0,0.00000%
L3MY5C01V,S向边缘Mura,20260211,5646,0.00817%,0,0.00000%
L3MY5C01W,S向边缘Mura,20260210,5652,0.00947%,1,0.01769%
L3MY5C01Y,S向边缘Mura,20260212,5661,0.01224%,1,0.01766%
L3MY5C02A,S向边缘Mura,20260305,5664,0.00979%,1,0.01766%
L3MY5C02E,S向边缘Mura,20260306,5637,0.01339%,1,0.01774%
L3MY5C02F,S向边缘Mura,20260305,5651,0.00816%,0,0.00000%
L3MY5C02M,S向边缘Mura,20260305,5635,0.00800%,0,0.00000%
L3MY61001,S向边缘Mura,20260324,5598,0.01373%,1,0.01786%
L3MY61004,S向边缘Mura,20260324,5629,0.01165%,1,0.01777%
L3MY62001,S向边缘Mura,20260325,5641,0.01619%,1,0.01773%
L3MY62005,S向边缘Mura,20260325,5627,0.01440%,1,0.01777%
L3MY62007,S向边缘Mura,20260325,5607,0.01590%,1,0.01783%
L3MY62009,S向边缘Mura,20260414,5396,0.01034%,1,0.01853%
L3MY6200C,S向边缘Mura,20260326,5624,0.02082%,1,0.01778%
L3MY6200P,S向边缘Mura,20260329,5651,0.01626%,1,0.01770%
L3MY5C006,大面积片状彩斑Mura,20260127,5657,0.00468%,0,0.00000%
L3MY5C019,大面积片状彩斑Mura,20260204,5665,0.00000%,0,0.00000%
L3MY5C01K,大面积片状彩斑Mura,20260209,5610,0.00000%,0,0.00000%
L3MY5C01U,大面积片状彩斑Mura,20260210,5634,0.00000%,0,0.00000%
L3MY5C02H,大面积片状彩斑Mura,20260304,5621,0.00000%,0,0.00000%
L3MY61008,大面积片状彩斑Mura,20260325,5632,0.00000%,0,0.00000%
L3MY6300M,大面积片状彩斑Mura,20260422,5548,0.00416%,0,0.00000%
L3MY5C001,彩斑Mura,20260126,5616,0.14387%,8,0.14245%
L3MY5C002,彩斑Mura,20260126,5584,0.16784%,9,0.16117%
L3MY5C003,彩斑Mura,20260125,5656,0.00000%,0,0.00000%
L3MY5C004,彩斑Mura,20260129,5653,0.14634%,8,0.14152%
L3MY5C005,彩斑Mura,20260211,5220,0.10686%,6,0.11494%
L3MY5C006,彩斑Mura,20260127,5657,0.17140%,10,0.17677%
L3MY5C007,彩斑Mura,20260127,5633,0.13148%,7,0.12427%
L3MY5C009,彩斑Mura,20260126,5635,0.12967%,7,0.12422%
L3MY5C00A,彩斑Mura,20260126,5255,0.17292%,9,0.17127%
L3MY5C00B,彩斑Mura,20260126,5651,0.13395%,8,0.14157%
L3MY5C00C,彩斑Mura,20260126,5630,0.17721%,10,0.17762%
L3MY5C00D,彩斑Mura,20260126,5646,0.16027%,9,0.15940%
L3MY5C00E,彩斑Mura,20260126,5617,0.14790%,8,0.14242%
L3MY5C00F,彩斑Mura,20260128,5627,0.12581%,7,0.12440%
L3MY5C00G,彩斑Mura,20260128,5650,0.13443%,8,0.14159%
L3MY5C00H,彩斑Mura,20260127,5629,0.15182%,9,0.15989%
L3MY5C00J,彩斑Mura,20260130,5654,0.17132%,10,0.17687%
L3MY5C00K,彩斑Mura,20260127,5643,0.13764%,8,0.14177%
L3MY5C00L,彩斑Mura,20260129,5644,0.12270%,7,0.12403%
L3MY5C00M,彩斑Mura,20260127,5598,0.16573%,9,0.16077%
L3MY5C00P,彩斑Mura,20260128,5664,0.12883%,7,0.12359%
L3MY5C00Q,彩斑Mura,20260128,5651,0.11127%,6,0.10618%
L3MY5C00R,彩斑Mura,20260130,5448,0.12000%,7,0.12849%
L3MY5C00S,彩斑Mura,20260130,5624,0.15669%,9,0.16003%
L3MY5C00T,彩斑Mura,20260128,5622,0.13911%,8,0.14230%
L3MY5C00U,彩斑Mura,20260129,5633,0.12909%,7,0.12427%
L3MY5C00V,彩斑Mura,20260129,5622,0.13993%,8,0.14230%
L3MY5C00W,彩斑Mura,20260131,5650,0.15523%,9,0.15929%
L3MY5C00X,彩斑Mura,20260129,5651,0.13800%,8,0.14157%
L3MY5C00Y,彩斑Mura,20260201,5655,0.11098%,6,0.10610%
L3MY5C00Z,彩斑Mura,20260130,5629,0.13363%,8,0.14212%
L3MY5C010,彩斑Mura,20260211,5628,0.11936%,7,0.12438%
L3MY5C011,彩斑Mura,20260211,5544,0.11881%,7,0.12626%
L3MY5C012,彩斑Mura,20260211,5658,0.08436%,5,0.08837%
L3MY5C013,彩斑Mura,20260130,5659,0.15556%,9,0.15904%
L3MY5C014,彩斑Mura,20260204,5637,0.11288%,6,0.10644%
L3MY5C015,彩斑Mura,20260211,5352,0.10589%,6,0.11211%
L3MY5C016,彩斑Mura,20260131,5667,0.18054%,10,0.17646%
L3MY5C017,彩斑Mura,20260205,5663,0.10388%,6,0.10595%
L3MY5C018,彩斑Mura,20260205,5616,0.13112%,7,0.12464%
L3MY5C019,彩斑Mura,20260204,5665,0.10928%,6,0.10591%
L3MY5C01A,彩斑Mura,20260211,5648,0.08769%,5,0.08853%
L3MY5C01B,彩斑Mura,20260207,5634,0.09487%,5,0.08875%
L3MY5C01C,彩斑Mura,20260209,5624,0.12513%,7,0.12447%
L3MY5C01D,彩斑Mura,20260212,5643,0.12806%,7,0.12405%
L3MY5C01E,彩斑Mura,20260210,5631,0.10836%,6,0.10655%
L3MY5C01F,彩斑Mura,20260210,5634,0.09096%,5,0.08875%
L3MY5C01G,彩斑Mura,20260210,5637,0.08004%,5,0.08870%
L3MY5C01H,彩斑Mura,20260305,5650,0.08367%,5,0.08850%
L3MY5C01K,彩斑Mura,20260209,5610,0.09848%,6,0.10695%
L3MY5C01L,彩斑Mura,20260212,5651,0.12000%,7,0.12387%
L3MY5C01P,彩斑Mura,20260214,5653,0.10883%,6,0.10614%
L3MY5C01Q,彩斑Mura,20260210,5610,0.08890%,5,0.08913%
L3MY5C01R,彩斑Mura,20260202,5665,0.08842%,5,0.08826%
L3MY5C01S,彩斑Mura,20260210,5438,0.09313%,5,0.09195%
L3MY5C01T,彩斑Mura,20260210,5647,0.09138%,5,0.08854%
L3MY5C01U,彩斑Mura,20260210,5634,0.07619%,4,0.07100%
L3MY5C01V,彩斑Mura,20260211,5646,0.08457%,5,0.08856%
L3MY5C01W,彩斑Mura,20260210,5652,0.10442%,6,0.10616%
L3MY5C01X,彩斑Mura,20260209,5471,0.11216%,6,0.10967%
L3MY5C01Y,彩斑Mura,20260212,5661,0.12519%,7,0.12365%
L3MY5C01Z,彩斑Mura,20260305,5629,0.08591%,5,0.08883%
L3MY5C020,彩斑Mura,20260305,5626,0.08754%,5,0.08887%
L3MY5C021,彩斑Mura,20260227,5630,0.11235%,6,0.10657%
L3MY5C022,彩斑Mura,20260304,5655,0.07001%,4,0.07073%
L3MY5C023,彩斑Mura,20260228,5651,0.10386%,6,0.10618%
L3MY5C024,彩斑Mura,20260305,5602,0.07800%,4,0.07140%
L3MY5C025,彩斑Mura,20260228,5648,0.09127%,5,0.08853%
L3MY5C026,彩斑Mura,20260227,5664,0.09633%,5,0.08828%
L3MY5C027,彩斑Mura,20260305,5659,0.08339%,5,0.08835%
L3MY5C028,彩斑Mura,20260305,5650,0.08576%,5,0.08850%
L3MY5C029,彩斑Mura,20260306,5636,0.07621%,4,0.07097%
L3MY5C02A,彩斑Mura,20260305,5664,0.08917%,5,0.08828%
L3MY5C02B,彩斑Mura,20260228,5646,0.09463%,5,0.08856%
L3MY5C02C,彩斑Mura,20260228,5652,0.09089%,5,0.08846%
L3MY5C02E,彩斑Mura,20260306,5637,0.07884%,4,0.07096%
L3MY5C02F,彩斑Mura,20260305,5651,0.08555%,5,0.08848%
L3MY5C02G,彩斑Mura,20260304,5644,0.05484%,3,0.05315%
L3MY5C02H,彩斑Mura,20260304,5621,0.07707%,4,0.07116%
L3MY5C02K,彩斑Mura,20260305,5646,0.08424%,5,0.08856%
L3MY5C02L,彩斑Mura,20260304,5644,0.07376%,4,0.07087%
L3MY5C02M,彩斑Mura,20260305,5635,0.06138%,3,0.05324%
L3MY5C02N,彩斑Mura,20260228,5648,0.11873%,7,0.12394%
L3MY5C02P,彩斑Mura,20260403,5632,0.06546%,4,0.07102%
L3MY5C02R,彩斑Mura,20260303,5657,0.07539%,4,0.07071%
L3MY5C02S,彩斑Mura,20260304,5650,0.07557%,4,0.07080%
L3MY61001,彩斑Mura,20260324,5598,0.03770%,2,0.03573%
L3MY61002,彩斑Mura,20260324,5630,0.04191%,2,0.03552%
L3MY61003,彩斑Mura,20260324,5484,0.04242%,2,0.03647%
L3MY61005,彩斑Mura,20260324,5653,0.04185%,2,0.03538%
L3MY61006,彩斑Mura,20260324,5627,0.04767%,3,0.05331%
L3MY61007,彩斑Mura,20260324,5257,0.05254%,3,0.05707%
L3MY61008,彩斑Mura,20260325,5632,0.05623%,3,0.05327%
L3MY61009,彩斑Mura,20260323,5617,0.06188%,3,0.05341%
L3MY6100A,彩斑Mura,20260322,5641,0.13620%,8,0.14182%
L3MY6100B,彩斑Mura,20260323,5498,0.04539%,2,0.03638%
L3MY6100C,彩斑Mura,20260325,5653,0.03999%,2,0.03538%
L3MY6100D,彩斑Mura,20260324,5455,0.03622%,2,0.03666%
L3MY6100F,彩斑Mura,20260324,5633,0.04061%,2,0.03551%
L3MY6100G,彩斑Mura,20260325,5651,0.05838%,3,0.05309%
L3MY6100J,彩斑Mura,20260324,5597,0.03998%,2,0.03573%
L3MY62001,彩斑Mura,20260325,5641,0.05164%,3,0.05318%
L3MY62002,彩斑Mura,20260415,5350,0.04112%,2,0.03738%
L3MY62004,彩斑Mura,20260325,5259,0.03967%,2,0.03803%
L3MY62005,彩斑Mura,20260325,5627,0.04927%,3,0.05331%
L3MY62007,彩斑Mura,20260325,5607,0.04201%,2,0.03567%
L3MY62008,彩斑Mura,20260326,5629,0.05555%,3,0.05330%
L3MY62009,彩斑Mura,20260414,5396,0.04430%,2,0.03706%
L3MY6200A,彩斑Mura,20260414,5414,0.03754%,2,0.03694%
L3MY6200B,彩斑Mura,20260415,5427,0.04085%,2,0.03685%
L3MY6200C,彩斑Mura,20260326,5624,0.06986%,4,0.07112%
L3MY6200D,彩斑Mura,20260325,5543,0.03972%,2,0.03608%
L3MY6200F,彩斑Mura,20260329,5459,0.04773%,3,0.05496%
L3MY6200H,彩斑Mura,20260414,5409,0.03908%,2,0.03698%
L3MY6200L,彩斑Mura,20260329,5424,0.05221%,3,0.05531%
L3MY6200M,彩斑Mura,20260414,5396,0.05041%,3,0.05560%
L3MY6200P,彩斑Mura,20260329,5651,0.04667%,3,0.05309%
L3MY6200R,彩斑Mura,20260415,5488,0.05202%,3,0.05466%
L3MY63001,彩斑Mura,20260422,5544,0.07303%,4,0.07215%
L3MY63002,彩斑Mura,20260419,5572,0.05300%,3,0.05384%
L3MY63005,彩斑Mura,20260414,5483,0.04619%,3,0.05471%
L3MY63006,彩斑Mura,20260425,4980,0.06085%,3,0.06024%
L3MY63007,彩斑Mura,20260425,2809,0.06291%,2,0.07120%
L3MY63008,彩斑Mura,20260420,5525,0.07339%,4,0.07240%
L3MY6300A,彩斑Mura,20260420,5582,0.05922%,3,0.05374%
L3MY6300B,彩斑Mura,20260419,5496,0.05243%,3,0.05459%
L3MY6300C,彩斑Mura,20260418,5523,0.05383%,3,0.05432%
L3MY6300E,彩斑Mura,20260426,5583,0.06789%,4,0.07165%
L3MY6300F,彩斑Mura,20260421,5479,0.08689%,5,0.09126%
L3MY6300G,彩斑Mura,20260425,5565,0.06315%,4,0.07188%
L3MY6300H,彩斑Mura,20260419,5577,0.03818%,2,0.03586%
L3MY6300J,彩斑Mura,20260421,5495,0.07089%,4,0.07279%
L3MY6300K,彩斑Mura,20260421,5586,0.06739%,4,0.07161%
L3MY6300L,彩斑Mura,20260418,5547,0.05546%,3,0.05408%
L3MY6300M,彩斑Mura,20260422,5548,0.05853%,3,0.05407%
L3MY6300N,彩斑Mura,20260419,5595,0.04440%,2,0.03575%
L3MY6300Q,彩斑Mura,20260418,5557,0.03864%,2,0.03599%
L3MY6300R,彩斑Mura,20260414,5519,0.04644%,3,0.05436%
L3MY6300S,彩斑Mura,20260426,5635,0.06301%,4,0.07098%
L3MY6300T,彩斑Mura,20260420,5472,0.08075%,4,0.07310%
L3MY6300U,彩斑Mura,20260421,5409,0.08282%,4,0.07395%
L3MY6300V,彩斑Mura,20260421,5533,0.07361%,4,0.07229%
L3MY6300X,彩斑Mura,20260423,5499,0.07306%,4,0.07274%
L3MY6300Y,彩斑Mura,20260418,5587,0.03769%,2,0.03580%
L3MY63010,彩斑Mura,20260418,5572,0.05380%,3,0.05384%
L3MY63013,彩斑Mura,20260426,5384,0.07259%,4,0.07429%
L3MY63015,彩斑Mura,20260419,5510,0.04146%,2,0.03630%
L3MY63016,彩斑Mura,20260419,5623,0.05142%,3,0.05335%
L3MY6301C,彩斑Mura,20260418,5600,0.04835%,3,0.05357%
L3MY6301D,彩斑Mura,20260421,5532,0.07844%,4,0.07231%
L3MY6301F,彩斑Mura,20260425,5581,0.06378%,4,0.07167%
L3MY6301G,彩斑Mura,20260426,5596,0.07552%,4,0.07148%
L3MY6301J,彩斑Mura,20260425,5613,0.06888%,4,0.07126%
L3MY6301U,彩斑Mura,20260424,5619,0.06977%,4,0.07119%
L3MY6301V,彩斑Mura,20260425,5541,0.07047%,4,0.07219%
L3MY63029,彩斑Mura,20260425,5616,0.05954%,3,0.05342%
